bash: warning: setlocale: LC_ALL: cannot change locale (en_US.UTF-8)
Importing module 'gym_38' (/workspace/isaacgym_pkg/isaacgym/python/isaacgym/_bindings/linux-x86_64/gym_38.so)
Setting GYM_USD_PLUG_INFO_PATH to /workspace/isaacgym_pkg/isaacgym/python/isaacgym/_bindings/linux-x86_64/usd/plugInfo.json
PyTorch version 2.4.1+cu121
Device count 1
/workspace/isaacgym_pkg/isaacgym/python/isaacgym/_bindings/src/gymtorch
Gym has been unmaintained since 2022 and does not support NumPy 2.0 amongst other critical functionality.
Please upgrade to Gymnasium, the maintained drop-in replacement of Gym, or contact the authors of your software and request that they upgrade.
See the migration guide at https://gymnasium.farama.org/introduction/migration_guide/ for additional information.
Using /root/.cache/torch_extensions/py38_cu121 as PyTorch extensions root...
Emitting ninja build file /root/.cache/torch_extensions/py38_cu121/gymtorch/build.ninja...
Building extension module gymtorch...
Allowing ninja to set a default number of workers... (overridable by setting the environment variable MAX_JOBS=N)
ninja: no work to do.
Loading extension module gymtorch...
train.py:117: UserWarning: 
The version_base parameter is not specified.
Please specify a compatability version level, or None.
Will assume defaults for version 1.1
  @hydra.main(config_name="config", config_path="./cfg")
/workspace/dextrack-venv/lib/python3.8/site-packages/hydra/_internal/defaults_list.py:251: UserWarning: In 'config': Defaults list is missing `_self_`. See https://hydra.cc/docs/1.2/upgrades/1.0_to_1.1/default_composition_order for more information
  warnings.warn(msg, UserWarning)
/workspace/dextrack-venv/lib/python3.8/site-packages/hydra/_internal/defaults_list.py:415: UserWarning: In config: Invalid overriding of hydra/job_logging:
Default list overrides requires 'override' keyword.
See https://hydra.cc/docs/1.2/upgrades/1.0_to_1.1/defaults_list_override for more information.

  deprecation_warning(msg)
task: 
    name: AllegroHandTrackingGeneralist
    physics_engine: physx
    env: 
        env_name: AllegroHandTrackingGeneralist
        grab_inst_tag_to_opt_stat_fn: /cephfs/xueyi/uni_manip/isaacgym_rl_exp_grab/statistics/obj_type_to_optimized_res.npy
        grab_inst_tag_to_optimized_res_fn: 
        taco_inst_tag_to_optimized_res_fn: 
        object_type_to_latent_feature_fn: ../assets/obj_type_to_obj_feat.npy
        inst_tag_to_latent_feature_fn: ../assets/inst_tag_to_obj_feat.npy
        add_global_movements: False
        add_global_movements_af_step: 369
        schedule_episod_length: False
        episod_length_low: 270
        episod_length_high: 500
        episod_length_warming_up_steps: 130
        episod_length_increasing_steps: 200
        use_actual_traj_length: False
        randomize_reset_frame: False
        add_forece_obs: False
        teacher_model_w_vel_obs: False
        load_chunking_experiences_v2: False
        history_chunking_obs_version: v1
        switch_between_models: False
        switch_to_trans_model_frame_after: 310
        switch_to_trans_model_ckpt_fn: 
        hand_glb_mult_scaling_progress_before: 900
        forecasting_obs_with_original_obs: False
        use_multi_step_control: False
        nn_control_substeps: 10
        add_global_motion_penalty: False
        add_torque_penalty: False
        add_work_penalty: False
        schedule_glb_action_penalty: False
        glb_penalty_low: 0.0003
        glb_penalty_high: 1.0
        glb_penalty_warming_up_steps: 50
        glb_penalty_increasing_steps: 300
        add_hand_targets_smooth: False
        hand_targets_smooth_coef: 0.4
        action_chunking_skip_frames: 1
        multi_inst_chunking: False
        add_obj_features: False
        kine_ed_tag: .npy
        only_rot_axis_guidance: False
        multi_traj_use_joint_order_in_sim: False
        preset_multi_traj_index: -1
        preload_action_targets_fn: 
        preload_action_target_env_idx: 0
        preload_action_start_frame: 190
        use_no_obj_pose: False
        use_actual_prev_targets_in_obs: False
        test_inst_base_traj_tag: 
        distinguish_kine_with_base_traj: False
        more_allegro_stiffness: False
        train_free_hand: False
        tune_hand_pd: False
        simreal_modeling: False
        action_chunking: False
        action_chunking_frames: 1
        distill_via_bc: False
        distill_full_to_partial: False
        bc_style_training: False
        bc_relative_targets: False
        add_physical_params_in_obs: False
        whether_randomize_obs_act: True
        whether_randomize_obs: True
        whether_randomize_act: True
        obs_rand_noise_scale: 100.0
        w_rotation_axis_rew: False
        compute_rot_axis_rew_threshold: 120
        use_vision_obs: False
        reset_obj_mass: False
        obj_mass_reset: 0.27
        recompute_inertia: False
        use_v2_leap_warm_urdf: False
        hand_specific_randomizations: False
        action_specific_randomizations: False
        action_specific_rand_noise_scale: 0.5
        w_traj_modifications: False
        obs_simplified: False
        randomize_obj_init_pos: False
        randomize_obs_more: False
        obj_init_pos_rand_sigma: 0.1
        estimate_vels: False
        train_student_model: False
        ts_teacher_model_obs_dim: 731
        arm_stiffness: 400.0
        arm_effort: 200.0
        arm_damping: 80.0
        closed_loop_to_real: False
        wo_fingertip_pos: False
        wo_fingertip_rot_vel: False
        wo_fingertip_vel: False
        not_use_kine_bias: False
        disable_hand_obj_contact: False
        wo_hand_obj_contact: False
        hand_glb_mult_factor_scaling_coef: 1.0
        hand_glb_mult_scaling_progress_after: 900
        schedule_ornt_rew_coef: False
        lowest_ornt_rew_coef: 0.03
        highest_ornt_rew_coef: 2.0
        ornt_rew_coef_warm_starting_steps: 10
        ornt_rew_coef_increasing_steps: 200
        schedule_hodist_rew_coef: False
        lowest_rew_finger_obj_dist_coef: 0.1
        highest_rew_finger_obj_dist_coef: 0.5
        hodist_rew_coef_warm_starting_steps: 100
        hodist_rew_coef_increasing_steps: 300
        load_kine_info_retar_with_arm: False
        kine_info_with_arm_sv_root: 
        w_finger_pos_rew: False
        hand_qpos_rew_coef: 0.0
        control_arm_via_ik: False
        warm_trans_actions_mult_coef: 0.04
        warm_rot_actions_mult_coef: 0.04
        franka_delta_delta_mult_coef: 1.0
        single_inst_tag: 
        activate_forecaster: True
        open_loop_test: False
        use_multiple_kine_source_trajs: False
        multiple_kine_source_trajs_fn: 
        compute_hand_rew_buf_threshold: 500
        comput_reward_traj_hand_qpos: True
        use_future_ref_as_obs_goal: True
        forecasting_model_inv_freq: 1
        forecast_obj_pos: False
        history_window_size: 60
        glb_feat_per_skip: 1
        centralize_info: False
        forecast_future_freq: 1
        include_obj_rot_in_obs: False
        st_ed_state_cond: False
        use_clip_glb_features: False
        only_use_hand_first_frame: False
        partial_hand_info: False
        partial_obj_info: False
        partial_obj_pos_info: False
        hist_cond_partial_hand_info: False
        hist_cond_partial_obj_info: False
        hist_cond_partial_obj_pos_info: False
        preset_cond_type: 0
        preset_inv_cond_freq: 1
        randomize_conditions: False
        randomize_condition_type: 
        add_contact_conditions: False
        contact_info_sv_root: /cephfs/xueyi/data/GRAB_Tracking_PK_reduced_300_contactflag
        random_shift_cond: False
        random_shift_cond_freq: False
        maxx_inv_cond_freq: 30
        masked_mimic_training: False
        w_history_window_index: True
        use_future_obs: False
        history_freq: 5
        net_type: v4
        w_obj_latent_features: True
        w_inst_latent_features: False
        impedance_stiffness_low: 1.0
        impedance_stiffness_high: 50.0
        w_impedance_bias_control: False
        stiffness_coef: 100.0
        damping_coef: 4.0
        effort_coef: 0.95
        use_forcasting_model: False
        forcasting_model_weights: 
        forcasting_model_n_layers: 7
        w_glb_traj_feat_cond: False
        forcasting_history_ws: 30
        sv_info_during_training: False
        forcasting_model_training: False
        forcasting_model_lr: 0.0001
        forcasting_model_weight_decay: 5e-05
        forcasting_diffusion_model: False
        use_partial_to_complete_model: False
        partial_to_complete_model_weights: 
        wo_vel_obs: False
        w_franka: False
        good_inst_opt_res: 
        early_terminate: False
        use_window_future_selection: False
        use_history_obs: False
        history_length: 5
        forcasting_inv_freq: 1
        use_teacher_model: False
        teacher_model_inst_tags_fn: 
        teacher_index_to_inst_tags: 
        downsample: False
        target_inst_tag_list_fn: 
        customize_damping: True
        customize_global_damping: False
        train_on_all_trajs: True
        base_traj: 
        obj_type_to_base_traj_fn: 
        use_base_traj: False
        use_strict_maxx_nn_ts: True
        strict_maxx_nn_ts: 300
        taco_interped_data_sv_additional_tag: interpfr_60_interpfr2_60_nntrans_40
        grab_obj_type_to_opt_res_fn: 
        taco_obj_type_to_opt_res_fn: 
        only_training_on_succ_samples: False
        rew_smoothness_coef: 0.0
        rew_grab_thres: 100.0
        rew_taco_thres: 50.0
        data_selection_ratio: 1.0
        rew_thres_with_selected_insts: False
        selected_inst_idxes_dict: 
        grab_train_test_setting: True
        maxx_inst_nn: 1
        use_local_canonical_state: True
        object_feat_dim: 256
        tracking_save_info_fn: ./data/GRAB_Tracking_PK_reduced_300/data
        tracking_info_st_tag: passive_active_info_
        use_hand_actions_rew: False
        supervised_training: True
        test_subj_nm: 
        test_inst_tag: ori_grab_s2_cubesmall_inspect_1_nf_300
        test_optimized_res: 
        single_instance_state_based_test: False
        single_instance_state_based_train: True
        sampleds_with_object_code_fn: 
        numEnvs: 1024
        envSpacing: 1.5
        episodeLength: 1000
        enableDebugVis: False
        aggregateMode: 1
        hand_type: allegro
        test: False
        start_frame: 0
        separate_stages: False
        use_fingertips: True
        ground_distance: 0.0
        disable_obj_gravity: False
        right_hand_dist_thres: 0.12
        add_table: False
        table_z_dim: 0.5
        glb_trans_vel_scale: 0.5
        glb_rot_vel_scale: 0.5
        pre_optimized_traj: 
        use_twostage_rew: False
        use_real_twostage_rew: False
        start_grasping_fr: False
        lifting_separate_stages: False
        strict_lifting_separate_stages: False
        hand_pose_guidance_glb_trans_coef: 0.6
        hand_pose_guidance_glb_rot_coef: 0.1
        hand_pose_guidance_fingerpose_coef: 0.1
        use_kinematics_bias: True
        use_kinematics_bias_wdelta: True
        goal_dist_thres: 0.0
        use_taco_obj_traj: True
        rew_finger_obj_dist_coef: 0.3
        rew_delta_hand_pose_coef: 0.5
        rew_obj_pose_coef: 1.0
        tight_obs: False
        use_canonical_state: False
        use_unified_canonical_state: False
        rigid_obj_density: 500.0
        kinematics_only: False
        w_obj_ornt: False
        w_obj_vels: False
        mocap_sv_info_fn: ./data/GRAB_Tracking_PK_reduced_300/data/passive_active_info_ori_grab_s2_cubesmall_inspect_1_nf_300.npy
        object_name: ori_grab_s2_cubesmall_inspect_1_nf_300
        exp_logging_dir: 
        random_prior: True
        random_time: True
        repose_z: False
        goal_cond: False
        object_code_dict: 
            sem/Headphone: [1]
        stiffnessScale: 1.0
        forceLimitScale: 1.0
        useRelativeControl: True
        dofSpeedScale: 20.0
        actionsMovingAverage: 1.0
        controlFrequencyInv: 1
        startPositionNoise: 0.0
        startRotationNoise: 0.0
        resetPositionNoise: 0.0
        resetRotationNoise: 0.0
        resetDofPosRandomInterval: 0.0
        resetDofVelRandomInterval: 0.0
        distRewardScale: 20
        transition_scale: 0.5
        orientation_scale: 0.1
        rotRewardScale: 1.0
        rotEps: 0.1
        actionPenaltyScale: -0.0002
        reachGoalBonus: 250
        fallDistance: 0.4
        fallPenalty: 0.0
        objectType: pot
        observationType: pure_state_wref_wdelta
        handAgentIndex: [[0, 1, 2, 3, 4, 5]]
        asymmetric_observations: False
        successTolerance: 0.1
        printNumSuccesses: False
        maxConsecutiveSuccesses: 0
        asset: 
            assetRoot: ../assets
            assetFileName: mjcf/open_ai_assets/hand/shadow_hand.xml
            assetFileNameBlock: urdf/objects/cube_multicolor.urdf
            assetFileNameBall: urdf/objects/ball.urdf
            assetFileNameEgg: mjcf/open_ai_assets/hand/egg.xml
            assetFileNamePen: mjcf/open_ai_assets/hand/pen.xml
        vision: 
            color: 
                hand: [0.5, 0.5, 0.5]
                object: [1.0, 0.2, 0.2]
                goal: [0.5, 1.0, 0.35]
            pointclouds: 
                numPresample: 65536
                numDownsample: 1024
                numEachPoint: 6
            camera: 
                eye: [[0.0, 0.0, 0.55], [0.5, 0.0, 0.05], [-0.5, 0.0, 0.05], [0.0, 0.5, 0.05], [0.0, -0.5, 0.05]]
                lookat: [[0.01, 0.0, 0.05], [0.0, 0.0, 0.05], [0.0, 0.0, 0.05], [0.0, 0.0, 0.05], [0.0, 0.0, 0.05]]
            probe: 
                num_probes: 0
                width: 256
                height: 256
                eye: [[1.6, 0.0, 2.5]]
                forward: [[-0.8, 0.0, -2.0]]
            bar: 
                x_n: -1
                x_p: 1
                y_n: -1
                y_p: 1
                z_n: 0.51
                z_p: 1.3
                depth: 1.2
    task: 
        randomize: False
        rand_obj_mass_lowest_range: 0.5
        rand_obj_mass_highest_range: 1.5
        randomization_params: 
            frequency: 1000
            observations: 
                range: [0, 0.002]
                range_correlated: [0, 0.001]
                operation: additive
                distribution: gaussian
                schedule: linear
                schedule_steps: 40000
            actions: 
                range: [0.0, 0.05]
                range_correlated: [0, 0.015]
                operation: additive
                distribution: gaussian
                schedule: linear
                schedule_steps: 40000
            sim_params: 
                gravity: 
                    range: [0, 0.4]
                    operation: additive
                    distribution: gaussian
                    schedule: linear
                    schedule_steps: 40000
            actor_params: 
                hand: 
                    color: False
                    dof_properties: 
                        damping: 
                            range: [0.3, 3.0]
                            operation: scaling
                            distribution: loguniform
                            schedule: linear
                            schedule_steps: 30000
                        stiffness: 
                            range: [0.75, 1.5]
                            operation: scaling
                            distribution: loguniform
                            schedule: linear
                            schedule_steps: 30000
                        lower: 
                            range: [0, 0.01]
                            operation: additive
                            distribution: gaussian
                            schedule: linear
                            schedule_steps: 30000
                        upper: 
                            range: [0, 0.01]
                            operation: additive
                            distribution: gaussian
                            schedule: linear
                            schedule_steps: 30000
                    rigid_body_properties: 
                        mass: 
                            range: [0.5, 1.5]
                            operation: scaling
                            distribution: uniform
                            schedule: linear
                            schedule_steps: 30000
                    rigid_shape_properties: 
                        friction: 
                            num_buckets: 250
                            range: [0.7, 1.3]
                            operation: scaling
                            distribution: uniform
                            schedule: linear
                            schedule_steps: 30000
                object: 
                    rigid_body_properties: 
                        mass: 
                            range: [0.5, 1.5]
                            operation: scaling
                            distribution: uniform
                            schedule: linear
                            schedule_steps: 30000
                    rigid_shape_properties: 
                        friction: 
                            num_buckets: 250
                            range: [0.7, 1.3]
                            operation: scaling
                            distribution: uniform
                            schedule: linear
                            schedule_steps: 30000
    sim: 
        dt: 0.0166
        substeps: 2
        use_gpu_pipeline: True
        up_axis: z
        gravity: [0.0, 0.0, -9.81]
        physx: 
            num_threads: 4
            solver_type: 1
            num_position_iterations: 8
            num_velocity_iterations: 0
            contact_offset: 0.002
            rest_offset: 0.0
            bounce_threshold_velocity: 0.2
            max_depenetration_velocity: 1000.0
            default_buffer_size_multiplier: 5.0
        flex: 
            num_outer_iterations: 5
            num_inner_iterations: 20
            warm_start: 0.8
            relaxation: 0.75
    test: False
train: 
    params: 
        seed: 42
        algo: 
            name: a2c_continuous_supervised
        model: 
            name: continuous_a2c_logstd
        network: 
            name: actor_critic
            separate: False
            space: 
                continuous: 
                    mu_activation: None
                    sigma_activation: None
                    mu_init: 
                        name: default
                    sigma_init: 
                        name: const_initializer
                        val: 0
                    fixed_sigma: True
            mlp: 
                units: [1024, 512, 256, 128]
                activation: elu
                d2rl: False
                initializer: 
                    name: default
                regularizer: 
                    name: None
        load_checkpoint: False
        load_path: 
        config: 
            forecasting_obs_with_original_obs: False
            test_inst_tag: ori_grab_s2_cubesmall_inspect_1_nf_300
            add_obj_features: False
            traj_idx_to_experience_sv_folder: 
            history_chunking_obs_version: v1
            load_chunking_experiences_from_real: False
            use_transformer_model: False
            switch_between_models: False
            switch_to_trans_model_frame_after: 310
            switch_to_trans_model_ckpt_fn: 
            history_length: 5
            target_inst_tag_list_fn: 
            teacher_subj_idx: 2
            action_chunking: False
            action_chunking_frames: 1
            bc_relative_targets: False
            action_chunking_skip_frames: 1
            distill_via_bc: False
            load_chunking_experiences_v2: False
            save_experiences_via_ts: False
            simreal_modeling: False
            demonstration_tuning_model: False
            demonstration_tuning_model_freq: 1
            distill_delta_targets: False
            record_for_distill_to_ctlv2: False
            preload_all_saved_exp_buffers: False
            load_experiences_maxx_ts: 600
            bc_style_training: False
            use_no_obj_pose: False
            train_student_model: False
            ts_teacher_model_obs_dim: 731
            ts_teacher_model_weights_fn: 
            dagger_style_training: False
            rollout_student_model: True
            rollout_teacher_model: False
            masked_mimic_training: False
            masked_mimic_teacher_model_path: 
            maxx_inst_nn: 1
            use_world_model: False
            train_controller: False
            train_forecasting_model: False
            forecasting_model_weight_fn: 
            forecasting_obs_dim: 797
            forecasting_act_dim: 29
            forecasting_nn_frames: 10
            w_franka: False
            use_teacher_model: False
            teacher_model_path: 
            teacher_index_to_weights: 
            grab_obj_type_to_opt_res_fn: 
            taco_obj_type_to_opt_res_fn: 
            supervised_loss_coef: 0.0
            pure_supervised_training: False
            single_instance_tag: 
            obj_type_to_optimized_res_fn: 
            train_dir: ./logs/scratch_cube_scratch
            log_path: ./logs/scratch_cube_scratch
            training_mode: regular
            record_experiences: False
            name: tracking_ori_grab_s2_cubesmall_inspect_1_nf_300_obs_pure_state_wref_wdelta_density_500.0_trans_0.5_rot_0.5_goalcond_False_
            preload_experiences_tf: False
            preload_experiences_path: 
            single_instance_training: True
            single_instance_state_based_train: False
            full_experiment_name: tracking_ori_grab_s2_cubesmall_inspect_1_nf_300_obs_pure_state_wref_wdelta_density_500.0_trans_0.5_rot_0.5_goalcond_False_
            env_name: rlgpu
            multi_gpu: False
            mixed_precision: True
            normalize_input: True
            normalize_value: True
            value_bootstrap: True
            num_actors: 1024
            reward_shaper: 
                scale_value: 0.01
            normalize_advantage: True
            gamma: 0.99
            tau: 0.95
            learning_rate: 0.0005
            lr_schedule: adaptive
            kl_threshold: 0.008
            score_to_win: 20000
            max_epochs: 3000
            save_best_after: 50
            save_frequency: 200
            print_stats: True
            grad_norm: 1.0
            entropy_coef: 0.0
            truncate_grads: True
            ppo: True
            e_clip: 0.2
            horizon_length: 32
            minibatch_size: 1024
            mini_epochs: 5
            critic_coef: 4
            clip_value: True
            seq_len: 4
            bounds_loss_coef: 0.0
pbt: 
    enabled: False
task_name: AllegroHandTrackingGeneralist
experiment: 
num_envs: 
seed: 42
torch_deterministic: False
max_iterations: 
enableCameraSensors: False
physics_engine: physx
pipeline: gpu
sim_device: cuda:0
rl_device: cuda:0
graphics_device_id: -1
num_threads: 4
solver_type: 1
num_subscenes: 4
test: False
checkpoint: 
sigma: 
multi_gpu: False
wandb_activate: False
wandb_group: 
wandb_name: tracking_ori_grab_s2_cubesmall_inspect_1_nf_300_obs_pure_state_wref_wdelta_density_500.0_trans_0.5_rot_0.5_goalcond_False_
wandb_entity: 
wandb_project: isaacgymenvs
wandb_tags: []
wandb_logcode_dir: 
capture_video: False
capture_video_freq: 1464
capture_video_len: 300
force_render: False
render_mode: ansi
exp_dir: .
tag: tracking_ori_grab_s2_cubesmall_inspect_1_nf_300
headless: True
two_hands: True
scaled_object_asset_file: arctic_microwave_wcollision.urdf
gt_data_fn: /home/xueyi/diffsim/Control-VAE/ReferenceData/shadow_arctic_s06_microwave_data_v3_opt2.npy
Setting seed: 42
Using rl_device: cuda:0
Using sim_device: cuda:0
{'forecasting_obs_with_original_obs': False, 'test_inst_tag': 'ori_grab_s2_cubesmall_inspect_1_nf_300', 'add_obj_features': False, 'traj_idx_to_experience_sv_folder': '', 'history_chunking_obs_version': 'v1', 'load_chunking_experiences_from_real': False, 'use_transformer_model': False, 'switch_between_models': False, 'switch_to_trans_model_frame_after': 310, 'switch_to_trans_model_ckpt_fn': '', 'history_length': 5, 'target_inst_tag_list_fn': '', 'teacher_subj_idx': 2, 'action_chunking': False, 'action_chunking_frames': 1, 'bc_relative_targets': False, 'action_chunking_skip_frames': 1, 'distill_via_bc': False, 'load_chunking_experiences_v2': False, 'save_experiences_via_ts': False, 'simreal_modeling': False, 'demonstration_tuning_model': False, 'demonstration_tuning_model_freq': 1, 'distill_delta_targets': False, 'record_for_distill_to_ctlv2': False, 'preload_all_saved_exp_buffers': False, 'load_experiences_maxx_ts': 600, 'bc_style_training': False, 'use_no_obj_pose': False, 'train_student_model': False, 'ts_teacher_model_obs_dim': 731, 'ts_teacher_model_weights_fn': '', 'dagger_style_training': False, 'rollout_student_model': True, 'rollout_teacher_model': False, 'masked_mimic_training': False, 'masked_mimic_teacher_model_path': '', 'maxx_inst_nn': 1, 'use_world_model': False, 'train_controller': False, 'train_forecasting_model': False, 'forecasting_model_weight_fn': '', 'forecasting_obs_dim': 797, 'forecasting_act_dim': 29, 'forecasting_nn_frames': 10, 'w_franka': False, 'use_teacher_model': False, 'teacher_model_path': '', 'teacher_index_to_weights': '', 'grab_obj_type_to_opt_res_fn': '', 'taco_obj_type_to_opt_res_fn': '', 'supervised_loss_coef': 0.0, 'pure_supervised_training': False, 'single_instance_tag': '', 'obj_type_to_optimized_res_fn': '', 'train_dir': './logs/scratch_cube_scratch', 'log_path': './logs/scratch_cube_scratch', 'training_mode': 'regular', 'record_experiences': False, 'name': 'tracking_ori_grab_s2_cubesmall_inspect_1_nf_300_obs_pure_state_wref_wdelta_density_500.0_trans_0.5_rot_0.5_goalcond_False_', 'preload_experiences_tf': False, 'preload_experiences_path': '', 'single_instance_training': True, 'single_instance_state_based_train': False, 'full_experiment_name': None, 'env_name': 'rlgpu', 'multi_gpu': False, 'mixed_precision': True, 'normalize_input': True, 'normalize_value': True, 'value_bootstrap': True, 'num_actors': 1024, 'reward_shaper': {'scale_value': 0.01}, 'normalize_advantage': True, 'gamma': 0.99, 'tau': 0.95, 'learning_rate': 0.0005, 'lr_schedule': 'adaptive', 'kl_threshold': 0.008, 'score_to_win': 20000, 'max_epochs': 3000, 'save_best_after': 50, 'save_frequency': 200, 'print_stats': True, 'grad_norm': 1.0, 'entropy_coef': 0.0, 'truncate_grads': True, 'ppo': True, 'e_clip': 0.2, 'horizon_length': 32, 'minibatch_size': 1024, 'mini_epochs': 5, 'critic_coef': 4, 'clip_value': True, 'seq_len': 4, 'bounds_loss_coef': 0.0, 'device': 'cuda:0', 'population_based_training': False, 'pbt_idx': None}
self.seed = 42
Started to train
Averaging factor:  0.01
right_hand_dist_thres: 0.12
[INFO] train_student_model: False
grab_inst_tag_to_optimized_res_fn: ['']
tracking_save_info_fn: ./data/GRAB_Tracking_PK_reduced_300/data
Get all grab tags with grab_inst_tags: 1269
grab_inst_tag_to_opt_res: 1071
Loaded inst_tag_to_optimized_res with number of total instances 1071
test_inst_tag: ori_grab_s2_cubesmall_inspect_1_nf_300, test_optimized_res: 
[Debug] Loading ('ori_grab_s10_cup_drink_2_nf_300', 'ori_grab_s10_cup_drink_2_nf_300')
[Debug] Loading ('ori_grab_s10_airplane_fly_1_nf_300', 'ori_grab_s10_airplane_fly_1_nf_300')
[Debug] Loading ('ori_grab_s10_cup_drink_1_nf_300', 'ori_grab_s10_cup_drink_1_nf_300')
[Debug] Loading ('ori_grab_s10_airplane_lift_nf_300', 'ori_grab_s10_airplane_lift_nf_300')
[Debug] Loading ('ori_grab_s10_cup_lift_nf_300', 'ori_grab_s10_cup_lift_nf_300')
[Debug] Loading ('ori_grab_s10_airplane_pass_1_nf_300', 'ori_grab_s10_airplane_pass_1_nf_300')
[Debug] Loading ('ori_grab_s10_cubelarge_lift_nf_300', 'ori_grab_s10_cubelarge_lift_nf_300')
[Debug] Loading ('ori_grab_s10_alarmclock_lift_Retake_nf_300', 'ori_grab_s10_alarmclock_lift_Retake_nf_300')
[Debug] Loading ('ori_grab_s10_cubelarge_inspect_1_nf_300', 'ori_grab_s10_cubelarge_inspect_1_nf_300')
[Debug] Loading ('ori_grab_s10_alarmclock_pass_1_nf_300', 'ori_grab_s10_alarmclock_pass_1_nf_300')
[Debug] Loading ('ori_grab_s10_cup_pass_1_nf_300', 'ori_grab_s10_cup_pass_1_nf_300')
[Debug] Loading ('ori_grab_s10_alarmclock_see_1_nf_300', 'ori_grab_s10_alarmclock_see_1_nf_300')
[Debug] Loading ('ori_grab_s10_cup_pour_1_nf_300', 'ori_grab_s10_cup_pour_1_nf_300')
[Debug] Loading ('ori_grab_s10_apple_eat_1_nf_300', 'ori_grab_s10_apple_eat_1_nf_300')
[Debug] Loading ('ori_grab_s10_cylinderlarge_lift_nf_300', 'ori_grab_s10_cylinderlarge_lift_nf_300')
[Debug] Loading ('ori_grab_s10_apple_pass_1_nf_300', 'ori_grab_s10_apple_pass_1_nf_300')
[Debug] Loading ('ori_grab_s10_cylinderlarge_inspect_1_nf_300', 'ori_grab_s10_cylinderlarge_inspect_1_nf_300')
[Debug] Loading ('ori_grab_s10_banana_eat_1_nf_300', 'ori_grab_s10_banana_eat_1_nf_300')
[Debug] Loading ('ori_grab_s10_cylindermedium_inspect_1_nf_300', 'ori_grab_s10_cylindermedium_inspect_1_nf_300')
[Debug] Loading ('ori_grab_s10_banana_lift_nf_300', 'ori_grab_s10_banana_lift_nf_300')
[Debug] Loading ('ori_grab_s10_cylindermedium_pass_1_nf_300', 'ori_grab_s10_cylindermedium_pass_1_nf_300')
[Debug] Loading ('ori_grab_s10_banana_pass_1_nf_300', 'ori_grab_s10_banana_pass_1_nf_300')
[Debug] Loading ('ori_grab_s10_cylindersmall_inspect_1_nf_300', 'ori_grab_s10_cylindersmall_inspect_1_nf_300')
[Debug] Loading ('ori_grab_s10_banana_peel_1_nf_300', 'ori_grab_s10_banana_peel_1_nf_300')
[Debug] Loading ('ori_grab_s10_cylindersmall_pass_1_nf_300', 'ori_grab_s10_cylindersmall_pass_1_nf_300')
[Debug] Loading ('ori_grab_s10_banana_peel_2_nf_300', 'ori_grab_s10_banana_peel_2_nf_300')
[Debug] Loading ('ori_grab_s10_doorknob_use_1_nf_300', 'ori_grab_s10_doorknob_use_1_nf_300')
[Debug] Loading ('ori_grab_s10_binoculars_lift_nf_300', 'ori_grab_s10_binoculars_lift_nf_300')
[Debug] Loading ('ori_grab_s10_cubemedium_inspect_1_nf_300', 'ori_grab_s10_cubemedium_inspect_1_nf_300')
[Debug] Loading ('ori_grab_s10_binoculars_pass_1_nf_300', 'ori_grab_s10_binoculars_pass_1_nf_300')
[Debug] Loading ('ori_grab_s10_doorknob_lift_nf_300', 'ori_grab_s10_doorknob_lift_nf_300')
[Debug] Loading ('ori_grab_s10_binoculars_see_1_nf_300', 'ori_grab_s10_binoculars_see_1_nf_300')
[Debug] Loading ('ori_grab_s10_cubemedium_lift_nf_300', 'ori_grab_s10_cubemedium_lift_nf_300')
[Debug] Loading ('ori_grab_s10_bowl_drink_1_Retake_nf_300', 'ori_grab_s10_bowl_drink_1_Retake_nf_300')
[Debug] Loading ('ori_grab_s10_doorknob_use_2_nf_300', 'ori_grab_s10_doorknob_use_2_nf_300')
[Debug] Loading ('ori_grab_s10_bowl_drink_2_nf_300', 'ori_grab_s10_bowl_drink_2_nf_300')
[Debug] Loading ('ori_grab_s10_duck_pass_1_nf_300', 'ori_grab_s10_duck_pass_1_nf_300')
[Debug] Loading ('ori_grab_s10_bowl_lift_nf_300', 'ori_grab_s10_bowl_lift_nf_300')
[Debug] Loading ('ori_grab_s10_eyeglasses_wear_1_nf_300', 'ori_grab_s10_eyeglasses_wear_1_nf_300')
[Debug] Loading ('ori_grab_s10_camera_browse_1_nf_300', 'ori_grab_s10_camera_browse_1_nf_300')
[Debug] Loading ('ori_grab_s10_elephant_inspect_1_nf_300', 'ori_grab_s10_elephant_inspect_1_nf_300')
[Debug] Loading ('ori_grab_s10_camera_pass_1_nf_300', 'ori_grab_s10_camera_pass_1_nf_300')
[Debug] Loading ('ori_grab_s10_cubemedium_pass_1_nf_300', 'ori_grab_s10_cubemedium_pass_1_nf_300')
[Debug] Loading ('ori_grab_s10_camera_takepicture_1_nf_300', 'ori_grab_s10_camera_takepicture_1_nf_300')
[Debug] Loading ('ori_grab_s10_cubesmall_inspect_1_nf_300', 'ori_grab_s10_cubesmall_inspect_1_nf_300')
[Debug] Loading ('ori_grab_s10_camera_takepicture_2_nf_300', 'ori_grab_s10_camera_takepicture_2_nf_300')
[Debug] Loading ('ori_grab_s10_cubesmall_lift_nf_300', 'ori_grab_s10_cubesmall_lift_nf_300')
[Debug] Loading ('ori_grab_s10_camera_takepicture_3_nf_300', 'ori_grab_s10_camera_takepicture_3_nf_300')
[Debug] Loading ('ori_grab_s10_cubelarge_pass_1_nf_300', 'ori_grab_s10_cubelarge_pass_1_nf_300')
[Debug] Loading ('ori_grab_s10_gamecontroller_lift_nf_300', 'ori_grab_s10_gamecontroller_lift_nf_300')
[Debug] Loading ('ori_grab_s10_cubesmall_pass_1_nf_300', 'ori_grab_s10_cubesmall_pass_1_nf_300')
[Debug] Loading ('ori_grab_s10_flashlight_on_1_nf_300', 'ori_grab_s10_flashlight_on_1_nf_300')
[Debug] Loading ('ori_grab_s10_flashlight_on_2_nf_300', 'ori_grab_s10_flashlight_on_2_nf_300')
[Debug] Loading ('ori_grab_s10_flute_pass_1_nf_300', 'ori_grab_s10_flute_pass_1_nf_300')
[Debug] Loading ('ori_grab_s10_flute_play_1_nf_300', 'ori_grab_s10_flute_play_1_nf_300')
[Debug] Loading ('ori_grab_s10_fryingpan_cook_1_nf_300', 'ori_grab_s10_fryingpan_cook_1_nf_300')
[Debug] Loading ('ori_grab_s10_fryingpan_cook_2_nf_300', 'ori_grab_s10_fryingpan_cook_2_nf_300')
[Debug] Loading ('ori_grab_s10_gamecontroller_pass_1_nf_300', 'ori_grab_s10_gamecontroller_pass_1_nf_300')
[Debug] Loading ('ori_grab_s10_mug_toast_1_nf_300', 'ori_grab_s10_mug_toast_1_nf_300')
[Debug] Loading ('ori_grab_s10_gamecontroller_play_1_nf_300', 'ori_grab_s10_gamecontroller_play_1_nf_300')
[Debug] Loading ('ori_grab_s10_piggybank_pass_1_nf_300', 'ori_grab_s10_piggybank_pass_1_nf_300')
[Debug] Loading ('ori_grab_s10_hammer_lift_nf_300', 'ori_grab_s10_hammer_lift_nf_300')
[Debug] Loading ('ori_grab_s10_piggybank_use_1_nf_300', 'ori_grab_s10_piggybank_use_1_nf_300')
[Debug] Loading ('ori_grab_s10_hammer_use_1_nf_300', 'ori_grab_s10_hammer_use_1_nf_300')
[Debug] Loading ('ori_grab_s10_pyramidlarge_pass_1_nf_300', 'ori_grab_s10_pyramidlarge_pass_1_nf_300')
[Debug] Loading ('ori_grab_s10_hammer_use_2_nf_300', 'ori_grab_s10_hammer_use_2_nf_300')
[Debug] Loading ('ori_grab_s10_pyramidmedium_inspect_1_nf_300', 'ori_grab_s10_pyramidmedium_inspect_1_nf_300')
[Debug] Loading ('ori_grab_s10_hammer_use_3_nf_300', 'ori_grab_s10_hammer_use_3_nf_300')
[Debug] Loading ('ori_grab_s10_pyramidmedium_lift_nf_300', 'ori_grab_s10_pyramidmedium_lift_nf_300')
[Debug] Loading ('ori_grab_s10_hand_inspect_1_nf_300', 'ori_grab_s10_hand_inspect_1_nf_300')
[Debug] Loading ('ori_grab_s10_pyramidmedium_pass_1_nf_300', 'ori_grab_s10_pyramidmedium_pass_1_nf_300')
[Debug] Loading ('ori_grab_s10_hand_lift_nf_300', 'ori_grab_s10_hand_lift_nf_300')
[Debug] Loading ('ori_grab_s10_pyramidsmall_inspect_1_nf_300', 'ori_grab_s10_pyramidsmall_inspect_1_nf_300')
[Debug] Loading ('ori_grab_s10_hand_pass_1_nf_300', 'ori_grab_s10_hand_pass_1_nf_300')
[Debug] Loading ('ori_grab_s10_scissors_pass_1_nf_300', 'ori_grab_s10_scissors_pass_1_nf_300')
[Debug] Loading ('ori_grab_s10_hand_shake_1_nf_300', 'ori_grab_s10_hand_shake_1_nf_300')
[Debug] Loading ('ori_grab_s10_scissors_use_1_nf_300', 'ori_grab_s10_scissors_use_1_nf_300')
[Debug] Loading ('ori_grab_s10_headphones_lift_nf_300', 'ori_grab_s10_headphones_lift_nf_300')
[Debug] Loading ('ori_grab_s10_phone_call_1_nf_300', 'ori_grab_s10_phone_call_1_nf_300')
[Debug] Loading ('ori_grab_s10_headphones_pass_1_nf_300', 'ori_grab_s10_headphones_pass_1_nf_300')
[Debug] Loading ('ori_grab_s10_spherelarge_inspect_1_nf_300', 'ori_grab_s10_spherelarge_inspect_1_nf_300')
[Debug] Loading ('ori_grab_s10_headphones_use_1_nf_300', 'ori_grab_s10_headphones_use_1_nf_300')
[Debug] Loading ('ori_grab_s10_spherelarge_lift_nf_300', 'ori_grab_s10_spherelarge_lift_nf_300')
[Debug] Loading ('ori_grab_s10_knife_chop_1_nf_300', 'ori_grab_s10_knife_chop_1_nf_300')
[Debug] Loading ('ori_grab_s10_spheremedium_inspect_1_nf_300', 'ori_grab_s10_spheremedium_inspect_1_nf_300')
[Debug] Loading ('ori_grab_s10_knife_peel_1_nf_300', 'ori_grab_s10_knife_peel_1_nf_300')
[Debug] Loading ('ori_grab_s10_spheremedium_lift_nf_300', 'ori_grab_s10_spheremedium_lift_nf_300')
[Debug] Loading ('ori_grab_s10_lightbulb_pass_1_nf_300', 'ori_grab_s10_lightbulb_pass_1_nf_300')
[Debug] Loading ('ori_grab_s10_phone_lift_nf_300', 'ori_grab_s10_phone_lift_nf_300')
[Debug] Loading ('ori_grab_s10_lightbulb_screw_1_nf_300', 'ori_grab_s10_lightbulb_screw_1_nf_300')
[Debug] Loading ('ori_grab_s10_spheremedium_pass_1_nf_300', 'ori_grab_s10_spheremedium_pass_1_nf_300')
[Debug] Loading ('ori_grab_s10_mouse_lift_nf_300', 'ori_grab_s10_mouse_lift_nf_300')
[Debug] Loading ('ori_grab_s10_spheresmall_inspect_1_nf_300', 'ori_grab_s10_spheresmall_inspect_1_nf_300')
[Debug] Loading ('ori_grab_s10_mouse_use_1_nf_300', 'ori_grab_s10_mouse_use_1_nf_300')
[Debug] Loading ('ori_grab_s10_spheresmall_pass_1_nf_300', 'ori_grab_s10_spheresmall_pass_1_nf_300')
[Debug] Loading ('ori_grab_s10_mug_drink_1_nf_300', 'ori_grab_s10_mug_drink_1_nf_300')
[Debug] Loading ('ori_grab_s10_stamp_lift_nf_300', 'ori_grab_s10_stamp_lift_nf_300')
[Debug] Loading ('ori_grab_s10_mug_drink_2_nf_300', 'ori_grab_s10_mug_drink_2_nf_300')
[Debug] Loading ('ori_grab_s10_stamp_stamp_1_nf_300', 'ori_grab_s10_stamp_stamp_1_nf_300')
[Debug] Loading ('ori_grab_s10_mug_lift_nf_300', 'ori_grab_s10_mug_lift_nf_300')
[Debug] Loading ('ori_grab_s10_stamp_pass_1_nf_300', 'ori_grab_s10_stamp_pass_1_nf_300')
[Debug] Loading ('ori_grab_s10_mug_pass_1_nf_300', 'ori_grab_s10_mug_pass_1_nf_300')
[Debug] Loading ('ori_grab_s10_stanfordbunny_inspect_1_nf_300', 'ori_grab_s10_stanfordbunny_inspect_1_nf_300')
[Debug] Loading ('ori_grab_s10_stanfordbunny_lift_nf_300', 'ori_grab_s10_stanfordbunny_lift_nf_300')
[Debug] Loading ('ori_grab_s10_stanfordbunny_pass_1_nf_300', 'ori_grab_s10_stanfordbunny_pass_1_nf_300')
[Debug] Loading ('ori_grab_s10_stapler_lift_nf_300', 'ori_grab_s10_stapler_lift_nf_300')
[Debug] Loading ('ori_grab_s10_stapler_pass_1_nf_300', 'ori_grab_s10_stapler_pass_1_nf_300')
[Debug] Loading ('ori_grab_s10_stapler_staple_1_nf_300', 'ori_grab_s10_stapler_staple_1_nf_300')
[Debug] Loading ('ori_grab_s10_stapler_staple_2_nf_300', 'ori_grab_s10_stapler_staple_2_nf_300')
[Debug] Loading ('ori_grab_s10_teapot_pass_1_nf_300', 'ori_grab_s10_teapot_pass_1_nf_300')
[Debug] Loading ('ori_grab_s10_teapot_pour_1_nf_300', 'ori_grab_s10_teapot_pour_1_nf_300')
[Debug] Loading ('ori_grab_s10_teapot_pour_2_nf_300', 'ori_grab_s10_teapot_pour_2_nf_300')
[Debug] Loading ('ori_grab_s10_toothpaste_lift_nf_300', 'ori_grab_s10_toothpaste_lift_nf_300')
[Debug] Loading ('ori_grab_s10_toothpaste_squeeze_1_nf_300', 'ori_grab_s10_toothpaste_squeeze_1_nf_300')
[Debug] Loading ('ori_grab_s10_toothpaste_squeeze_2_nf_300', 'ori_grab_s10_toothpaste_squeeze_2_nf_300')
[Debug] Loading ('ori_grab_s10_toruslarge_inspect_1_nf_300', 'ori_grab_s10_toruslarge_inspect_1_nf_300')
[Debug] Loading ('ori_grab_s10_toruslarge_lift_nf_300', 'ori_grab_s10_toruslarge_lift_nf_300')
[Debug] Loading ('ori_grab_s10_toruslarge_pass_1_nf_300', 'ori_grab_s10_toruslarge_pass_1_nf_300')
[Debug] Loading ('ori_grab_s10_torusmedium_inspect_1_nf_300', 'ori_grab_s10_torusmedium_inspect_1_nf_300')
[Debug] Loading ('ori_grab_s10_torusmedium_lift_nf_300', 'ori_grab_s10_torusmedium_lift_nf_300')
[Debug] Loading ('ori_grab_s10_torussmall_inspect_1_nf_300', 'ori_grab_s10_torussmall_inspect_1_nf_300')
[Debug] Loading ('ori_grab_s10_torussmall_lift_nf_300', 'ori_grab_s10_torussmall_lift_nf_300')
[Debug] Loading ('ori_grab_s10_torussmall_pass_1_nf_300', 'ori_grab_s10_torussmall_pass_1_nf_300')
[Debug] Loading ('ori_grab_s10_train_lift_nf_300', 'ori_grab_s10_train_lift_nf_300')
[Debug] Loading ('ori_grab_s10_train_pass_1_nf_300', 'ori_grab_s10_train_pass_1_nf_300')
[Debug] Loading ('ori_grab_s10_train_play_1_nf_300', 'ori_grab_s10_train_play_1_nf_300')
[Debug] Loading ('ori_grab_s10_watch_pass_1_nf_300', 'ori_grab_s10_watch_pass_1_nf_300')
[Debug] Loading ('ori_grab_s10_waterbottle_drink_1_nf_300', 'ori_grab_s10_waterbottle_drink_1_nf_300')
[Debug] Loading ('ori_grab_s10_waterbottle_pass_1_nf_300', 'ori_grab_s10_waterbottle_pass_1_nf_300')
[Debug] Loading ('ori_grab_s10_waterbottle_pour_1_nf_300', 'ori_grab_s10_waterbottle_pour_1_nf_300')
[Debug] Loading ('ori_grab_s10_wineglass_drink_1_nf_300', 'ori_grab_s10_wineglass_drink_1_nf_300')
[Debug] Loading ('ori_grab_s10_wineglass_drink_2_nf_300', 'ori_grab_s10_wineglass_drink_2_nf_300')
[Debug] Loading ('ori_grab_s10_wineglass_lift_nf_300', 'ori_grab_s10_wineglass_lift_nf_300')
[Debug] Loading ('ori_grab_s10_wineglass_pass_1_nf_300', 'ori_grab_s10_wineglass_pass_1_nf_300')
[Warning] [carb.gym.plugin] useGpuPipeline is set, forcing GPU PhysX
[Warning] [carb.gym.plugin] useGpu is set, forcing single scene (0 subscenes)
Not connected to PVD
+++ Using GPU PhysX
Physics Engine: PhysX
Physics Device: cuda:0
GPU Pipeline: enabled
[Error] [carb.gym.plugin] Graphics is nullptr in GymCreateTextureFromFile
[Debug] Loading ('ori_grab_s10_wineglass_toast_1_nf_300', 'ori_grab_s10_wineglass_toast_1_nf_300')
[Debug] Loading ('ori_grab_s2_pyramidlarge_pass_1_Retake_nf_300', 'ori_grab_s2_pyramidlarge_pass_1_Retake_nf_300')
[Debug] Loading ('ori_grab_s2_airplane_fly_1_nf_300', 'ori_grab_s2_airplane_fly_1_nf_300')
[Debug] Loading ('ori_grab_s2_apple_eat_1_nf_300', 'ori_grab_s2_apple_eat_1_nf_300')
[Debug] Loading ('ori_grab_s2_apple_lift_nf_300', 'ori_grab_s2_apple_lift_nf_300')
[Debug] Loading ('ori_grab_s2_apple_pass_1_nf_300', 'ori_grab_s2_apple_pass_1_nf_300')
[Debug] Loading ('ori_grab_s2_banana_eat_1_nf_300', 'ori_grab_s2_banana_eat_1_nf_300')
[Debug] Loading ('ori_grab_s2_banana_pass_1_nf_300', 'ori_grab_s2_banana_pass_1_nf_300')
[Debug] Loading ('ori_grab_s2_banana_peel_1_nf_300', 'ori_grab_s2_banana_peel_1_nf_300')
[Debug] Loading ('ori_grab_s2_camera_browse_1_nf_300', 'ori_grab_s2_camera_browse_1_nf_300')
[Debug] Loading ('ori_grab_s2_camera_lift_nf_300', 'ori_grab_s2_camera_lift_nf_300')
[Debug] Loading ('ori_grab_s2_camera_pass_1_nf_300', 'ori_grab_s2_camera_pass_1_nf_300')
[Debug] Loading ('ori_grab_s2_camera_takepicture_2_nf_300', 'ori_grab_s2_camera_takepicture_2_nf_300')
[Debug] Loading ('ori_grab_s2_cubelarge_inspect_1_nf_300', 'ori_grab_s2_cubelarge_inspect_1_nf_300')
[Debug] Loading ('ori_grab_s2_cubelarge_lift_nf_300', 'ori_grab_s2_cubelarge_lift_nf_300')
[Debug] Loading ('ori_grab_s2_cubelarge_pass_1_nf_300', 'ori_grab_s2_cubelarge_pass_1_nf_300')
[Debug] Loading ('ori_grab_s2_cubemedium_inspect_1_nf_300', 'ori_grab_s2_cubemedium_inspect_1_nf_300')
[Debug] Loading ('ori_grab_s2_cubemedium_lift_nf_300', 'ori_grab_s2_cubemedium_lift_nf_300')
[Debug] Loading ('ori_grab_s2_cubesmall_inspect_1_nf_300', 'ori_grab_s2_cubesmall_inspect_1_nf_300')
[3] tot_succ_nn / tot_nn: 0 / 1
[Debug] data_inst_tag_list: 1
0/1 Loading from /cephfs/xueyi/uni_manip/isaacgym_rl_exp_taco_grab_interpseq_interpfr_60_interpfr2_60_nntrans_40_eval/tracking_TACO_taco_20230930_037_INTERPSEQ_ori_grab_s2_phone_call_1_obs_pure_state_wref_wdelta_density_500.0_trans_0.5_rot_0.5_goalcond_False_kinebias_t0.5r0.5f20_rfd_0.3_rh_0.5_interpfr_60_interpfr2_60_nntrans_40_04-20-05-36/ts_to_hand_obj_obs_reset_1_sorted_best.npy
0/1 Loading from /cephfs/xueyi/uni_manip/isaacgym_rl_exp_taco_grab_interpseq_interpfr_60_interpfr2_60_nntrans_40_eval/tracking_TACO_taco_20230930_037_INTERPSEQ_ori_grab_s2_phone_call_1_obs_pure_state_wref_wdelta_density_500.0_trans_0.5_rot_0.5_goalcond_False_kinebias_t0.5r0.5f20_rfd_0.3_rh_0.5_interpfr_60_interpfr2_60_nntrans_40_04-20-05-36/ts_to_hand_obj_obs_reset_1_sorted_best.npy, len(data_name_to_data): 0
Loading from /cephfs/xueyi/uni_manip/isaacgym_rl_exp_taco_grab_interpseq_interpfr_60_interpfr2_60_nntrans_40_eval/tracking_TACO_taco_20230930_037_INTERPSEQ_ori_grab_s2_phone_call_1_obs_pure_state_wref_wdelta_density_500.0_trans_0.5_rot_0.5_goalcond_False_kinebias_t0.5r0.5f20_rfd_0.3_rh_0.5_interpfr_60_interpfr2_60_nntrans_40_04-20-05-36/ts_to_hand_obj_obs_reset_1_sorted_best.npy, cur_traj_maxx_length: 300, maxx_trajectory_length: 300
Existing func _preload_mocap_tracking_ctl_data
[Loading tracking kine info] 0/1: ('ori_grab_s2_cubesmall_inspect_1_nf_300', 'ori_grab_s2_cubesmall_inspect_1_nf_300')
Loading single with data_inst_tag: ('ori_grab_s2_cubesmall_inspect_1_nf_300', 'ori_grab_s2_cubesmall_inspect_1_nf_300')
cur_kine_obj_trans: [2.41e-05 3.65e-05 2.53e-02]
cur_kine_qs: (300, 22)
cur_data_episode_length: 300, maxx_trajectory_length: 300
tot_hand_preopt_res: torch.Size([1, 300, 22]), tot_hand_qs: torch.Size([1, 300, 22]), tot_hand_qtars: torch.Size([1, 300, 22]), tot_kine_qs: torch.Size([1, 300, 22]), tot_kine_obj_trans: torch.Size([1, 300, 3]), tot_kine_obj_ornt: torch.Size([1, 300, 4]), maxx_episode_length_per_traj: tensor([299], device='cuda:0', dtype=torch.int32)
Obs type: pure_state_wref_wdelta
controlFrequencyInv: 1
==> Loading mocap reference information from ./data/GRAB_Tracking_PK_reduced_300/data/passive_active_info_ori_grab_s2_apple_lift_nf_300.npy
lift_fr: 0, cur_obj_transl: [1.79e-07 2.08e-04 6.12e-02]
==> Info loaded with hand_qs: (300, 22), goal_hand_qs: (300, 22), goal_obj_trans: (300, 3), goal_obj_rot_quat: (300, 4)
joint_idxes_ordering: [ 0  1  2  3  4  5  6  7  8  9 14 15 16 17 18 19 20 21 10 11 12 13]
joint_idxes_inversed_ordering: [ 0  1  2  3  4  5  6  7  8  9 18 19 20 21 10 11 12 13 14 15 16 17]
obs_type: pure_state_wref_wdelta, num_obs: 469
numObservationsWActions: 492, numActions: 22, numObservations: 469
enable_camera_sensors: False, graphics_device_id: -1
[Debug] shadow_hand_asset_file: allegro_hand_description/urdf/allegro_hand_description_right_fly_v2.urdf
self.num_shadow_hand_bodies:  27
self.num_shadow_hand_shapes:  21
self.num_shadow_hand_dofs:  22
self.num_shadow_hand_actuators:  22
self.num_shadow_hand_tendons:  0
asset_rigid_body_names:  ['hand_root', 'link_palm_x', 'link_palm_y', 'link_palm_z', 'link_palm_rx', 'link_palm_ry', 'palm_link', 'link_0', 'link_1', 'link_2', 'link_3', 'link_3_tip', 'link_12', 'link_13', 'link_14', 'link_15', 'link_15_tip', 'link_4', 'link_5', 'link_6', 'link_7', 'link_7_tip', 'link_8', 'link_9', 'link_10', 'link_11', 'link_11_tip']
[Debug] shadow_hand_dof_names: ['WRJ0x', 'WRJ0y', 'WRJ0z', 'WRJ0rx', 'WRJ0ry', 'WRJ0rz', 'joint_0', 'joint_1', 'joint_2', 'joint_3', 'joint_12', 'joint_13', 'joint_14', 'joint_15', 'joint_4', 'joint_5', 'joint_6', 'joint_7', 'joint_8', 'joint_9', 'joint_10', 'joint_11']
more_allegro_stiffness: False
more_allegro_stiffness: False
more_allegro_stiffness: False
more_allegro_stiffness: False
more_allegro_stiffness: False
more_allegro_stiffness: False
more_allegro_stiffness: False
more_allegro_stiffness: False
more_allegro_stiffness: False
more_allegro_stiffness: False
more_allegro_stiffness: False
more_allegro_stiffness: False
more_allegro_stiffness: False
more_allegro_stiffness: False
more_allegro_stiffness: False
more_allegro_stiffness: False
more_allegro_stiffness: False
more_allegro_stiffness: False
more_allegro_stiffness: False
more_allegro_stiffness: False
more_allegro_stiffness: False
more_allegro_stiffness: False
[Debug] shadow_hand_dof_lower_limits: tensor([-1.0000, -1.0000, -1.0000, -3.1400, -3.1400, -3.1400, -0.4700, -0.1960,
        -0.1740, -0.2270,  0.2630, -0.1050, -0.1890, -0.1620, -0.4700, -0.1960,
        -0.1740, -0.2270, -0.4700, -0.1960, -0.1740, -0.2270], device='cuda:0')
[Debug] shadow_hand_dof_upper_limits: tensor([1.0000, 1.0000, 1.0000, 3.1400, 3.1400, 3.1400, 0.4700, 1.6100, 1.7090,
        1.6180, 1.3960, 1.1630, 1.6440, 1.7190, 0.4700, 1.6100, 1.7090, 1.6180,
        0.4700, 1.6100, 1.7090, 1.6180], device='cuda:0')
key: WRJ0rx val: 3
key: WRJ0ry val: 4
key: WRJ0rz val: 5
key: WRJ0x val: 0
key: WRJ0y val: 1
key: WRJ0z val: 2
key: joint_0 val: 6
key: joint_1 val: 7
key: joint_10 val: 23
key: joint_11 val: 24
key: joint_11_tip val: 25
key: joint_12 val: 11
key: joint_13 val: 12
key: joint_14 val: 13
key: joint_15 val: 14
key: joint_15_tip val: 15
key: joint_2 val: 8
key: joint_3 val: 9
key: joint_3_tip val: 10
key: joint_4 val: 16
key: joint_5 val: 17
key: joint_6 val: 18
key: joint_7 val: 19
key: joint_7_tip val: 20
key: joint_8 val: 21
key: joint_9 val: 22
[Debug] object_dof_lower_limits: tensor([], device='cuda:0')
[Debug] object_dof_upper_limits: tensor([], device='cuda:0')
[Debug] fingertips handles: [16, 11, 21, 26]
[Debug] body_name: palm, idx: 6
[Debug] body_name: thumb, idx: 16
[Debug] body_name: index, idx: 11
[Debug] body_name: middle, idx: 21
[Debug] body_name: ring, idx: 26
len(object_code_list): 1
first_frame_hand_kine_qs: tensor([-0.1104,  0.0429,  0.1694,  1.7716,  0.2565, -1.2635, -0.0424,  0.2664,
         0.2466,  0.0856,  0.9722,  0.2946,  0.8590,  0.1782,  0.0199,  0.3815,
         0.2693,  0.0671,  0.2477,  0.4972,  0.3279,  0.1055], device='cuda:0'), load_kine_info_retar_with_arm: False, 
mass: [0.062474433332681656]
AUDIT_FIX: creation-time joint state applied to 1024 hands
tot_obj_succ_nn: 0
num_shadow_hand_dofs: 22
Registering the history observations...
[Debug] shadow_hand_default_dof_pos: torch.Size([1024, 22])
[Debug] dof_state: torch.Size([22528, 2])
AUDIT_FIX 3: reset snapshot replaced with creation pose at rest
[Debug] num_dofs: 22
Box(-1.0, 1.0, (22,), float32) Box(-inf, inf, (469,), float32)
WARNING: seq_len is deprecated, use seq_length instead
seq_length: 4
current training device: cuda:0
build mlp: 469
RunningMeanStd:  (1,)
RunningMeanStd:  (469,)
[_build_gt_act_buffers] gt_act_dim: 23
AUDIT_FIX 2: settled links with objects parked
AUDIT_FIX 3b: object pinned at creation pose before the first step
AUDIT_FIX 3b: object pinned at creation pose before the first step
AUDIT_FIX 3b: object pinned at creation pose before the first step
fps step: 32686 fps step and policy inference: 30971 fps total: 17179 epoch: 1/3000 frames: 0
mean_rewards:  [-15.61] last_mean_rewards:  -100500
fps step: 31210 fps step and policy inference: 29642 fps total: 16694 epoch: 2/3000 frames: 32768
mean_rewards:  [-57.11] last_mean_rewards:  -100500
fps step: 32804 fps step and policy inference: 31097 fps total: 17152 epoch: 3/3000 frames: 65536
mean_rewards:  [-105.38] last_mean_rewards:  -100500
fps step: 32414 fps step and policy inference: 30669 fps total: 17089 epoch: 4/3000 frames: 98304
mean_rewards:  [-157.34] last_mean_rewards:  -100500
fps step: 31690 fps step and policy inference: 30004 fps total: 16855 epoch: 5/3000 frames: 131072
mean_rewards:  [-202.02] last_mean_rewards:  -100500
fps step: 31123 fps step and policy inference: 29370 fps total: 16667 epoch: 6/3000 frames: 163840
mean_rewards:  [-205.66] last_mean_rewards:  -100500
fps step: 31773 fps step and policy inference: 29948 fps total: 16874 epoch: 7/3000 frames: 196608
mean_rewards:  [-214.64] last_mean_rewards:  -100500
fps step: 31671 fps step and policy inference: 29910 fps total: 16584 epoch: 8/3000 frames: 229376
mean_rewards:  [-215.02] last_mean_rewards:  -100500
fps step: 31099 fps step and policy inference: 29392 fps total: 16589 epoch: 9/3000 frames: 262144
mean_rewards:  [-212.16] last_mean_rewards:  -100500
fps step: 31437 fps step and policy inference: 29782 fps total: 16817 epoch: 10/3000 frames: 294912
mean_rewards:  [-218.49] last_mean_rewards:  -100500
fps step: 31308 fps step and policy inference: 29674 fps total: 17244 epoch: 11/3000 frames: 327680
mean_rewards:  [-211.24] last_mean_rewards:  -100500
fps step: 30837 fps step and policy inference: 29246 fps total: 17081 epoch: 12/3000 frames: 360448
mean_rewards:  [-204.03] last_mean_rewards:  -100500
fps step: 30624 fps step and policy inference: 28993 fps total: 17018 epoch: 13/3000 frames: 393216
mean_rewards:  [-190.05] last_mean_rewards:  -100500
fps step: 31094 fps step and policy inference: 29364 fps total: 17143 epoch: 14/3000 frames: 425984
mean_rewards:  [-171.83] last_mean_rewards:  -100500
fps step: 31415 fps step and policy inference: 29675 fps total: 17238 epoch: 15/3000 frames: 458752
mean_rewards:  [-162.8] last_mean_rewards:  -100500
fps step: 31905 fps step and policy inference: 30175 fps total: 17374 epoch: 16/3000 frames: 491520
mean_rewards:  [-145.8] last_mean_rewards:  -100500
fps step: 33235 fps step and policy inference: 31408 fps total: 17785 epoch: 17/3000 frames: 524288
mean_rewards:  [-140.41] last_mean_rewards:  -100500
fps step: 32417 fps step and policy inference: 30661 fps total: 17500 epoch: 18/3000 frames: 557056
mean_rewards:  [-138.29] last_mean_rewards:  -100500
fps step: 32708 fps step and policy inference: 30916 fps total: 17489 epoch: 19/3000 frames: 589824
mean_rewards:  [-137.98] last_mean_rewards:  -100500
fps step: 32800 fps step and policy inference: 31053 fps total: 17517 epoch: 20/3000 frames: 622592
mean_rewards:  [-138.87] last_mean_rewards:  -100500
fps step: 33183 fps step and policy inference: 31304 fps total: 17561 epoch: 21/3000 frames: 655360
mean_rewards:  [-142.76] last_mean_rewards:  -100500
fps step: 33743 fps step and policy inference: 31774 fps total: 17710 epoch: 22/3000 frames: 688128
mean_rewards:  [-143.9] last_mean_rewards:  -100500
fps step: 33055 fps step and policy inference: 31138 fps total: 17358 epoch: 23/3000 frames: 720896
mean_rewards:  [-143.68] last_mean_rewards:  -100500
fps step: 32839 fps step and policy inference: 31057 fps total: 17319 epoch: 24/3000 frames: 753664
mean_rewards:  [-145.57] last_mean_rewards:  -100500
fps step: 32084 fps step and policy inference: 30241 fps total: 17069 epoch: 25/3000 frames: 786432
mean_rewards:  [-143.18] last_mean_rewards:  -100500
fps step: 31778 fps step and policy inference: 30079 fps total: 16548 epoch: 26/3000 frames: 819200
mean_rewards:  [-144.96] last_mean_rewards:  -100500
fps step: 32019 fps step and policy inference: 30118 fps total: 17166 epoch: 27/3000 frames: 851968
mean_rewards:  [-145.41] last_mean_rewards:  -100500
fps step: 30586 fps step and policy inference: 28736 fps total: 16722 epoch: 28/3000 frames: 884736
mean_rewards:  [-144.19] last_mean_rewards:  -100500
fps step: 28471 fps step and policy inference: 26786 fps total: 16019 epoch: 29/3000 frames: 917504
mean_rewards:  [-146.] last_mean_rewards:  -100500
fps step: 30971 fps step and policy inference: 29238 fps total: 17014 epoch: 30/3000 frames: 950272
mean_rewards:  [-147.23] last_mean_rewards:  -100500
fps step: 20061 fps step and policy inference: 18927 fps total: 12314 epoch: 31/3000 frames: 983040
mean_rewards:  [-146.58] last_mean_rewards:  -100500
fps step: 19314 fps step and policy inference: 18314 fps total: 12047 epoch: 32/3000 frames: 1015808
mean_rewards:  [-142.51] last_mean_rewards:  -100500
fps step: 15296 fps step and policy inference: 14492 fps total: 10207 epoch: 33/3000 frames: 1048576
mean_rewards:  [-142.32] last_mean_rewards:  -100500
fps step: 19151 fps step and policy inference: 18145 fps total: 11937 epoch: 34/3000 frames: 1081344
mean_rewards:  [-138.41] last_mean_rewards:  -100500
fps step: 14928 fps step and policy inference: 14219 fps total: 10075 epoch: 35/3000 frames: 1114112
mean_rewards:  [-141.54] last_mean_rewards:  -100500
fps step: 19576 fps step and policy inference: 18501 fps total: 12055 epoch: 36/3000 frames: 1146880
mean_rewards:  [-139.95] last_mean_rewards:  -100500
fps step: 9545 fps step and policy inference: 9117 fps total: 7208 epoch: 37/3000 frames: 1179648
mean_rewards:  [-137.27] last_mean_rewards:  -100500
fps step: 19541 fps step and policy inference: 18557 fps total: 12102 epoch: 38/3000 frames: 1212416
mean_rewards:  [-133.49] last_mean_rewards:  -100500
fps step: 9695 fps step and policy inference: 9228 fps total: 7280 epoch: 39/3000 frames: 1245184
mean_rewards:  [-131.52] last_mean_rewards:  -100500
fps step: 19643 fps step and policy inference: 18624 fps total: 12113 epoch: 40/3000 frames: 1277952
mean_rewards:  [-129.09] last_mean_rewards:  -100500
fps step: 9800 fps step and policy inference: 9331 fps total: 7344 epoch: 41/3000 frames: 1310720
mean_rewards:  [-127.07] last_mean_rewards:  -100500
fps step: 19754 fps step and policy inference: 18771 fps total: 12192 epoch: 42/3000 frames: 1343488
mean_rewards:  [-126.] last_mean_rewards:  -100500
fps step: 9738 fps step and policy inference: 9296 fps total: 7335 epoch: 43/3000 frames: 1376256
mean_rewards:  [-127.74] last_mean_rewards:  -100500
fps step: 19883 fps step and policy inference: 18893 fps total: 12253 epoch: 44/3000 frames: 1409024
mean_rewards:  [-124.62] last_mean_rewards:  -100500
fps step: 9837 fps step and policy inference: 9367 fps total: 7392 epoch: 45/3000 frames: 1441792
mean_rewards:  [-121.76] last_mean_rewards:  -100500
fps step: 19915 fps step and policy inference: 18876 fps total: 12213 epoch: 46/3000 frames: 1474560
mean_rewards:  [-119.33] last_mean_rewards:  -100500
fps step: 9757 fps step and policy inference: 9296 fps total: 7335 epoch: 47/3000 frames: 1507328
mean_rewards:  [-116.84] last_mean_rewards:  -100500
fps step: 19908 fps step and policy inference: 18879 fps total: 12224 epoch: 48/3000 frames: 1540096
mean_rewards:  [-114.67] last_mean_rewards:  -100500
fps step: 9737 fps step and policy inference: 9262 fps total: 7319 epoch: 49/3000 frames: 1572864
mean_rewards:  [-113.99] last_mean_rewards:  -100500
fps step: 19767 fps step and policy inference: 18752 fps total: 12158 epoch: 50/3000 frames: 1605632
mean_rewards:  [-111.92] last_mean_rewards:  -100500
saving next best rewards:  [-111.92]
getting weights with keys: dict_keys(['scaler', 'model'])
=> saving checkpoint './logs/scratch_cube_scratch/tracking_ori_grab_s2_cubesmall_inspect_1_nf_300_obs_pure_state_wref_wdelta_density_500.0_trans_0.5_rot_0.5_goalcond_False__18-02-24-37/nn/tracking_ori_grab_s2_cubesmall_inspect_1_nf_300_obs_pure_state_wref_wdelta_density_500.0_trans_0.5_rot_0.5_goalcond_False_.pth'
fps step: 9832 fps step and policy inference: 9351 fps total: 7381 epoch: 51/3000 frames: 1638400
mean_rewards:  [-110.41] last_mean_rewards:  -111.91818
saving next best rewards:  [-110.41]
getting weights with keys: dict_keys(['scaler', 'model'])
=> saving checkpoint './logs/scratch_cube_scratch/tracking_ori_grab_s2_cubesmall_inspect_1_nf_300_obs_pure_state_wref_wdelta_density_500.0_trans_0.5_rot_0.5_goalcond_False__18-02-24-37/nn/tracking_ori_grab_s2_cubesmall_inspect_1_nf_300_obs_pure_state_wref_wdelta_density_500.0_trans_0.5_rot_0.5_goalcond_False_.pth'
fps step: 20163 fps step and policy inference: 19087 fps total: 12440 epoch: 52/3000 frames: 1671168
mean_rewards:  [-109.45] last_mean_rewards:  -110.40765
saving next best rewards:  [-109.45]
getting weights with keys: dict_keys(['scaler', 'model'])
=> saving checkpoint './logs/scratch_cube_scratch/tracking_ori_grab_s2_cubesmall_inspect_1_nf_300_obs_pure_state_wref_wdelta_density_500.0_trans_0.5_rot_0.5_goalcond_False__18-02-24-37/nn/tracking_ori_grab_s2_cubesmall_inspect_1_nf_300_obs_pure_state_wref_wdelta_density_500.0_trans_0.5_rot_0.5_goalcond_False_.pth'
fps step: 9860 fps step and policy inference: 9384 fps total: 7407 epoch: 53/3000 frames: 1703936
mean_rewards:  [-108.26] last_mean_rewards:  -109.4454
saving next best rewards:  [-108.26]
getting weights with keys: dict_keys(['scaler', 'model'])
=> saving checkpoint './logs/scratch_cube_scratch/tracking_ori_grab_s2_cubesmall_inspect_1_nf_300_obs_pure_state_wref_wdelta_density_500.0_trans_0.5_rot_0.5_goalcond_False__18-02-24-37/nn/tracking_ori_grab_s2_cubesmall_inspect_1_nf_300_obs_pure_state_wref_wdelta_density_500.0_trans_0.5_rot_0.5_goalcond_False_.pth'
fps step: 20297 fps step and policy inference: 19216 fps total: 12090 epoch: 54/3000 frames: 1736704
mean_rewards:  [-106.27] last_mean_rewards:  -108.2587
saving next best rewards:  [-106.27]
getting weights with keys: dict_keys(['scaler', 'model'])
=> saving checkpoint './logs/scratch_cube_scratch/tracking_ori_grab_s2_cubesmall_inspect_1_nf_300_obs_pure_state_wref_wdelta_density_500.0_trans_0.5_rot_0.5_goalcond_False__18-02-24-37/nn/tracking_ori_grab_s2_cubesmall_inspect_1_nf_300_obs_pure_state_wref_wdelta_density_500.0_trans_0.5_rot_0.5_goalcond_False_.pth'
fps step: 10167 fps step and policy inference: 9687 fps total: 7460 epoch: 55/3000 frames: 1769472
mean_rewards:  [-106.63] last_mean_rewards:  -106.27094
fps step: 20353 fps step and policy inference: 19398 fps total: 12198 epoch: 56/3000 frames: 1802240
mean_rewards:  [-104.32] last_mean_rewards:  -106.27094
saving next best rewards:  [-104.32]
getting weights with keys: dict_keys(['scaler', 'model'])
=> saving checkpoint './logs/scratch_cube_scratch/tracking_ori_grab_s2_cubesmall_inspect_1_nf_300_obs_pure_state_wref_wdelta_density_500.0_trans_0.5_rot_0.5_goalcond_False__18-02-24-37/nn/tracking_ori_grab_s2_cubesmall_inspect_1_nf_300_obs_pure_state_wref_wdelta_density_500.0_trans_0.5_rot_0.5_goalcond_False_.pth'
fps step: 10440 fps step and policy inference: 9933 fps total: 7629 epoch: 57/3000 frames: 1835008
mean_rewards:  [-103.11] last_mean_rewards:  -104.32209
saving next best rewards:  [-103.11]
getting weights with keys: dict_keys(['scaler', 'model'])
=> saving checkpoint './logs/scratch_cube_scratch/tracking_ori_grab_s2_cubesmall_inspect_1_nf_300_obs_pure_state_wref_wdelta_density_500.0_trans_0.5_rot_0.5_goalcond_False__18-02-24-37/nn/tracking_ori_grab_s2_cubesmall_inspect_1_nf_300_obs_pure_state_wref_wdelta_density_500.0_trans_0.5_rot_0.5_goalcond_False_.pth'
fps step: 20156 fps step and policy inference: 19122 fps total: 12066 epoch: 58/3000 frames: 1867776
mean_rewards:  [-102.86] last_mean_rewards:  -103.10936
saving next best rewards:  [-102.86]
getting weights with keys: dict_keys(['scaler', 'model'])
=> saving checkpoint './logs/scratch_cube_scratch/tracking_ori_grab_s2_cubesmall_inspect_1_nf_300_obs_pure_state_wref_wdelta_density_500.0_trans_0.5_rot_0.5_goalcond_False__18-02-24-37/nn/tracking_ori_grab_s2_cubesmall_inspect_1_nf_300_obs_pure_state_wref_wdelta_density_500.0_trans_0.5_rot_0.5_goalcond_False_.pth'
fps step: 11183 fps step and policy inference: 10635 fps total: 8034 epoch: 59/3000 frames: 1900544
mean_rewards:  [-100.25] last_mean_rewards:  -102.85892
saving next best rewards:  [-100.25]
getting weights with keys: dict_keys(['scaler', 'model'])
=> saving checkpoint './logs/scratch_cube_scratch/tracking_ori_grab_s2_cubesmall_inspect_1_nf_300_obs_pure_state_wref_wdelta_density_500.0_trans_0.5_rot_0.5_goalcond_False__18-02-24-37/nn/tracking_ori_grab_s2_cubesmall_inspect_1_nf_300_obs_pure_state_wref_wdelta_density_500.0_trans_0.5_rot_0.5_goalcond_False_.pth'
fps step: 20511 fps step and policy inference: 19474 fps total: 12227 epoch: 60/3000 frames: 1933312
mean_rewards:  [-100.09] last_mean_rewards:  -100.24803
saving next best rewards:  [-100.09]
getting weights with keys: dict_keys(['scaler', 'model'])
=> saving checkpoint './logs/scratch_cube_scratch/tracking_ori_grab_s2_cubesmall_inspect_1_nf_300_obs_pure_state_wref_wdelta_density_500.0_trans_0.5_rot_0.5_goalcond_False__18-02-24-37/nn/tracking_ori_grab_s2_cubesmall_inspect_1_nf_300_obs_pure_state_wref_wdelta_density_500.0_trans_0.5_rot_0.5_goalcond_False_.pth'
fps step: 11040 fps step and policy inference: 10503 fps total: 7918 epoch: 61/3000 frames: 1966080
mean_rewards:  [-98.67] last_mean_rewards:  -100.08512
saving next best rewards:  [-98.67]
getting weights with keys: dict_keys(['scaler', 'model'])
=> saving checkpoint './logs/scratch_cube_scratch/tracking_ori_grab_s2_cubesmall_inspect_1_nf_300_obs_pure_state_wref_wdelta_density_500.0_trans_0.5_rot_0.5_goalcond_False__18-02-24-37/nn/tracking_ori_grab_s2_cubesmall_inspect_1_nf_300_obs_pure_state_wref_wdelta_density_500.0_trans_0.5_rot_0.5_goalcond_False_.pth'
fps step: 20466 fps step and policy inference: 19369 fps total: 12176 epoch: 62/3000 frames: 1998848
mean_rewards:  [-96.66] last_mean_rewards:  -98.6714
saving next best rewards:  [-96.66]
getting weights with keys: dict_keys(['scaler', 'model'])
=> saving checkpoint './logs/scratch_cube_scratch/tracking_ori_grab_s2_cubesmall_inspect_1_nf_300_obs_pure_state_wref_wdelta_density_500.0_trans_0.5_rot_0.5_goalcond_False__18-02-24-37/nn/tracking_ori_grab_s2_cubesmall_inspect_1_nf_300_obs_pure_state_wref_wdelta_density_500.0_trans_0.5_rot_0.5_goalcond_False_.pth'
fps step: 11475 fps step and policy inference: 10932 fps total: 8203 epoch: 63/3000 frames: 2031616
mean_rewards:  [-94.98] last_mean_rewards:  -96.6639
saving next best rewards:  [-94.98]
getting weights with keys: dict_keys(['scaler', 'model'])
=> saving checkpoint './logs/scratch_cube_scratch/tracking_ori_grab_s2_cubesmall_inspect_1_nf_300_obs_pure_state_wref_wdelta_density_500.0_trans_0.5_rot_0.5_goalcond_False__18-02-24-37/nn/tracking_ori_grab_s2_cubesmall_inspect_1_nf_300_obs_pure_state_wref_wdelta_density_500.0_trans_0.5_rot_0.5_goalcond_False_.pth'
fps step: 20406 fps step and policy inference: 19285 fps total: 12067 epoch: 64/3000 frames: 2064384
mean_rewards:  [-96.98] last_mean_rewards:  -94.97975
fps step: 11202 fps step and policy inference: 10662 fps total: 8004 epoch: 65/3000 frames: 2097152
mean_rewards:  [-97.44] last_mean_rewards:  -94.97975
fps step: 20396 fps step and policy inference: 19239 fps total: 12056 epoch: 66/3000 frames: 2129920
mean_rewards:  [-97.8] last_mean_rewards:  -94.97975
fps step: 11411 fps step and policy inference: 10869 fps total: 8124 epoch: 67/3000 frames: 2162688
mean_rewards:  [-97.81] last_mean_rewards:  -94.97975
fps step: 20523 fps step and policy inference: 19309 fps total: 12079 epoch: 68/3000 frames: 2195456
mean_rewards:  [-97.06] last_mean_rewards:  -94.97975
fps step: 11585 fps step and policy inference: 11014 fps total: 8200 epoch: 69/3000 frames: 2228224
mean_rewards:  [-96.96] last_mean_rewards:  -94.97975
fps step: 20251 fps step and policy inference: 19170 fps total: 11975 epoch: 70/3000 frames: 2260992
mean_rewards:  [-94.55] last_mean_rewards:  -94.97975
saving next best rewards:  [-94.55]
getting weights with keys: dict_keys(['scaler', 'model'])
=> saving checkpoint './logs/scratch_cube_scratch/tracking_ori_grab_s2_cubesmall_inspect_1_nf_300_obs_pure_state_wref_wdelta_density_500.0_trans_0.5_rot_0.5_goalcond_False__18-02-24-37/nn/tracking_ori_grab_s2_cubesmall_inspect_1_nf_300_obs_pure_state_wref_wdelta_density_500.0_trans_0.5_rot_0.5_goalcond_False_.pth'
fps step: 11705 fps step and policy inference: 11143 fps total: 8309 epoch: 71/3000 frames: 2293760
mean_rewards:  [-94.55] last_mean_rewards:  -94.548035
fps step: 20384 fps step and policy inference: 19206 fps total: 12011 epoch: 72/3000 frames: 2326528
mean_rewards:  [-95.59] last_mean_rewards:  -94.548035
fps step: 11635 fps step and policy inference: 11063 fps total: 8278 epoch: 73/3000 frames: 2359296
mean_rewards:  [-95.41] last_mean_rewards:  -94.548035
fps step: 20642 fps step and policy inference: 19606 fps total: 12302 epoch: 74/3000 frames: 2392064
mean_rewards:  [-95.05] last_mean_rewards:  -94.548035
fps step: 11507 fps step and policy inference: 10953 fps total: 8222 epoch: 75/3000 frames: 2424832
mean_rewards:  [-94.62] last_mean_rewards:  -94.548035
fps step: 20678 fps step and policy inference: 19505 fps total: 12265 epoch: 76/3000 frames: 2457600
mean_rewards:  [-96.21] last_mean_rewards:  -94.548035
fps step: 11508 fps step and policy inference: 10952 fps total: 8210 epoch: 77/3000 frames: 2490368
mean_rewards:  [-97.02] last_mean_rewards:  -94.548035
fps step: 20882 fps step and policy inference: 19659 fps total: 12304 epoch: 78/3000 frames: 2523136
mean_rewards:  [-98.05] last_mean_rewards:  -94.548035
fps step: 11305 fps step and policy inference: 10750 fps total: 8075 epoch: 79/3000 frames: 2555904
mean_rewards:  [-97.75] last_mean_rewards:  -94.548035
fps step: 20348 fps step and policy inference: 19287 fps total: 12159 epoch: 80/3000 frames: 2588672
mean_rewards:  [-96.84] last_mean_rewards:  -94.548035
fps step: 11906 fps step and policy inference: 11341 fps total: 8444 epoch: 81/3000 frames: 2621440
mean_rewards:  [-93.77] last_mean_rewards:  -94.548035
saving next best rewards:  [-93.77]
getting weights with keys: dict_keys(['scaler', 'model'])
=> saving checkpoint './logs/scratch_cube_scratch/tracking_ori_grab_s2_cubesmall_inspect_1_nf_300_obs_pure_state_wref_wdelta_density_500.0_trans_0.5_rot_0.5_goalcond_False__18-02-24-37/nn/tracking_ori_grab_s2_cubesmall_inspect_1_nf_300_obs_pure_state_wref_wdelta_density_500.0_trans_0.5_rot_0.5_goalcond_False_.pth'
fps step: 20532 fps step and policy inference: 19459 fps total: 12234 epoch: 82/3000 frames: 2654208
mean_rewards:  [-92.26] last_mean_rewards:  -93.76846
saving next best rewards:  [-92.26]
getting weights with keys: dict_keys(['scaler', 'model'])
=> saving checkpoint './logs/scratch_cube_scratch/tracking_ori_grab_s2_cubesmall_inspect_1_nf_300_obs_pure_state_wref_wdelta_density_500.0_trans_0.5_rot_0.5_goalcond_False__18-02-24-37/nn/tracking_ori_grab_s2_cubesmall_inspect_1_nf_300_obs_pure_state_wref_wdelta_density_500.0_trans_0.5_rot_0.5_goalcond_False_.pth'
fps step: 12276 fps step and policy inference: 11665 fps total: 8606 epoch: 83/3000 frames: 2686976
mean_rewards:  [-91.8] last_mean_rewards:  -92.25935
saving next best rewards:  [-91.8]
getting weights with keys: dict_keys(['scaler', 'model'])
=> saving checkpoint './logs/scratch_cube_scratch/tracking_ori_grab_s2_cubesmall_inspect_1_nf_300_obs_pure_state_wref_wdelta_density_500.0_trans_0.5_rot_0.5_goalcond_False__18-02-24-37/nn/tracking_ori_grab_s2_cubesmall_inspect_1_nf_300_obs_pure_state_wref_wdelta_density_500.0_trans_0.5_rot_0.5_goalcond_False_.pth'
fps step: 20447 fps step and policy inference: 19388 fps total: 12223 epoch: 84/3000 frames: 2719744
mean_rewards:  [-89.46] last_mean_rewards:  -91.79911
saving next best rewards:  [-89.46]
getting weights with keys: dict_keys(['scaler', 'model'])
=> saving checkpoint './logs/scratch_cube_scratch/tracking_ori_grab_s2_cubesmall_inspect_1_nf_300_obs_pure_state_wref_wdelta_density_500.0_trans_0.5_rot_0.5_goalcond_False__18-02-24-37/nn/tracking_ori_grab_s2_cubesmall_inspect_1_nf_300_obs_pure_state_wref_wdelta_density_500.0_trans_0.5_rot_0.5_goalcond_False_.pth'
fps step: 12268 fps step and policy inference: 11654 fps total: 8712 epoch: 85/3000 frames: 2752512
mean_rewards:  [-91.07] last_mean_rewards:  -89.46177
fps step: 20430 fps step and policy inference: 19274 fps total: 12458 epoch: 86/3000 frames: 2785280
mean_rewards:  [-89.12] last_mean_rewards:  -89.46177
saving next best rewards:  [-89.12]
getting weights with keys: dict_keys(['scaler', 'model'])
=> saving checkpoint './logs/scratch_cube_scratch/tracking_ori_grab_s2_cubesmall_inspect_1_nf_300_obs_pure_state_wref_wdelta_density_500.0_trans_0.5_rot_0.5_goalcond_False__18-02-24-37/nn/tracking_ori_grab_s2_cubesmall_inspect_1_nf_300_obs_pure_state_wref_wdelta_density_500.0_trans_0.5_rot_0.5_goalcond_False_.pth'
fps step: 11297 fps step and policy inference: 10751 fps total: 8206 epoch: 87/3000 frames: 2818048
mean_rewards:  [-88.29] last_mean_rewards:  -89.11875
saving next best rewards:  [-88.29]
getting weights with keys: dict_keys(['scaler', 'model'])
=> saving checkpoint './logs/scratch_cube_scratch/tracking_ori_grab_s2_cubesmall_inspect_1_nf_300_obs_pure_state_wref_wdelta_density_500.0_trans_0.5_rot_0.5_goalcond_False__18-02-24-37/nn/tracking_ori_grab_s2_cubesmall_inspect_1_nf_300_obs_pure_state_wref_wdelta_density_500.0_trans_0.5_rot_0.5_goalcond_False_.pth'
fps step: 20410 fps step and policy inference: 19292 fps total: 12382 epoch: 88/3000 frames: 2850816
mean_rewards:  [-88.51] last_mean_rewards:  -88.285965
fps step: 10784 fps step and policy inference: 10241 fps total: 7886 epoch: 89/3000 frames: 2883584
mean_rewards:  [-90.2] last_mean_rewards:  -88.285965
fps step: 20262 fps step and policy inference: 19202 fps total: 12272 epoch: 90/3000 frames: 2916352
mean_rewards:  [-92.] last_mean_rewards:  -88.285965
fps step: 10590 fps step and policy inference: 10063 fps total: 7765 epoch: 91/3000 frames: 2949120
mean_rewards:  [-93.09] last_mean_rewards:  -88.285965
fps step: 20360 fps step and policy inference: 19296 fps total: 12412 epoch: 92/3000 frames: 2981888
mean_rewards:  [-92.51] last_mean_rewards:  -88.285965
fps step: 10288 fps step and policy inference: 9799 fps total: 7593 epoch: 93/3000 frames: 3014656
mean_rewards:  [-89.98] last_mean_rewards:  -88.285965
fps step: 20615 fps step and policy inference: 19456 fps total: 12440 epoch: 94/3000 frames: 3047424
mean_rewards:  [-88.9] last_mean_rewards:  -88.285965
fps step: 10553 fps step and policy inference: 10023 fps total: 7762 epoch: 95/3000 frames: 3080192
mean_rewards:  [-87.08] last_mean_rewards:  -88.285965
saving next best rewards:  [-87.08]
getting weights with keys: dict_keys(['scaler', 'model'])
=> saving checkpoint './logs/scratch_cube_scratch/tracking_ori_grab_s2_cubesmall_inspect_1_nf_300_obs_pure_state_wref_wdelta_density_500.0_trans_0.5_rot_0.5_goalcond_False__18-02-24-37/nn/tracking_ori_grab_s2_cubesmall_inspect_1_nf_300_obs_pure_state_wref_wdelta_density_500.0_trans_0.5_rot_0.5_goalcond_False_.pth'
fps step: 20474 fps step and policy inference: 19405 fps total: 12438 epoch: 96/3000 frames: 3112960
mean_rewards:  [-88.47] last_mean_rewards:  -87.08089
fps step: 10020 fps step and policy inference: 9547 fps total: 7502 epoch: 97/3000 frames: 3145728
mean_rewards:  [-89.91] last_mean_rewards:  -87.08089
fps step: 20678 fps step and policy inference: 19537 fps total: 12492 epoch: 98/3000 frames: 3178496
mean_rewards:  [-89.7] last_mean_rewards:  -87.08089
fps step: 9850 fps step and policy inference: 9372 fps total: 7374 epoch: 99/3000 frames: 3211264
mean_rewards:  [-89.64] last_mean_rewards:  -87.08089
fps step: 20507 fps step and policy inference: 19403 fps total: 12305 epoch: 100/3000 frames: 3244032
mean_rewards:  [-88.57] last_mean_rewards:  -87.08089
fps step: 10034 fps step and policy inference: 9541 fps total: 7472 epoch: 101/3000 frames: 3276800
mean_rewards:  [-86.54] last_mean_rewards:  -87.08089
saving next best rewards:  [-86.54]
getting weights with keys: dict_keys(['scaler', 'model'])
=> saving checkpoint './logs/scratch_cube_scratch/tracking_ori_grab_s2_cubesmall_inspect_1_nf_300_obs_pure_state_wref_wdelta_density_500.0_trans_0.5_rot_0.5_goalcond_False__18-02-24-37/nn/tracking_ori_grab_s2_cubesmall_inspect_1_nf_300_obs_pure_state_wref_wdelta_density_500.0_trans_0.5_rot_0.5_goalcond_False_.pth'
fps step: 20826 fps step and policy inference: 19655 fps total: 12575 epoch: 102/3000 frames: 3309568
mean_rewards:  [-84.06] last_mean_rewards:  -86.53559
saving next best rewards:  [-84.06]
getting weights with keys: dict_keys(['scaler', 'model'])
=> saving checkpoint './logs/scratch_cube_scratch/tracking_ori_grab_s2_cubesmall_inspect_1_nf_300_obs_pure_state_wref_wdelta_density_500.0_trans_0.5_rot_0.5_goalcond_False__18-02-24-37/nn/tracking_ori_grab_s2_cubesmall_inspect_1_nf_300_obs_pure_state_wref_wdelta_density_500.0_trans_0.5_rot_0.5_goalcond_False_.pth'
fps step: 9838 fps step and policy inference: 9365 fps total: 7384 epoch: 103/3000 frames: 3342336
mean_rewards:  [-85.7] last_mean_rewards:  -84.064064
fps step: 20169 fps step and policy inference: 19095 fps total: 12316 epoch: 104/3000 frames: 3375104
mean_rewards:  [-86.27] last_mean_rewards:  -84.064064
fps step: 9889 fps step and policy inference: 9400 fps total: 7405 epoch: 105/3000 frames: 3407872
mean_rewards:  [-87.91] last_mean_rewards:  -84.064064
fps step: 20488 fps step and policy inference: 19340 fps total: 12495 epoch: 106/3000 frames: 3440640
mean_rewards:  [-86.69] last_mean_rewards:  -84.064064
fps step: 9889 fps step and policy inference: 9414 fps total: 7409 epoch: 107/3000 frames: 3473408
mean_rewards:  [-85.48] last_mean_rewards:  -84.064064
fps step: 20654 fps step and policy inference: 19539 fps total: 12484 epoch: 108/3000 frames: 3506176
mean_rewards:  [-83.23] last_mean_rewards:  -84.064064
saving next best rewards:  [-83.23]
getting weights with keys: dict_keys(['scaler', 'model'])
=> saving checkpoint './logs/scratch_cube_scratch/tracking_ori_grab_s2_cubesmall_inspect_1_nf_300_obs_pure_state_wref_wdelta_density_500.0_trans_0.5_rot_0.5_goalcond_False__18-02-24-37/nn/tracking_ori_grab_s2_cubesmall_inspect_1_nf_300_obs_pure_state_wref_wdelta_density_500.0_trans_0.5_rot_0.5_goalcond_False_.pth'
fps step: 9921 fps step and policy inference: 9440 fps total: 7429 epoch: 109/3000 frames: 3538944
mean_rewards:  [-82.91] last_mean_rewards:  -83.22552
saving next best rewards:  [-82.91]
getting weights with keys: dict_keys(['scaler', 'model'])
=> saving checkpoint './logs/scratch_cube_scratch/tracking_ori_grab_s2_cubesmall_inspect_1_nf_300_obs_pure_state_wref_wdelta_density_500.0_trans_0.5_rot_0.5_goalcond_False__18-02-24-37/nn/tracking_ori_grab_s2_cubesmall_inspect_1_nf_300_obs_pure_state_wref_wdelta_density_500.0_trans_0.5_rot_0.5_goalcond_False_.pth'
fps step: 20803 fps step and policy inference: 19669 fps total: 12558 epoch: 110/3000 frames: 3571712
mean_rewards:  [-80.88] last_mean_rewards:  -82.90996
saving next best rewards:  [-80.88]
getting weights with keys: dict_keys(['scaler', 'model'])
=> saving checkpoint './logs/scratch_cube_scratch/tracking_ori_grab_s2_cubesmall_inspect_1_nf_300_obs_pure_state_wref_wdelta_density_500.0_trans_0.5_rot_0.5_goalcond_False__18-02-24-37/nn/tracking_ori_grab_s2_cubesmall_inspect_1_nf_300_obs_pure_state_wref_wdelta_density_500.0_trans_0.5_rot_0.5_goalcond_False_.pth'
fps step: 9914 fps step and policy inference: 9416 fps total: 7403 epoch: 111/3000 frames: 3604480
mean_rewards:  [-81.9] last_mean_rewards:  -80.87725
fps step: 20540 fps step and policy inference: 19352 fps total: 12390 epoch: 112/3000 frames: 3637248
mean_rewards:  [-82.26] last_mean_rewards:  -80.87725
fps step: 9813 fps step and policy inference: 9363 fps total: 7370 epoch: 113/3000 frames: 3670016
mean_rewards:  [-82.98] last_mean_rewards:  -80.87725
fps step: 20275 fps step and policy inference: 19235 fps total: 12412 epoch: 114/3000 frames: 3702784
mean_rewards:  [-81.66] last_mean_rewards:  -80.87725
fps step: 9914 fps step and policy inference: 9445 fps total: 7439 epoch: 115/3000 frames: 3735552
mean_rewards:  [-79.87] last_mean_rewards:  -80.87725
saving next best rewards:  [-79.87]
getting weights with keys: dict_keys(['scaler', 'model'])
=> saving checkpoint './logs/scratch_cube_scratch/tracking_ori_grab_s2_cubesmall_inspect_1_nf_300_obs_pure_state_wref_wdelta_density_500.0_trans_0.5_rot_0.5_goalcond_False__18-02-24-37/nn/tracking_ori_grab_s2_cubesmall_inspect_1_nf_300_obs_pure_state_wref_wdelta_density_500.0_trans_0.5_rot_0.5_goalcond_False_.pth'
fps step: 20712 fps step and policy inference: 19682 fps total: 12646 epoch: 116/3000 frames: 3768320
mean_rewards:  [-83.3] last_mean_rewards:  -79.869995
fps step: 9845 fps step and policy inference: 9400 fps total: 7453 epoch: 117/3000 frames: 3801088
mean_rewards:  [-83.38] last_mean_rewards:  -79.869995
fps step: 20934 fps step and policy inference: 19749 fps total: 12647 epoch: 118/3000 frames: 3833856
mean_rewards:  [-80.11] last_mean_rewards:  -79.869995
fps step: 10587 fps step and policy inference: 10073 fps total: 7630 epoch: 119/3000 frames: 3866624
mean_rewards:  [-81.57] last_mean_rewards:  -79.869995
fps step: 20945 fps step and policy inference: 19826 fps total: 12622 epoch: 120/3000 frames: 3899392
mean_rewards:  [-83.43] last_mean_rewards:  -79.869995
fps step: 11959 fps step and policy inference: 11388 fps total: 7893 epoch: 121/3000 frames: 3932160
mean_rewards:  [-83.95] last_mean_rewards:  -79.869995
fps step: 20944 fps step and policy inference: 19837 fps total: 12558 epoch: 122/3000 frames: 3964928
mean_rewards:  [-81.83] last_mean_rewards:  -79.869995
fps step: 15828 fps step and policy inference: 15018 fps total: 9047 epoch: 123/3000 frames: 3997696
mean_rewards:  [-80.77] last_mean_rewards:  -79.869995
fps step: 21186 fps step and policy inference: 20026 fps total: 12619 epoch: 124/3000 frames: 4030464
mean_rewards:  [-81.14] last_mean_rewards:  -79.869995
fps step: 20831 fps step and policy inference: 19726 fps total: 10889 epoch: 125/3000 frames: 4063232
mean_rewards:  [-79.73] last_mean_rewards:  -79.869995
saving next best rewards:  [-79.73]
getting weights with keys: dict_keys(['scaler', 'model'])
=> saving checkpoint './logs/scratch_cube_scratch/tracking_ori_grab_s2_cubesmall_inspect_1_nf_300_obs_pure_state_wref_wdelta_density_500.0_trans_0.5_rot_0.5_goalcond_False__18-02-24-37/nn/tracking_ori_grab_s2_cubesmall_inspect_1_nf_300_obs_pure_state_wref_wdelta_density_500.0_trans_0.5_rot_0.5_goalcond_False_.pth'
fps step: 20596 fps step and policy inference: 19473 fps total: 12469 epoch: 126/3000 frames: 4096000
mean_rewards:  [-80.79] last_mean_rewards:  -79.72502
fps step: 20347 fps step and policy inference: 19328 fps total: 11460 epoch: 127/3000 frames: 4128768
mean_rewards:  [-81.28] last_mean_rewards:  -79.72502
fps step: 20592 fps step and policy inference: 19446 fps total: 12381 epoch: 128/3000 frames: 4161536
mean_rewards:  [-78.65] last_mean_rewards:  -79.72502
saving next best rewards:  [-78.65]
getting weights with keys: dict_keys(['scaler', 'model'])
=> saving checkpoint './logs/scratch_cube_scratch/tracking_ori_grab_s2_cubesmall_inspect_1_nf_300_obs_pure_state_wref_wdelta_density_500.0_trans_0.5_rot_0.5_goalcond_False__18-02-24-37/nn/tracking_ori_grab_s2_cubesmall_inspect_1_nf_300_obs_pure_state_wref_wdelta_density_500.0_trans_0.5_rot_0.5_goalcond_False_.pth'
fps step: 20558 fps step and policy inference: 19511 fps total: 11958 epoch: 129/3000 frames: 4194304
mean_rewards:  [-77.34] last_mean_rewards:  -78.64558
saving next best rewards:  [-77.34]
getting weights with keys: dict_keys(['scaler', 'model'])
=> saving checkpoint './logs/scratch_cube_scratch/tracking_ori_grab_s2_cubesmall_inspect_1_nf_300_obs_pure_state_wref_wdelta_density_500.0_trans_0.5_rot_0.5_goalcond_False__18-02-24-37/nn/tracking_ori_grab_s2_cubesmall_inspect_1_nf_300_obs_pure_state_wref_wdelta_density_500.0_trans_0.5_rot_0.5_goalcond_False_.pth'
fps step: 21097 fps step and policy inference: 19839 fps total: 12499 epoch: 130/3000 frames: 4227072
mean_rewards:  [-78.35] last_mean_rewards:  -77.33568
fps step: 20382 fps step and policy inference: 19273 fps total: 12310 epoch: 131/3000 frames: 4259840
mean_rewards:  [-77.62] last_mean_rewards:  -77.33568
fps step: 20614 fps step and policy inference: 19530 fps total: 12463 epoch: 132/3000 frames: 4292608
mean_rewards:  [-77.2] last_mean_rewards:  -77.33568
saving next best rewards:  [-77.2]
getting weights with keys: dict_keys(['scaler', 'model'])
=> saving checkpoint './logs/scratch_cube_scratch/tracking_ori_grab_s2_cubesmall_inspect_1_nf_300_obs_pure_state_wref_wdelta_density_500.0_trans_0.5_rot_0.5_goalcond_False__18-02-24-37/nn/tracking_ori_grab_s2_cubesmall_inspect_1_nf_300_obs_pure_state_wref_wdelta_density_500.0_trans_0.5_rot_0.5_goalcond_False_.pth'
fps step: 20659 fps step and policy inference: 19525 fps total: 12359 epoch: 133/3000 frames: 4325376
mean_rewards:  [-77.5] last_mean_rewards:  -77.19681
fps step: 20650 fps step and policy inference: 19543 fps total: 12226 epoch: 134/3000 frames: 4358144
mean_rewards:  [-77.56] last_mean_rewards:  -77.19681
fps step: 20511 fps step and policy inference: 19363 fps total: 11605 epoch: 135/3000 frames: 4390912
mean_rewards:  [-78.65] last_mean_rewards:  -77.19681
fps step: 20520 fps step and policy inference: 19500 fps total: 12179 epoch: 136/3000 frames: 4423680
mean_rewards:  [-77.56] last_mean_rewards:  -77.19681
fps step: 20304 fps step and policy inference: 19351 fps total: 11199 epoch: 137/3000 frames: 4456448
mean_rewards:  [-78.13] last_mean_rewards:  -77.19681
fps step: 20714 fps step and policy inference: 19679 fps total: 12250 epoch: 138/3000 frames: 4489216
mean_rewards:  [-77.64] last_mean_rewards:  -77.19681
fps step: 20623 fps step and policy inference: 19585 fps total: 11863 epoch: 139/3000 frames: 4521984
mean_rewards:  [-76.73] last_mean_rewards:  -77.19681
saving next best rewards:  [-76.73]
getting weights with keys: dict_keys(['scaler', 'model'])
=> saving checkpoint './logs/scratch_cube_scratch/tracking_ori_grab_s2_cubesmall_inspect_1_nf_300_obs_pure_state_wref_wdelta_density_500.0_trans_0.5_rot_0.5_goalcond_False__18-02-24-37/nn/tracking_ori_grab_s2_cubesmall_inspect_1_nf_300_obs_pure_state_wref_wdelta_density_500.0_trans_0.5_rot_0.5_goalcond_False_.pth'
fps step: 20494 fps step and policy inference: 19462 fps total: 12574 epoch: 140/3000 frames: 4554752
mean_rewards:  [-78.99] last_mean_rewards:  -76.731636
fps step: 20199 fps step and policy inference: 19216 fps total: 12427 epoch: 141/3000 frames: 4587520
mean_rewards:  [-80.35] last_mean_rewards:  -76.731636
fps step: 20716 fps step and policy inference: 19524 fps total: 12548 epoch: 142/3000 frames: 4620288
mean_rewards:  [-78.37] last_mean_rewards:  -76.731636
fps step: 20983 fps step and policy inference: 19812 fps total: 12664 epoch: 143/3000 frames: 4653056
mean_rewards:  [-76.77] last_mean_rewards:  -76.731636
fps step: 20397 fps step and policy inference: 19271 fps total: 12029 epoch: 144/3000 frames: 4685824
mean_rewards:  [-74.98] last_mean_rewards:  -76.731636
saving next best rewards:  [-74.98]
getting weights with keys: dict_keys(['scaler', 'model'])
=> saving checkpoint './logs/scratch_cube_scratch/tracking_ori_grab_s2_cubesmall_inspect_1_nf_300_obs_pure_state_wref_wdelta_density_500.0_trans_0.5_rot_0.5_goalcond_False__18-02-24-37/nn/tracking_ori_grab_s2_cubesmall_inspect_1_nf_300_obs_pure_state_wref_wdelta_density_500.0_trans_0.5_rot_0.5_goalcond_False_.pth'
fps step: 19889 fps step and policy inference: 18931 fps total: 11884 epoch: 145/3000 frames: 4718592
mean_rewards:  [-74.95] last_mean_rewards:  -74.98352
saving next best rewards:  [-74.95]
getting weights with keys: dict_keys(['scaler', 'model'])
=> saving checkpoint './logs/scratch_cube_scratch/tracking_ori_grab_s2_cubesmall_inspect_1_nf_300_obs_pure_state_wref_wdelta_density_500.0_trans_0.5_rot_0.5_goalcond_False__18-02-24-37/nn/tracking_ori_grab_s2_cubesmall_inspect_1_nf_300_obs_pure_state_wref_wdelta_density_500.0_trans_0.5_rot_0.5_goalcond_False_.pth'
fps step: 20038 fps step and policy inference: 18978 fps total: 11937 epoch: 146/3000 frames: 4751360
mean_rewards:  [-74.] last_mean_rewards:  -74.95434
saving next best rewards:  [-74.]
getting weights with keys: dict_keys(['scaler', 'model'])
=> saving checkpoint './logs/scratch_cube_scratch/tracking_ori_grab_s2_cubesmall_inspect_1_nf_300_obs_pure_state_wref_wdelta_density_500.0_trans_0.5_rot_0.5_goalcond_False__18-02-24-37/nn/tracking_ori_grab_s2_cubesmall_inspect_1_nf_300_obs_pure_state_wref_wdelta_density_500.0_trans_0.5_rot_0.5_goalcond_False_.pth'
fps step: 20444 fps step and policy inference: 19247 fps total: 11335 epoch: 147/3000 frames: 4784128
mean_rewards:  [-75.11] last_mean_rewards:  -73.99522
fps step: 20445 fps step and policy inference: 19401 fps total: 12034 epoch: 148/3000 frames: 4816896
mean_rewards:  [-73.8] last_mean_rewards:  -73.99522
saving next best rewards:  [-73.8]
getting weights with keys: dict_keys(['scaler', 'model'])
=> saving checkpoint './logs/scratch_cube_scratch/tracking_ori_grab_s2_cubesmall_inspect_1_nf_300_obs_pure_state_wref_wdelta_density_500.0_trans_0.5_rot_0.5_goalcond_False__18-02-24-37/nn/tracking_ori_grab_s2_cubesmall_inspect_1_nf_300_obs_pure_state_wref_wdelta_density_500.0_trans_0.5_rot_0.5_goalcond_False_.pth'
fps step: 20743 fps step and policy inference: 19538 fps total: 11110 epoch: 149/3000 frames: 4849664
mean_rewards:  [-72.04] last_mean_rewards:  -73.80297
saving next best rewards:  [-72.04]
getting weights with keys: dict_keys(['scaler', 'model'])
=> saving checkpoint './logs/scratch_cube_scratch/tracking_ori_grab_s2_cubesmall_inspect_1_nf_300_obs_pure_state_wref_wdelta_density_500.0_trans_0.5_rot_0.5_goalcond_False__18-02-24-37/nn/tracking_ori_grab_s2_cubesmall_inspect_1_nf_300_obs_pure_state_wref_wdelta_density_500.0_trans_0.5_rot_0.5_goalcond_False_.pth'
fps step: 20251 fps step and policy inference: 19198 fps total: 11984 epoch: 150/3000 frames: 4882432
mean_rewards:  [-73.3] last_mean_rewards:  -72.03667
fps step: 20358 fps step and policy inference: 19222 fps total: 10757 epoch: 151/3000 frames: 4915200
mean_rewards:  [-73.19] last_mean_rewards:  -72.03667
fps step: 20471 fps step and policy inference: 19297 fps total: 12042 epoch: 152/3000 frames: 4947968
mean_rewards:  [-72.36] last_mean_rewards:  -72.03667
fps step: 20734 fps step and policy inference: 19574 fps total: 10896 epoch: 153/3000 frames: 4980736
mean_rewards:  [-72.11] last_mean_rewards:  -72.03667
fps step: 20130 fps step and policy inference: 19031 fps total: 11920 epoch: 154/3000 frames: 5013504
mean_rewards:  [-70.44] last_mean_rewards:  -72.03667
saving next best rewards:  [-70.44]
getting weights with keys: dict_keys(['scaler', 'model'])
=> saving checkpoint './logs/scratch_cube_scratch/tracking_ori_grab_s2_cubesmall_inspect_1_nf_300_obs_pure_state_wref_wdelta_density_500.0_trans_0.5_rot_0.5_goalcond_False__18-02-24-37/nn/tracking_ori_grab_s2_cubesmall_inspect_1_nf_300_obs_pure_state_wref_wdelta_density_500.0_trans_0.5_rot_0.5_goalcond_False_.pth'
fps step: 20657 fps step and policy inference: 19363 fps total: 10797 epoch: 155/3000 frames: 5046272
mean_rewards:  [-70.25] last_mean_rewards:  -70.44179
saving next best rewards:  [-70.25]
getting weights with keys: dict_keys(['scaler', 'model'])
=> saving checkpoint './logs/scratch_cube_scratch/tracking_ori_grab_s2_cubesmall_inspect_1_nf_300_obs_pure_state_wref_wdelta_density_500.0_trans_0.5_rot_0.5_goalcond_False__18-02-24-37/nn/tracking_ori_grab_s2_cubesmall_inspect_1_nf_300_obs_pure_state_wref_wdelta_density_500.0_trans_0.5_rot_0.5_goalcond_False_.pth'
fps step: 20752 fps step and policy inference: 19473 fps total: 12109 epoch: 156/3000 frames: 5079040
mean_rewards:  [-70.92] last_mean_rewards:  -70.25223
fps step: 21012 fps step and policy inference: 19822 fps total: 11153 epoch: 157/3000 frames: 5111808
mean_rewards:  [-70.23] last_mean_rewards:  -70.25223
saving next best rewards:  [-70.23]
getting weights with keys: dict_keys(['scaler', 'model'])
=> saving checkpoint './logs/scratch_cube_scratch/tracking_ori_grab_s2_cubesmall_inspect_1_nf_300_obs_pure_state_wref_wdelta_density_500.0_trans_0.5_rot_0.5_goalcond_False__18-02-24-37/nn/tracking_ori_grab_s2_cubesmall_inspect_1_nf_300_obs_pure_state_wref_wdelta_density_500.0_trans_0.5_rot_0.5_goalcond_False_.pth'
fps step: 20779 fps step and policy inference: 19670 fps total: 12213 epoch: 158/3000 frames: 5144576
mean_rewards:  [-71.42] last_mean_rewards:  -70.23195
fps step: 20819 fps step and policy inference: 19624 fps total: 11175 epoch: 159/3000 frames: 5177344
mean_rewards:  [-69.77] last_mean_rewards:  -70.23195
saving next best rewards:  [-69.77]
getting weights with keys: dict_keys(['scaler', 'model'])
=> saving checkpoint './logs/scratch_cube_scratch/tracking_ori_grab_s2_cubesmall_inspect_1_nf_300_obs_pure_state_wref_wdelta_density_500.0_trans_0.5_rot_0.5_goalcond_False__18-02-24-37/nn/tracking_ori_grab_s2_cubesmall_inspect_1_nf_300_obs_pure_state_wref_wdelta_density_500.0_trans_0.5_rot_0.5_goalcond_False_.pth'
fps step: 20467 fps step and policy inference: 19424 fps total: 12109 epoch: 160/3000 frames: 5210112
mean_rewards:  [-70.18] last_mean_rewards:  -69.77161
fps step: 20407 fps step and policy inference: 19362 fps total: 11018 epoch: 161/3000 frames: 5242880
mean_rewards:  [-69.69] last_mean_rewards:  -69.77161
saving next best rewards:  [-69.69]
getting weights with keys: dict_keys(['scaler', 'model'])
=> saving checkpoint './logs/scratch_cube_scratch/tracking_ori_grab_s2_cubesmall_inspect_1_nf_300_obs_pure_state_wref_wdelta_density_500.0_trans_0.5_rot_0.5_goalcond_False__18-02-24-37/nn/tracking_ori_grab_s2_cubesmall_inspect_1_nf_300_obs_pure_state_wref_wdelta_density_500.0_trans_0.5_rot_0.5_goalcond_False_.pth'
fps step: 20896 fps step and policy inference: 19611 fps total: 12187 epoch: 162/3000 frames: 5275648
mean_rewards:  [-70.13] last_mean_rewards:  -69.69345
fps step: 20393 fps step and policy inference: 19334 fps total: 11102 epoch: 163/3000 frames: 5308416
mean_rewards:  [-68.18] last_mean_rewards:  -69.69345
saving next best rewards:  [-68.18]
getting weights with keys: dict_keys(['scaler', 'model'])
=> saving checkpoint './logs/scratch_cube_scratch/tracking_ori_grab_s2_cubesmall_inspect_1_nf_300_obs_pure_state_wref_wdelta_density_500.0_trans_0.5_rot_0.5_goalcond_False__18-02-24-37/nn/tracking_ori_grab_s2_cubesmall_inspect_1_nf_300_obs_pure_state_wref_wdelta_density_500.0_trans_0.5_rot_0.5_goalcond_False_.pth'
fps step: 20482 fps step and policy inference: 19340 fps total: 12101 epoch: 164/3000 frames: 5341184
mean_rewards:  [-68.63] last_mean_rewards:  -68.17621
fps step: 20181 fps step and policy inference: 19111 fps total: 10940 epoch: 165/3000 frames: 5373952
mean_rewards:  [-69.6] last_mean_rewards:  -68.17621
fps step: 20516 fps step and policy inference: 19397 fps total: 12109 epoch: 166/3000 frames: 5406720
mean_rewards:  [-68.14] last_mean_rewards:  -68.17621
saving next best rewards:  [-68.14]
getting weights with keys: dict_keys(['scaler', 'model'])
=> saving checkpoint './logs/scratch_cube_scratch/tracking_ori_grab_s2_cubesmall_inspect_1_nf_300_obs_pure_state_wref_wdelta_density_500.0_trans_0.5_rot_0.5_goalcond_False__18-02-24-37/nn/tracking_ori_grab_s2_cubesmall_inspect_1_nf_300_obs_pure_state_wref_wdelta_density_500.0_trans_0.5_rot_0.5_goalcond_False_.pth'
fps step: 20856 fps step and policy inference: 19689 fps total: 11121 epoch: 167/3000 frames: 5439488
mean_rewards:  [-68.85] last_mean_rewards:  -68.1356
fps step: 20143 fps step and policy inference: 19141 fps total: 12011 epoch: 168/3000 frames: 5472256
mean_rewards:  [-67.8] last_mean_rewards:  -68.1356
saving next best rewards:  [-67.8]
getting weights with keys: dict_keys(['scaler', 'model'])
=> saving checkpoint './logs/scratch_cube_scratch/tracking_ori_grab_s2_cubesmall_inspect_1_nf_300_obs_pure_state_wref_wdelta_density_500.0_trans_0.5_rot_0.5_goalcond_False__18-02-24-37/nn/tracking_ori_grab_s2_cubesmall_inspect_1_nf_300_obs_pure_state_wref_wdelta_density_500.0_trans_0.5_rot_0.5_goalcond_False_.pth'
fps step: 20115 fps step and policy inference: 19009 fps total: 10769 epoch: 169/3000 frames: 5505024
mean_rewards:  [-69.28] last_mean_rewards:  -67.79864
fps step: 20135 fps step and policy inference: 19027 fps total: 11976 epoch: 170/3000 frames: 5537792
mean_rewards:  [-67.23] last_mean_rewards:  -67.79864
saving next best rewards:  [-67.23]
getting weights with keys: dict_keys(['scaler', 'model'])
=> saving checkpoint './logs/scratch_cube_scratch/tracking_ori_grab_s2_cubesmall_inspect_1_nf_300_obs_pure_state_wref_wdelta_density_500.0_trans_0.5_rot_0.5_goalcond_False__18-02-24-37/nn/tracking_ori_grab_s2_cubesmall_inspect_1_nf_300_obs_pure_state_wref_wdelta_density_500.0_trans_0.5_rot_0.5_goalcond_False_.pth'
fps step: 20557 fps step and policy inference: 19475 fps total: 10885 epoch: 171/3000 frames: 5570560
mean_rewards:  [-67.96] last_mean_rewards:  -67.22832
fps step: 20318 fps step and policy inference: 19234 fps total: 12061 epoch: 172/3000 frames: 5603328
mean_rewards:  [-68.39] last_mean_rewards:  -67.22832
fps step: 20335 fps step and policy inference: 19209 fps total: 10758 epoch: 173/3000 frames: 5636096
mean_rewards:  [-68.58] last_mean_rewards:  -67.22832
fps step: 20735 fps step and policy inference: 19471 fps total: 12524 epoch: 174/3000 frames: 5668864
mean_rewards:  [-67.3] last_mean_rewards:  -67.22832
fps step: 20658 fps step and policy inference: 19461 fps total: 11653 epoch: 175/3000 frames: 5701632
mean_rewards:  [-68.2] last_mean_rewards:  -67.22832
fps step: 20674 fps step and policy inference: 19581 fps total: 12588 epoch: 176/3000 frames: 5734400
mean_rewards:  [-67.27] last_mean_rewards:  -67.22832
fps step: 20257 fps step and policy inference: 19204 fps total: 11827 epoch: 177/3000 frames: 5767168
mean_rewards:  [-65.79] last_mean_rewards:  -67.22832
saving next best rewards:  [-65.79]
getting weights with keys: dict_keys(['scaler', 'model'])
=> saving checkpoint './logs/scratch_cube_scratch/tracking_ori_grab_s2_cubesmall_inspect_1_nf_300_obs_pure_state_wref_wdelta_density_500.0_trans_0.5_rot_0.5_goalcond_False__18-02-24-37/nn/tracking_ori_grab_s2_cubesmall_inspect_1_nf_300_obs_pure_state_wref_wdelta_density_500.0_trans_0.5_rot_0.5_goalcond_False_.pth'
fps step: 20298 fps step and policy inference: 19229 fps total: 12448 epoch: 178/3000 frames: 5799936
mean_rewards:  [-67.06] last_mean_rewards:  -65.79202
fps step: 20418 fps step and policy inference: 19290 fps total: 11981 epoch: 179/3000 frames: 5832704
mean_rewards:  [-67.2] last_mean_rewards:  -65.79202
fps step: 20715 fps step and policy inference: 19548 fps total: 12241 epoch: 180/3000 frames: 5865472
mean_rewards:  [-66.01] last_mean_rewards:  -65.79202
fps step: 20620 fps step and policy inference: 19439 fps total: 12343 epoch: 181/3000 frames: 5898240
mean_rewards:  [-66.22] last_mean_rewards:  -65.79202
fps step: 20186 fps step and policy inference: 19132 fps total: 12396 epoch: 182/3000 frames: 5931008
mean_rewards:  [-66.2] last_mean_rewards:  -65.79202
fps step: 20215 fps step and policy inference: 19133 fps total: 12122 epoch: 183/3000 frames: 5963776
mean_rewards:  [-65.63] last_mean_rewards:  -65.79202
saving next best rewards:  [-65.63]
getting weights with keys: dict_keys(['scaler', 'model'])
=> saving checkpoint './logs/scratch_cube_scratch/tracking_ori_grab_s2_cubesmall_inspect_1_nf_300_obs_pure_state_wref_wdelta_density_500.0_trans_0.5_rot_0.5_goalcond_False__18-02-24-37/nn/tracking_ori_grab_s2_cubesmall_inspect_1_nf_300_obs_pure_state_wref_wdelta_density_500.0_trans_0.5_rot_0.5_goalcond_False_.pth'
fps step: 20192 fps step and policy inference: 19142 fps total: 12407 epoch: 184/3000 frames: 5996544
mean_rewards:  [-66.22] last_mean_rewards:  -65.63436
fps step: 20495 fps step and policy inference: 19366 fps total: 12284 epoch: 185/3000 frames: 6029312
mean_rewards:  [-65.13] last_mean_rewards:  -65.63436
saving next best rewards:  [-65.13]
getting weights with keys: dict_keys(['scaler', 'model'])
=> saving checkpoint './logs/scratch_cube_scratch/tracking_ori_grab_s2_cubesmall_inspect_1_nf_300_obs_pure_state_wref_wdelta_density_500.0_trans_0.5_rot_0.5_goalcond_False__18-02-24-37/nn/tracking_ori_grab_s2_cubesmall_inspect_1_nf_300_obs_pure_state_wref_wdelta_density_500.0_trans_0.5_rot_0.5_goalcond_False_.pth'
fps step: 20465 fps step and policy inference: 19365 fps total: 12524 epoch: 186/3000 frames: 6062080
mean_rewards:  [-65.68] last_mean_rewards:  -65.12533
fps step: 20504 fps step and policy inference: 19491 fps total: 12432 epoch: 187/3000 frames: 6094848
mean_rewards:  [-67.1] last_mean_rewards:  -65.12533
fps step: 20532 fps step and policy inference: 19452 fps total: 12573 epoch: 188/3000 frames: 6127616
mean_rewards:  [-65.74] last_mean_rewards:  -65.12533
fps step: 20559 fps step and policy inference: 19443 fps total: 12576 epoch: 189/3000 frames: 6160384
mean_rewards:  [-66.04] last_mean_rewards:  -65.12533
fps step: 20575 fps step and policy inference: 19537 fps total: 12579 epoch: 190/3000 frames: 6193152
mean_rewards:  [-65.4] last_mean_rewards:  -65.12533
fps step: 20688 fps step and policy inference: 19584 fps total: 12600 epoch: 191/3000 frames: 6225920
mean_rewards:  [-66.44] last_mean_rewards:  -65.12533
fps step: 20480 fps step and policy inference: 19395 fps total: 12436 epoch: 192/3000 frames: 6258688
mean_rewards:  [-65.56] last_mean_rewards:  -65.12533
fps step: 20620 fps step and policy inference: 19588 fps total: 11918 epoch: 193/3000 frames: 6291456
mean_rewards:  [-65.67] last_mean_rewards:  -65.12533
fps step: 21191 fps step and policy inference: 20056 fps total: 12474 epoch: 194/3000 frames: 6324224
mean_rewards:  [-64.29] last_mean_rewards:  -65.12533
saving next best rewards:  [-64.29]
getting weights with keys: dict_keys(['scaler', 'model'])
=> saving checkpoint './logs/scratch_cube_scratch/tracking_ori_grab_s2_cubesmall_inspect_1_nf_300_obs_pure_state_wref_wdelta_density_500.0_trans_0.5_rot_0.5_goalcond_False__18-02-24-37/nn/tracking_ori_grab_s2_cubesmall_inspect_1_nf_300_obs_pure_state_wref_wdelta_density_500.0_trans_0.5_rot_0.5_goalcond_False_.pth'
fps step: 20825 fps step and policy inference: 19585 fps total: 11116 epoch: 195/3000 frames: 6356992
mean_rewards:  [-65.25] last_mean_rewards:  -64.292854
fps step: 20223 fps step and policy inference: 19162 fps total: 12089 epoch: 196/3000 frames: 6389760
mean_rewards:  [-65.31] last_mean_rewards:  -64.292854
fps step: 20813 fps step and policy inference: 19628 fps total: 11104 epoch: 197/3000 frames: 6422528
mean_rewards:  [-64.53] last_mean_rewards:  -64.292854
fps step: 21050 fps step and policy inference: 19777 fps total: 12355 epoch: 198/3000 frames: 6455296
mean_rewards:  [-63.46] last_mean_rewards:  -64.292854
saving next best rewards:  [-63.46]
getting weights with keys: dict_keys(['scaler', 'model'])
=> saving checkpoint './logs/scratch_cube_scratch/tracking_ori_grab_s2_cubesmall_inspect_1_nf_300_obs_pure_state_wref_wdelta_density_500.0_trans_0.5_rot_0.5_goalcond_False__18-02-24-37/nn/tracking_ori_grab_s2_cubesmall_inspect_1_nf_300_obs_pure_state_wref_wdelta_density_500.0_trans_0.5_rot_0.5_goalcond_False_.pth'
fps step: 20953 fps step and policy inference: 19834 fps total: 11192 epoch: 199/3000 frames: 6488064
mean_rewards:  [-64.09] last_mean_rewards:  -63.461205
fps step: 20887 fps step and policy inference: 19688 fps total: 12289 epoch: 200/3000 frames: 6520832
mean_rewards:  [-64.02] last_mean_rewards:  -63.461205
getting weights with keys: dict_keys(['scaler', 'model'])
=> saving checkpoint './logs/scratch_cube_scratch/tracking_ori_grab_s2_cubesmall_inspect_1_nf_300_obs_pure_state_wref_wdelta_density_500.0_trans_0.5_rot_0.5_goalcond_False__18-02-24-37/nn/last_tracking_ori_grab_s2_cubesmall_inspect_1_nf_300_obs_pure_state_wref_wdelta_density_500.0_trans_0.5_rot_0.5_goalcond_False__ep_200_rew_-64.01994.pth'
fps step: 20869 fps step and policy inference: 19642 fps total: 11142 epoch: 201/3000 frames: 6553600
mean_rewards:  [-63.91] last_mean_rewards:  -63.461205
fps step: 20790 fps step and policy inference: 19684 fps total: 12271 epoch: 202/3000 frames: 6586368
mean_rewards:  [-62.96] last_mean_rewards:  -63.461205
saving next best rewards:  [-62.96]
getting weights with keys: dict_keys(['scaler', 'model'])
=> saving checkpoint './logs/scratch_cube_scratch/tracking_ori_grab_s2_cubesmall_inspect_1_nf_300_obs_pure_state_wref_wdelta_density_500.0_trans_0.5_rot_0.5_goalcond_False__18-02-24-37/nn/tracking_ori_grab_s2_cubesmall_inspect_1_nf_300_obs_pure_state_wref_wdelta_density_500.0_trans_0.5_rot_0.5_goalcond_False_.pth'
fps step: 20644 fps step and policy inference: 19507 fps total: 11045 epoch: 203/3000 frames: 6619136
mean_rewards:  [-63.69] last_mean_rewards:  -62.958298
fps step: 20932 fps step and policy inference: 19771 fps total: 12340 epoch: 204/3000 frames: 6651904
mean_rewards:  [-63.96] last_mean_rewards:  -62.958298
fps step: 20707 fps step and policy inference: 19584 fps total: 11097 epoch: 205/3000 frames: 6684672
mean_rewards:  [-63.28] last_mean_rewards:  -62.958298
fps step: 20535 fps step and policy inference: 19407 fps total: 12166 epoch: 206/3000 frames: 6717440
mean_rewards:  [-62.43] last_mean_rewards:  -62.958298
saving next best rewards:  [-62.43]
getting weights with keys: dict_keys(['scaler', 'model'])
=> saving checkpoint './logs/scratch_cube_scratch/tracking_ori_grab_s2_cubesmall_inspect_1_nf_300_obs_pure_state_wref_wdelta_density_500.0_trans_0.5_rot_0.5_goalcond_False__18-02-24-37/nn/tracking_ori_grab_s2_cubesmall_inspect_1_nf_300_obs_pure_state_wref_wdelta_density_500.0_trans_0.5_rot_0.5_goalcond_False_.pth'
fps step: 20650 fps step and policy inference: 19526 fps total: 10986 epoch: 207/3000 frames: 6750208
mean_rewards:  [-64.29] last_mean_rewards:  -62.42745
fps step: 20968 fps step and policy inference: 19751 fps total: 12338 epoch: 208/3000 frames: 6782976
mean_rewards:  [-63.59] last_mean_rewards:  -62.42745
fps step: 20737 fps step and policy inference: 19667 fps total: 11153 epoch: 209/3000 frames: 6815744
mean_rewards:  [-63.16] last_mean_rewards:  -62.42745
fps step: 19914 fps step and policy inference: 18943 fps total: 12009 epoch: 210/3000 frames: 6848512
mean_rewards:  [-63.33] last_mean_rewards:  -62.42745
fps step: 20068 fps step and policy inference: 18997 fps total: 10691 epoch: 211/3000 frames: 6881280
mean_rewards:  [-62.58] last_mean_rewards:  -62.42745
fps step: 20585 fps step and policy inference: 19446 fps total: 12162 epoch: 212/3000 frames: 6914048
mean_rewards:  [-63.42] last_mean_rewards:  -62.42745
fps step: 20599 fps step and policy inference: 19425 fps total: 10932 epoch: 213/3000 frames: 6946816
mean_rewards:  [-62.97] last_mean_rewards:  -62.42745
fps step: 20816 fps step and policy inference: 19617 fps total: 12240 epoch: 214/3000 frames: 6979584
mean_rewards:  [-62.77] last_mean_rewards:  -62.42745
fps step: 20232 fps step and policy inference: 19153 fps total: 10934 epoch: 215/3000 frames: 7012352
mean_rewards:  [-62.75] last_mean_rewards:  -62.42745
fps step: 20226 fps step and policy inference: 19123 fps total: 12027 epoch: 216/3000 frames: 7045120
mean_rewards:  [-63.53] last_mean_rewards:  -62.42745
fps step: 20376 fps step and policy inference: 19228 fps total: 10799 epoch: 217/3000 frames: 7077888
mean_rewards:  [-62.76] last_mean_rewards:  -62.42745
fps step: 20417 fps step and policy inference: 19305 fps total: 12122 epoch: 218/3000 frames: 7110656
mean_rewards:  [-63.38] last_mean_rewards:  -62.42745
fps step: 20203 fps step and policy inference: 19051 fps total: 10899 epoch: 219/3000 frames: 7143424
mean_rewards:  [-62.74] last_mean_rewards:  -62.42745
fps step: 20099 fps step and policy inference: 18949 fps total: 11991 epoch: 220/3000 frames: 7176192
mean_rewards:  [-62.95] last_mean_rewards:  -62.42745
fps step: 19884 fps step and policy inference: 18816 fps total: 10618 epoch: 221/3000 frames: 7208960
mean_rewards:  [-63.02] last_mean_rewards:  -62.42745
fps step: 20465 fps step and policy inference: 19326 fps total: 12070 epoch: 222/3000 frames: 7241728
mean_rewards:  [-62.57] last_mean_rewards:  -62.42745
fps step: 20324 fps step and policy inference: 19210 fps total: 10815 epoch: 223/3000 frames: 7274496
mean_rewards:  [-62.17] last_mean_rewards:  -62.42745
saving next best rewards:  [-62.17]
getting weights with keys: dict_keys(['scaler', 'model'])
=> saving checkpoint './logs/scratch_cube_scratch/tracking_ori_grab_s2_cubesmall_inspect_1_nf_300_obs_pure_state_wref_wdelta_density_500.0_trans_0.5_rot_0.5_goalcond_False__18-02-24-37/nn/tracking_ori_grab_s2_cubesmall_inspect_1_nf_300_obs_pure_state_wref_wdelta_density_500.0_trans_0.5_rot_0.5_goalcond_False_.pth'
fps step: 20060 fps step and policy inference: 19011 fps total: 11951 epoch: 224/3000 frames: 7307264
mean_rewards:  [-62.38] last_mean_rewards:  -62.173416
fps step: 20401 fps step and policy inference: 19306 fps total: 10817 epoch: 225/3000 frames: 7340032
mean_rewards:  [-61.29] last_mean_rewards:  -62.173416
saving next best rewards:  [-61.29]
getting weights with keys: dict_keys(['scaler', 'model'])
=> saving checkpoint './logs/scratch_cube_scratch/tracking_ori_grab_s2_cubesmall_inspect_1_nf_300_obs_pure_state_wref_wdelta_density_500.0_trans_0.5_rot_0.5_goalcond_False__18-02-24-37/nn/tracking_ori_grab_s2_cubesmall_inspect_1_nf_300_obs_pure_state_wref_wdelta_density_500.0_trans_0.5_rot_0.5_goalcond_False_.pth'
fps step: 20800 fps step and policy inference: 19725 fps total: 12244 epoch: 226/3000 frames: 7372800
mean_rewards:  [-62.58] last_mean_rewards:  -61.28943
fps step: 20689 fps step and policy inference: 19571 fps total: 10933 epoch: 227/3000 frames: 7405568
mean_rewards:  [-62.62] last_mean_rewards:  -61.28943
fps step: 20154 fps step and policy inference: 19116 fps total: 12013 epoch: 228/3000 frames: 7438336
mean_rewards:  [-62.64] last_mean_rewards:  -61.28943
fps step: 20489 fps step and policy inference: 19326 fps total: 10717 epoch: 229/3000 frames: 7471104
mean_rewards:  [-61.92] last_mean_rewards:  -61.28943
fps step: 20543 fps step and policy inference: 19455 fps total: 12182 epoch: 230/3000 frames: 7503872
mean_rewards:  [-61.97] last_mean_rewards:  -61.28943
fps step: 20399 fps step and policy inference: 19321 fps total: 10725 epoch: 231/3000 frames: 7536640
mean_rewards:  [-62.98] last_mean_rewards:  -61.28943
fps step: 20454 fps step and policy inference: 19297 fps total: 12122 epoch: 232/3000 frames: 7569408
mean_rewards:  [-62.68] last_mean_rewards:  -61.28943
fps step: 20369 fps step and policy inference: 19328 fps total: 10816 epoch: 233/3000 frames: 7602176
mean_rewards:  [-62.51] last_mean_rewards:  -61.28943
fps step: 20091 fps step and policy inference: 18990 fps total: 12020 epoch: 234/3000 frames: 7634944
mean_rewards:  [-64.] last_mean_rewards:  -61.28943
fps step: 20415 fps step and policy inference: 19290 fps total: 10683 epoch: 235/3000 frames: 7667712
mean_rewards:  [-62.21] last_mean_rewards:  -61.28943
fps step: 20696 fps step and policy inference: 19618 fps total: 12283 epoch: 236/3000 frames: 7700480
mean_rewards:  [-61.58] last_mean_rewards:  -61.28943
fps step: 20424 fps step and policy inference: 19321 fps total: 10740 epoch: 237/3000 frames: 7733248
mean_rewards:  [-61.4] last_mean_rewards:  -61.28943
fps step: 20183 fps step and policy inference: 19097 fps total: 12367 epoch: 238/3000 frames: 7766016
mean_rewards:  [-60.64] last_mean_rewards:  -61.28943
saving next best rewards:  [-60.64]
getting weights with keys: dict_keys(['scaler', 'model'])
=> saving checkpoint './logs/scratch_cube_scratch/tracking_ori_grab_s2_cubesmall_inspect_1_nf_300_obs_pure_state_wref_wdelta_density_500.0_trans_0.5_rot_0.5_goalcond_False__18-02-24-37/nn/tracking_ori_grab_s2_cubesmall_inspect_1_nf_300_obs_pure_state_wref_wdelta_density_500.0_trans_0.5_rot_0.5_goalcond_False_.pth'
fps step: 20536 fps step and policy inference: 19389 fps total: 10997 epoch: 239/3000 frames: 7798784
mean_rewards:  [-62.82] last_mean_rewards:  -60.63922
fps step: 20759 fps step and policy inference: 19650 fps total: 12576 epoch: 240/3000 frames: 7831552
mean_rewards:  [-61.9] last_mean_rewards:  -60.63922
fps step: 20647 fps step and policy inference: 19522 fps total: 11639 epoch: 241/3000 frames: 7864320
mean_rewards:  [-61.2] last_mean_rewards:  -60.63922
fps step: 20406 fps step and policy inference: 19343 fps total: 12447 epoch: 242/3000 frames: 7897088
mean_rewards:  [-61.98] last_mean_rewards:  -60.63922
fps step: 20464 fps step and policy inference: 19387 fps total: 11804 epoch: 243/3000 frames: 7929856
mean_rewards:  [-61.21] last_mean_rewards:  -60.63922
fps step: 20387 fps step and policy inference: 19314 fps total: 12434 epoch: 244/3000 frames: 7962624
mean_rewards:  [-61.08] last_mean_rewards:  -60.63922
fps step: 20567 fps step and policy inference: 19573 fps total: 11933 epoch: 245/3000 frames: 7995392
mean_rewards:  [-59.57] last_mean_rewards:  -60.63922
saving next best rewards:  [-59.57]
getting weights with keys: dict_keys(['scaler', 'model'])
=> saving checkpoint './logs/scratch_cube_scratch/tracking_ori_grab_s2_cubesmall_inspect_1_nf_300_obs_pure_state_wref_wdelta_density_500.0_trans_0.5_rot_0.5_goalcond_False__18-02-24-37/nn/tracking_ori_grab_s2_cubesmall_inspect_1_nf_300_obs_pure_state_wref_wdelta_density_500.0_trans_0.5_rot_0.5_goalcond_False_.pth'
fps step: 20428 fps step and policy inference: 19223 fps total: 12352 epoch: 246/3000 frames: 8028160
mean_rewards:  [-59.9] last_mean_rewards:  -59.57117
fps step: 20451 fps step and policy inference: 19450 fps total: 11870 epoch: 247/3000 frames: 8060928
mean_rewards:  [-60.66] last_mean_rewards:  -59.57117
fps step: 20337 fps step and policy inference: 19201 fps total: 12392 epoch: 248/3000 frames: 8093696
mean_rewards:  [-61.25] last_mean_rewards:  -59.57117
fps step: 20616 fps step and policy inference: 19518 fps total: 11959 epoch: 249/3000 frames: 8126464
mean_rewards:  [-60.53] last_mean_rewards:  -59.57117
fps step: 20589 fps step and policy inference: 19547 fps total: 12504 epoch: 250/3000 frames: 8159232
mean_rewards:  [-61.85] last_mean_rewards:  -59.57117
fps step: 20693 fps step and policy inference: 19501 fps total: 12086 epoch: 251/3000 frames: 8192000
mean_rewards:  [-60.93] last_mean_rewards:  -59.57117
fps step: 20544 fps step and policy inference: 19370 fps total: 12384 epoch: 252/3000 frames: 8224768
mean_rewards:  [-62.4] last_mean_rewards:  -59.57117
fps step: 20202 fps step and policy inference: 19133 fps total: 11888 epoch: 253/3000 frames: 8257536
mean_rewards:  [-61.64] last_mean_rewards:  -59.57117
fps step: 20730 fps step and policy inference: 19593 fps total: 12493 epoch: 254/3000 frames: 8290304
mean_rewards:  [-60.96] last_mean_rewards:  -59.57117
fps step: 20507 fps step and policy inference: 19419 fps total: 12073 epoch: 255/3000 frames: 8323072
mean_rewards:  [-60.71] last_mean_rewards:  -59.57117
fps step: 20375 fps step and policy inference: 19236 fps total: 12375 epoch: 256/3000 frames: 8355840
mean_rewards:  [-60.94] last_mean_rewards:  -59.57117
fps step: 20749 fps step and policy inference: 19585 fps total: 12081 epoch: 257/3000 frames: 8388608
mean_rewards:  [-60.81] last_mean_rewards:  -59.57117
fps step: 20527 fps step and policy inference: 19483 fps total: 12425 epoch: 258/3000 frames: 8421376
mean_rewards:  [-61.28] last_mean_rewards:  -59.57117
fps step: 20797 fps step and policy inference: 19699 fps total: 12058 epoch: 259/3000 frames: 8454144
mean_rewards:  [-59.97] last_mean_rewards:  -59.57117
fps step: 20984 fps step and policy inference: 19822 fps total: 12612 epoch: 260/3000 frames: 8486912
mean_rewards:  [-62.02] last_mean_rewards:  -59.57117
fps step: 20943 fps step and policy inference: 19700 fps total: 12304 epoch: 261/3000 frames: 8519680
mean_rewards:  [-58.89] last_mean_rewards:  -59.57117
saving next best rewards:  [-58.89]
getting weights with keys: dict_keys(['scaler', 'model'])
=> saving checkpoint './logs/scratch_cube_scratch/tracking_ori_grab_s2_cubesmall_inspect_1_nf_300_obs_pure_state_wref_wdelta_density_500.0_trans_0.5_rot_0.5_goalcond_False__18-02-24-37/nn/tracking_ori_grab_s2_cubesmall_inspect_1_nf_300_obs_pure_state_wref_wdelta_density_500.0_trans_0.5_rot_0.5_goalcond_False_.pth'
fps step: 20437 fps step and policy inference: 19310 fps total: 12357 epoch: 262/3000 frames: 8552448
mean_rewards:  [-59.91] last_mean_rewards:  -58.894028
fps step: 20423 fps step and policy inference: 19403 fps total: 12043 epoch: 263/3000 frames: 8585216
mean_rewards:  [-59.6] last_mean_rewards:  -58.894028
fps step: 20727 fps step and policy inference: 19628 fps total: 12476 epoch: 264/3000 frames: 8617984
mean_rewards:  [-60.91] last_mean_rewards:  -58.894028
fps step: 20565 fps step and policy inference: 19491 fps total: 12040 epoch: 265/3000 frames: 8650752
mean_rewards:  [-59.98] last_mean_rewards:  -58.894028
fps step: 20428 fps step and policy inference: 19252 fps total: 12361 epoch: 266/3000 frames: 8683520
mean_rewards:  [-59.45] last_mean_rewards:  -58.894028
fps step: 20793 fps step and policy inference: 19577 fps total: 12399 epoch: 267/3000 frames: 8716288
mean_rewards:  [-59.59] last_mean_rewards:  -58.894028
fps step: 20343 fps step and policy inference: 19231 fps total: 12356 epoch: 268/3000 frames: 8749056
mean_rewards:  [-60.45] last_mean_rewards:  -58.894028
fps step: 21091 fps step and policy inference: 19863 fps total: 12444 epoch: 269/3000 frames: 8781824
mean_rewards:  [-59.09] last_mean_rewards:  -58.894028
fps step: 20696 fps step and policy inference: 19610 fps total: 12598 epoch: 270/3000 frames: 8814592
mean_rewards:  [-58.28] last_mean_rewards:  -58.894028
saving next best rewards:  [-58.28]
getting weights with keys: dict_keys(['scaler', 'model'])
=> saving checkpoint './logs/scratch_cube_scratch/tracking_ori_grab_s2_cubesmall_inspect_1_nf_300_obs_pure_state_wref_wdelta_density_500.0_trans_0.5_rot_0.5_goalcond_False__18-02-24-37/nn/tracking_ori_grab_s2_cubesmall_inspect_1_nf_300_obs_pure_state_wref_wdelta_density_500.0_trans_0.5_rot_0.5_goalcond_False_.pth'
fps step: 20828 fps step and policy inference: 19714 fps total: 12650 epoch: 271/3000 frames: 8847360
mean_rewards:  [-59.31] last_mean_rewards:  -58.280956
fps step: 20887 fps step and policy inference: 19720 fps total: 12574 epoch: 272/3000 frames: 8880128
mean_rewards:  [-60.05] last_mean_rewards:  -58.280956
fps step: 20856 fps step and policy inference: 19736 fps total: 12615 epoch: 273/3000 frames: 8912896
mean_rewards:  [-59.45] last_mean_rewards:  -58.280956
fps step: 20767 fps step and policy inference: 19484 fps total: 12377 epoch: 274/3000 frames: 8945664
mean_rewards:  [-59.56] last_mean_rewards:  -58.280956
fps step: 20398 fps step and policy inference: 19217 fps total: 12263 epoch: 275/3000 frames: 8978432
mean_rewards:  [-59.63] last_mean_rewards:  -58.280956
fps step: 20360 fps step and policy inference: 19237 fps total: 12280 epoch: 276/3000 frames: 9011200
mean_rewards:  [-58.98] last_mean_rewards:  -58.280956
fps step: 20442 fps step and policy inference: 19335 fps total: 12479 epoch: 277/3000 frames: 9043968
mean_rewards:  [-59.62] last_mean_rewards:  -58.280956
fps step: 20595 fps step and policy inference: 19523 fps total: 12494 epoch: 278/3000 frames: 9076736
mean_rewards:  [-59.32] last_mean_rewards:  -58.280956
fps step: 20783 fps step and policy inference: 19695 fps total: 12581 epoch: 279/3000 frames: 9109504
mean_rewards:  [-59.61] last_mean_rewards:  -58.280956
fps step: 20287 fps step and policy inference: 19245 fps total: 12342 epoch: 280/3000 frames: 9142272
mean_rewards:  [-60.04] last_mean_rewards:  -58.280956
fps step: 20672 fps step and policy inference: 19598 fps total: 12602 epoch: 281/3000 frames: 9175040
mean_rewards:  [-59.4] last_mean_rewards:  -58.280956
fps step: 20570 fps step and policy inference: 19571 fps total: 12651 epoch: 282/3000 frames: 9207808
mean_rewards:  [-60.05] last_mean_rewards:  -58.280956
fps step: 21241 fps step and policy inference: 20154 fps total: 12803 epoch: 283/3000 frames: 9240576
mean_rewards:  [-59.43] last_mean_rewards:  -58.280956
fps step: 21157 fps step and policy inference: 19932 fps total: 12725 epoch: 284/3000 frames: 9273344
mean_rewards:  [-61.06] last_mean_rewards:  -58.280956
fps step: 20701 fps step and policy inference: 19569 fps total: 12499 epoch: 285/3000 frames: 9306112
mean_rewards:  [-58.9] last_mean_rewards:  -58.280956
fps step: 20877 fps step and policy inference: 19729 fps total: 12571 epoch: 286/3000 frames: 9338880
mean_rewards:  [-60.94] last_mean_rewards:  -58.280956
fps step: 21031 fps step and policy inference: 19816 fps total: 12672 epoch: 287/3000 frames: 9371648
mean_rewards:  [-58.98] last_mean_rewards:  -58.280956
fps step: 20180 fps step and policy inference: 19101 fps total: 12040 epoch: 288/3000 frames: 9404416
mean_rewards:  [-59.35] last_mean_rewards:  -58.280956
fps step: 20653 fps step and policy inference: 19651 fps total: 12182 epoch: 289/3000 frames: 9437184
mean_rewards:  [-59.36] last_mean_rewards:  -58.280956
fps step: 15928 fps step and policy inference: 15172 fps total: 10378 epoch: 290/3000 frames: 9469952
mean_rewards:  [-58.79] last_mean_rewards:  -58.280956
fps step: 21479 fps step and policy inference: 20153 fps total: 12540 epoch: 291/3000 frames: 9502720
mean_rewards:  [-59.78] last_mean_rewards:  -58.280956
fps step: 12990 fps step and policy inference: 12332 fps total: 8968 epoch: 292/3000 frames: 9535488
mean_rewards:  [-59.06] last_mean_rewards:  -58.280956
fps step: 20907 fps step and policy inference: 19870 fps total: 12304 epoch: 293/3000 frames: 9568256
mean_rewards:  [-58.4] last_mean_rewards:  -58.280956
fps step: 11733 fps step and policy inference: 11178 fps total: 8321 epoch: 294/3000 frames: 9601024
mean_rewards:  [-57.96] last_mean_rewards:  -58.280956
saving next best rewards:  [-57.96]
getting weights with keys: dict_keys(['scaler', 'model'])
=> saving checkpoint './logs/scratch_cube_scratch/tracking_ori_grab_s2_cubesmall_inspect_1_nf_300_obs_pure_state_wref_wdelta_density_500.0_trans_0.5_rot_0.5_goalcond_False__18-02-24-37/nn/tracking_ori_grab_s2_cubesmall_inspect_1_nf_300_obs_pure_state_wref_wdelta_density_500.0_trans_0.5_rot_0.5_goalcond_False_.pth'
fps step: 20770 fps step and policy inference: 19686 fps total: 12297 epoch: 295/3000 frames: 9633792
mean_rewards:  [-57.29] last_mean_rewards:  -57.9561
saving next best rewards:  [-57.29]
getting weights with keys: dict_keys(['scaler', 'model'])
=> saving checkpoint './logs/scratch_cube_scratch/tracking_ori_grab_s2_cubesmall_inspect_1_nf_300_obs_pure_state_wref_wdelta_density_500.0_trans_0.5_rot_0.5_goalcond_False__18-02-24-37/nn/tracking_ori_grab_s2_cubesmall_inspect_1_nf_300_obs_pure_state_wref_wdelta_density_500.0_trans_0.5_rot_0.5_goalcond_False_.pth'
fps step: 11908 fps step and policy inference: 11333 fps total: 8446 epoch: 296/3000 frames: 9666560
mean_rewards:  [-56.81] last_mean_rewards:  -57.2883
saving next best rewards:  [-56.81]
getting weights with keys: dict_keys(['scaler', 'model'])
=> saving checkpoint './logs/scratch_cube_scratch/tracking_ori_grab_s2_cubesmall_inspect_1_nf_300_obs_pure_state_wref_wdelta_density_500.0_trans_0.5_rot_0.5_goalcond_False__18-02-24-37/nn/tracking_ori_grab_s2_cubesmall_inspect_1_nf_300_obs_pure_state_wref_wdelta_density_500.0_trans_0.5_rot_0.5_goalcond_False_.pth'
fps step: 20924 fps step and policy inference: 19858 fps total: 12297 epoch: 297/3000 frames: 9699328
mean_rewards:  [-56.82] last_mean_rewards:  -56.805542
fps step: 11845 fps step and policy inference: 11247 fps total: 8382 epoch: 298/3000 frames: 9732096
mean_rewards:  [-57.25] last_mean_rewards:  -56.805542
fps step: 20790 fps step and policy inference: 19639 fps total: 12244 epoch: 299/3000 frames: 9764864
mean_rewards:  [-57.56] last_mean_rewards:  -56.805542
fps step: 11756 fps step and policy inference: 11166 fps total: 8322 epoch: 300/3000 frames: 9797632
mean_rewards:  [-57.41] last_mean_rewards:  -56.805542
fps step: 20702 fps step and policy inference: 19676 fps total: 12587 epoch: 301/3000 frames: 9830400
mean_rewards:  [-57.28] last_mean_rewards:  -56.805542
fps step: 11448 fps step and policy inference: 10866 fps total: 8304 epoch: 302/3000 frames: 9863168
mean_rewards:  [-57.39] last_mean_rewards:  -56.805542
fps step: 20472 fps step and policy inference: 19444 fps total: 12538 epoch: 303/3000 frames: 9895936
mean_rewards:  [-57.67] last_mean_rewards:  -56.805542
fps step: 10198 fps step and policy inference: 9693 fps total: 7595 epoch: 304/3000 frames: 9928704
mean_rewards:  [-58.13] last_mean_rewards:  -56.805542
fps step: 20920 fps step and policy inference: 19768 fps total: 12671 epoch: 305/3000 frames: 9961472
mean_rewards:  [-57.78] last_mean_rewards:  -56.805542
fps step: 10015 fps step and policy inference: 9489 fps total: 7475 epoch: 306/3000 frames: 9994240
mean_rewards:  [-56.61] last_mean_rewards:  -56.805542
saving next best rewards:  [-56.61]
getting weights with keys: dict_keys(['scaler', 'model'])
=> saving checkpoint './logs/scratch_cube_scratch/tracking_ori_grab_s2_cubesmall_inspect_1_nf_300_obs_pure_state_wref_wdelta_density_500.0_trans_0.5_rot_0.5_goalcond_False__18-02-24-37/nn/tracking_ori_grab_s2_cubesmall_inspect_1_nf_300_obs_pure_state_wref_wdelta_density_500.0_trans_0.5_rot_0.5_goalcond_False_.pth'
fps step: 20770 fps step and policy inference: 19605 fps total: 12495 epoch: 307/3000 frames: 10027008
mean_rewards:  [-56.12] last_mean_rewards:  -56.6056
saving next best rewards:  [-56.12]
getting weights with keys: dict_keys(['scaler', 'model'])
=> saving checkpoint './logs/scratch_cube_scratch/tracking_ori_grab_s2_cubesmall_inspect_1_nf_300_obs_pure_state_wref_wdelta_density_500.0_trans_0.5_rot_0.5_goalcond_False__18-02-24-37/nn/tracking_ori_grab_s2_cubesmall_inspect_1_nf_300_obs_pure_state_wref_wdelta_density_500.0_trans_0.5_rot_0.5_goalcond_False_.pth'
fps step: 9922 fps step and policy inference: 9420 fps total: 7422 epoch: 308/3000 frames: 10059776
mean_rewards:  [-56.78] last_mean_rewards:  -56.116356
fps step: 21240 fps step and policy inference: 20042 fps total: 12827 epoch: 309/3000 frames: 10092544
mean_rewards:  [-57.29] last_mean_rewards:  -56.116356
fps step: 9881 fps step and policy inference: 9408 fps total: 7461 epoch: 310/3000 frames: 10125312
mean_rewards:  [-56.44] last_mean_rewards:  -56.116356
fps step: 21105 fps step and policy inference: 19886 fps total: 12727 epoch: 311/3000 frames: 10158080
mean_rewards:  [-56.35] last_mean_rewards:  -56.116356
fps step: 9835 fps step and policy inference: 9375 fps total: 7435 epoch: 312/3000 frames: 10190848
mean_rewards:  [-56.86] last_mean_rewards:  -56.116356
fps step: 20568 fps step and policy inference: 19455 fps total: 12584 epoch: 313/3000 frames: 10223616
mean_rewards:  [-56.81] last_mean_rewards:  -56.116356
fps step: 9842 fps step and policy inference: 9365 fps total: 7415 epoch: 314/3000 frames: 10256384
mean_rewards:  [-56.29] last_mean_rewards:  -56.116356
fps step: 20928 fps step and policy inference: 19764 fps total: 12697 epoch: 315/3000 frames: 10289152
mean_rewards:  [-55.29] last_mean_rewards:  -56.116356
saving next best rewards:  [-55.29]
getting weights with keys: dict_keys(['scaler', 'model'])
=> saving checkpoint './logs/scratch_cube_scratch/tracking_ori_grab_s2_cubesmall_inspect_1_nf_300_obs_pure_state_wref_wdelta_density_500.0_trans_0.5_rot_0.5_goalcond_False__18-02-24-37/nn/tracking_ori_grab_s2_cubesmall_inspect_1_nf_300_obs_pure_state_wref_wdelta_density_500.0_trans_0.5_rot_0.5_goalcond_False_.pth'
fps step: 9948 fps step and policy inference: 9465 fps total: 7395 epoch: 316/3000 frames: 10321920
mean_rewards:  [-54.88] last_mean_rewards:  -55.289776
saving next best rewards:  [-54.88]
getting weights with keys: dict_keys(['scaler', 'model'])
=> saving checkpoint './logs/scratch_cube_scratch/tracking_ori_grab_s2_cubesmall_inspect_1_nf_300_obs_pure_state_wref_wdelta_density_500.0_trans_0.5_rot_0.5_goalcond_False__18-02-24-37/nn/tracking_ori_grab_s2_cubesmall_inspect_1_nf_300_obs_pure_state_wref_wdelta_density_500.0_trans_0.5_rot_0.5_goalcond_False_.pth'
fps step: 20727 fps step and policy inference: 19658 fps total: 12660 epoch: 317/3000 frames: 10354688
mean_rewards:  [-55.83] last_mean_rewards:  -54.875027
fps step: 10351 fps step and policy inference: 9854 fps total: 7710 epoch: 318/3000 frames: 10387456
mean_rewards:  [-55.93] last_mean_rewards:  -54.875027
fps step: 20782 fps step and policy inference: 19656 fps total: 12478 epoch: 319/3000 frames: 10420224
mean_rewards:  [-56.43] last_mean_rewards:  -54.875027
fps step: 10537 fps step and policy inference: 9999 fps total: 7665 epoch: 320/3000 frames: 10452992
mean_rewards:  [-56.34] last_mean_rewards:  -54.875027
fps step: 20828 fps step and policy inference: 19705 fps total: 12271 epoch: 321/3000 frames: 10485760
mean_rewards:  [-55.56] last_mean_rewards:  -54.875027
fps step: 11130 fps step and policy inference: 10581 fps total: 7959 epoch: 322/3000 frames: 10518528
mean_rewards:  [-55.91] last_mean_rewards:  -54.875027
fps step: 21177 fps step and policy inference: 19942 fps total: 12369 epoch: 323/3000 frames: 10551296
mean_rewards:  [-56.61] last_mean_rewards:  -54.875027
fps step: 11793 fps step and policy inference: 11184 fps total: 8431 epoch: 324/3000 frames: 10584064
mean_rewards:  [-56.07] last_mean_rewards:  -54.875027
fps step: 21106 fps step and policy inference: 20015 fps total: 12801 epoch: 325/3000 frames: 10616832
mean_rewards:  [-55.63] last_mean_rewards:  -54.875027
fps step: 10505 fps step and policy inference: 9993 fps total: 7793 epoch: 326/3000 frames: 10649600
mean_rewards:  [-55.39] last_mean_rewards:  -54.875027
fps step: 20916 fps step and policy inference: 19802 fps total: 12666 epoch: 327/3000 frames: 10682368
mean_rewards:  [-56.23] last_mean_rewards:  -54.875027
fps step: 9979 fps step and policy inference: 9466 fps total: 7451 epoch: 328/3000 frames: 10715136
mean_rewards:  [-56.8] last_mean_rewards:  -54.875027
fps step: 21020 fps step and policy inference: 19964 fps total: 12762 epoch: 329/3000 frames: 10747904
mean_rewards:  [-56.39] last_mean_rewards:  -54.875027
fps step: 9976 fps step and policy inference: 9476 fps total: 7444 epoch: 330/3000 frames: 10780672
mean_rewards:  [-56.59] last_mean_rewards:  -54.875027
fps step: 20545 fps step and policy inference: 19506 fps total: 12564 epoch: 331/3000 frames: 10813440
mean_rewards:  [-56.41] last_mean_rewards:  -54.875027
fps step: 9774 fps step and policy inference: 9297 fps total: 7337 epoch: 332/3000 frames: 10846208
mean_rewards:  [-57.39] last_mean_rewards:  -54.875027
fps step: 20286 fps step and policy inference: 19226 fps total: 12351 epoch: 333/3000 frames: 10878976
mean_rewards:  [-57.89] last_mean_rewards:  -54.875027
fps step: 9955 fps step and policy inference: 9468 fps total: 7436 epoch: 334/3000 frames: 10911744
mean_rewards:  [-58.08] last_mean_rewards:  -54.875027
fps step: 20394 fps step and policy inference: 19282 fps total: 12399 epoch: 335/3000 frames: 10944512
mean_rewards:  [-57.43] last_mean_rewards:  -54.875027
fps step: 9847 fps step and policy inference: 9370 fps total: 7383 epoch: 336/3000 frames: 10977280
mean_rewards:  [-57.01] last_mean_rewards:  -54.875027
fps step: 20944 fps step and policy inference: 19769 fps total: 12683 epoch: 337/3000 frames: 11010048
mean_rewards:  [-57.6] last_mean_rewards:  -54.875027
fps step: 9811 fps step and policy inference: 9355 fps total: 7397 epoch: 338/3000 frames: 11042816
mean_rewards:  [-56.99] last_mean_rewards:  -54.875027
fps step: 21054 fps step and policy inference: 19918 fps total: 12742 epoch: 339/3000 frames: 11075584
mean_rewards:  [-57.67] last_mean_rewards:  -54.875027
fps step: 9868 fps step and policy inference: 9386 fps total: 7397 epoch: 340/3000 frames: 11108352
mean_rewards:  [-57.68] last_mean_rewards:  -54.875027
fps step: 20614 fps step and policy inference: 19503 fps total: 12527 epoch: 341/3000 frames: 11141120
mean_rewards:  [-57.55] last_mean_rewards:  -54.875027
fps step: 9895 fps step and policy inference: 9426 fps total: 7414 epoch: 342/3000 frames: 11173888
mean_rewards:  [-58.35] last_mean_rewards:  -54.875027
fps step: 20737 fps step and policy inference: 19625 fps total: 12615 epoch: 343/3000 frames: 11206656
mean_rewards:  [-58.31] last_mean_rewards:  -54.875027
fps step: 10049 fps step and policy inference: 9552 fps total: 7520 epoch: 344/3000 frames: 11239424
mean_rewards:  [-57.78] last_mean_rewards:  -54.875027
fps step: 20131 fps step and policy inference: 19081 fps total: 12436 epoch: 345/3000 frames: 11272192
mean_rewards:  [-58.1] last_mean_rewards:  -54.875027
fps step: 9802 fps step and policy inference: 9334 fps total: 7365 epoch: 346/3000 frames: 11304960
mean_rewards:  [-57.12] last_mean_rewards:  -54.875027
fps step: 20663 fps step and policy inference: 19535 fps total: 12593 epoch: 347/3000 frames: 11337728
mean_rewards:  [-56.] last_mean_rewards:  -54.875027
fps step: 9899 fps step and policy inference: 9422 fps total: 7405 epoch: 348/3000 frames: 11370496
mean_rewards:  [-56.26] last_mean_rewards:  -54.875027
fps step: 20471 fps step and policy inference: 19446 fps total: 12525 epoch: 349/3000 frames: 11403264
mean_rewards:  [-55.06] last_mean_rewards:  -54.875027
fps step: 9826 fps step and policy inference: 9351 fps total: 7368 epoch: 350/3000 frames: 11436032
mean_rewards:  [-55.47] last_mean_rewards:  -54.875027
fps step: 20457 fps step and policy inference: 19449 fps total: 12553 epoch: 351/3000 frames: 11468800
mean_rewards:  [-55.34] last_mean_rewards:  -54.875027
fps step: 9826 fps step and policy inference: 9340 fps total: 7366 epoch: 352/3000 frames: 11501568
mean_rewards:  [-56.98] last_mean_rewards:  -54.875027
fps step: 20750 fps step and policy inference: 19644 fps total: 12618 epoch: 353/3000 frames: 11534336
mean_rewards:  [-55.52] last_mean_rewards:  -54.875027
fps step: 10682 fps step and policy inference: 10169 fps total: 7597 epoch: 354/3000 frames: 11567104
mean_rewards:  [-55.2] last_mean_rewards:  -54.875027
fps step: 20444 fps step and policy inference: 19373 fps total: 12441 epoch: 355/3000 frames: 11599872
mean_rewards:  [-57.09] last_mean_rewards:  -54.875027
fps step: 12361 fps step and policy inference: 11777 fps total: 7986 epoch: 356/3000 frames: 11632640
mean_rewards:  [-56.47] last_mean_rewards:  -54.875027
fps step: 20912 fps step and policy inference: 19773 fps total: 12577 epoch: 357/3000 frames: 11665408
mean_rewards:  [-55.61] last_mean_rewards:  -54.875027
fps step: 19392 fps step and policy inference: 18372 fps total: 10143 epoch: 358/3000 frames: 11698176
mean_rewards:  [-55.14] last_mean_rewards:  -54.875027
fps step: 20137 fps step and policy inference: 19094 fps total: 12335 epoch: 359/3000 frames: 11730944
mean_rewards:  [-55.66] last_mean_rewards:  -54.875027
fps step: 20186 fps step and policy inference: 19093 fps total: 11130 epoch: 360/3000 frames: 11763712
mean_rewards:  [-55.57] last_mean_rewards:  -54.875027
fps step: 20265 fps step and policy inference: 19184 fps total: 12351 epoch: 361/3000 frames: 11796480
mean_rewards:  [-56.81] last_mean_rewards:  -54.875027
fps step: 20357 fps step and policy inference: 19246 fps total: 11880 epoch: 362/3000 frames: 11829248
mean_rewards:  [-56.29] last_mean_rewards:  -54.875027
fps step: 20477 fps step and policy inference: 19270 fps total: 12320 epoch: 363/3000 frames: 11862016
mean_rewards:  [-55.28] last_mean_rewards:  -54.875027
fps step: 20348 fps step and policy inference: 19244 fps total: 11893 epoch: 364/3000 frames: 11894784
mean_rewards:  [-55.52] last_mean_rewards:  -54.875027
fps step: 20700 fps step and policy inference: 19608 fps total: 12511 epoch: 365/3000 frames: 11927552
mean_rewards:  [-57.68] last_mean_rewards:  -54.875027
fps step: 20853 fps step and policy inference: 19766 fps total: 12640 epoch: 366/3000 frames: 11960320
mean_rewards:  [-56.03] last_mean_rewards:  -54.875027
fps step: 20659 fps step and policy inference: 19618 fps total: 12562 epoch: 367/3000 frames: 11993088
mean_rewards:  [-55.51] last_mean_rewards:  -54.875027
fps step: 20732 fps step and policy inference: 19525 fps total: 12620 epoch: 368/3000 frames: 12025856
mean_rewards:  [-54.96] last_mean_rewards:  -54.875027
fps step: 20477 fps step and policy inference: 19323 fps total: 12492 epoch: 369/3000 frames: 12058624
mean_rewards:  [-55.19] last_mean_rewards:  -54.875027
fps step: 20142 fps step and policy inference: 19140 fps total: 11966 epoch: 370/3000 frames: 12091392
mean_rewards:  [-57.08] last_mean_rewards:  -54.875027
fps step: 20906 fps step and policy inference: 19637 fps total: 12464 epoch: 371/3000 frames: 12124160
mean_rewards:  [-56.01] last_mean_rewards:  -54.875027
fps step: 20911 fps step and policy inference: 19670 fps total: 12536 epoch: 372/3000 frames: 12156928
mean_rewards:  [-55.57] last_mean_rewards:  -54.875027
fps step: 20143 fps step and policy inference: 19200 fps total: 12349 epoch: 373/3000 frames: 12189696
mean_rewards:  [-56.98] last_mean_rewards:  -54.875027
fps step: 20359 fps step and policy inference: 19320 fps total: 12047 epoch: 374/3000 frames: 12222464
mean_rewards:  [-55.25] last_mean_rewards:  -54.875027
fps step: 20938 fps step and policy inference: 19729 fps total: 12482 epoch: 375/3000 frames: 12255232
mean_rewards:  [-55.97] last_mean_rewards:  -54.875027
fps step: 20898 fps step and policy inference: 19726 fps total: 12217 epoch: 376/3000 frames: 12288000
mean_rewards:  [-55.57] last_mean_rewards:  -54.875027
fps step: 20743 fps step and policy inference: 19610 fps total: 12458 epoch: 377/3000 frames: 12320768
mean_rewards:  [-56.21] last_mean_rewards:  -54.875027
fps step: 20514 fps step and policy inference: 19390 fps total: 12278 epoch: 378/3000 frames: 12353536
mean_rewards:  [-55.26] last_mean_rewards:  -54.875027
fps step: 20530 fps step and policy inference: 19394 fps total: 12318 epoch: 379/3000 frames: 12386304
mean_rewards:  [-55.13] last_mean_rewards:  -54.875027
fps step: 20419 fps step and policy inference: 19314 fps total: 12415 epoch: 380/3000 frames: 12419072
mean_rewards:  [-54.64] last_mean_rewards:  -54.875027
saving next best rewards:  [-54.64]
getting weights with keys: dict_keys(['scaler', 'model'])
=> saving checkpoint './logs/scratch_cube_scratch/tracking_ori_grab_s2_cubesmall_inspect_1_nf_300_obs_pure_state_wref_wdelta_density_500.0_trans_0.5_rot_0.5_goalcond_False__18-02-24-37/nn/tracking_ori_grab_s2_cubesmall_inspect_1_nf_300_obs_pure_state_wref_wdelta_density_500.0_trans_0.5_rot_0.5_goalcond_False_.pth'
fps step: 20761 fps step and policy inference: 19594 fps total: 12679 epoch: 381/3000 frames: 12451840
mean_rewards:  [-54.77] last_mean_rewards:  -54.641827
fps step: 20652 fps step and policy inference: 19588 fps total: 12545 epoch: 382/3000 frames: 12484608
mean_rewards:  [-54.71] last_mean_rewards:  -54.641827
fps step: 20280 fps step and policy inference: 19041 fps total: 12280 epoch: 383/3000 frames: 12517376
mean_rewards:  [-55.38] last_mean_rewards:  -54.641827
fps step: 20337 fps step and policy inference: 19235 fps total: 12449 epoch: 384/3000 frames: 12550144
mean_rewards:  [-56.56] last_mean_rewards:  -54.641827
fps step: 20997 fps step and policy inference: 19807 fps total: 12753 epoch: 385/3000 frames: 12582912
mean_rewards:  [-55.34] last_mean_rewards:  -54.641827
fps step: 20720 fps step and policy inference: 19555 fps total: 12644 epoch: 386/3000 frames: 12615680
mean_rewards:  [-55.61] last_mean_rewards:  -54.641827
fps step: 20632 fps step and policy inference: 19469 fps total: 12467 epoch: 387/3000 frames: 12648448
mean_rewards:  [-55.32] last_mean_rewards:  -54.641827
fps step: 20291 fps step and policy inference: 19240 fps total: 12392 epoch: 388/3000 frames: 12681216
mean_rewards:  [-54.23] last_mean_rewards:  -54.641827
saving next best rewards:  [-54.23]
getting weights with keys: dict_keys(['scaler', 'model'])
=> saving checkpoint './logs/scratch_cube_scratch/tracking_ori_grab_s2_cubesmall_inspect_1_nf_300_obs_pure_state_wref_wdelta_density_500.0_trans_0.5_rot_0.5_goalcond_False__18-02-24-37/nn/tracking_ori_grab_s2_cubesmall_inspect_1_nf_300_obs_pure_state_wref_wdelta_density_500.0_trans_0.5_rot_0.5_goalcond_False_.pth'
fps step: 20597 fps step and policy inference: 19479 fps total: 12564 epoch: 389/3000 frames: 12713984
mean_rewards:  [-55.15] last_mean_rewards:  -54.229492
fps step: 20544 fps step and policy inference: 19444 fps total: 12501 epoch: 390/3000 frames: 12746752
mean_rewards:  [-54.63] last_mean_rewards:  -54.229492
fps step: 20177 fps step and policy inference: 19123 fps total: 12403 epoch: 391/3000 frames: 12779520
mean_rewards:  [-55.] last_mean_rewards:  -54.229492
fps step: 20642 fps step and policy inference: 19507 fps total: 12576 epoch: 392/3000 frames: 12812288
mean_rewards:  [-54.7] last_mean_rewards:  -54.229492
fps step: 20624 fps step and policy inference: 19580 fps total: 12586 epoch: 393/3000 frames: 12845056
mean_rewards:  [-55.23] last_mean_rewards:  -54.229492
fps step: 20456 fps step and policy inference: 19339 fps total: 12584 epoch: 394/3000 frames: 12877824
mean_rewards:  [-56.12] last_mean_rewards:  -54.229492
fps step: 20353 fps step and policy inference: 19281 fps total: 12477 epoch: 395/3000 frames: 12910592
mean_rewards:  [-54.92] last_mean_rewards:  -54.229492
fps step: 20531 fps step and policy inference: 19463 fps total: 12629 epoch: 396/3000 frames: 12943360
mean_rewards:  [-55.55] last_mean_rewards:  -54.229492
fps step: 20431 fps step and policy inference: 19289 fps total: 12331 epoch: 397/3000 frames: 12976128
mean_rewards:  [-55.28] last_mean_rewards:  -54.229492
fps step: 20678 fps step and policy inference: 19610 fps total: 12610 epoch: 398/3000 frames: 13008896
mean_rewards:  [-55.15] last_mean_rewards:  -54.229492
fps step: 20866 fps step and policy inference: 19674 fps total: 12739 epoch: 399/3000 frames: 13041664
mean_rewards:  [-54.17] last_mean_rewards:  -54.229492
saving next best rewards:  [-54.17]
getting weights with keys: dict_keys(['scaler', 'model'])
=> saving checkpoint './logs/scratch_cube_scratch/tracking_ori_grab_s2_cubesmall_inspect_1_nf_300_obs_pure_state_wref_wdelta_density_500.0_trans_0.5_rot_0.5_goalcond_False__18-02-24-37/nn/tracking_ori_grab_s2_cubesmall_inspect_1_nf_300_obs_pure_state_wref_wdelta_density_500.0_trans_0.5_rot_0.5_goalcond_False_.pth'
fps step: 20442 fps step and policy inference: 19276 fps total: 12492 epoch: 400/3000 frames: 13074432
mean_rewards:  [-54.28] last_mean_rewards:  -54.16761
getting weights with keys: dict_keys(['scaler', 'model'])
=> saving checkpoint './logs/scratch_cube_scratch/tracking_ori_grab_s2_cubesmall_inspect_1_nf_300_obs_pure_state_wref_wdelta_density_500.0_trans_0.5_rot_0.5_goalcond_False__18-02-24-37/nn/last_tracking_ori_grab_s2_cubesmall_inspect_1_nf_300_obs_pure_state_wref_wdelta_density_500.0_trans_0.5_rot_0.5_goalcond_False__ep_400_rew_-54.281467.pth'
fps step: 20264 fps step and policy inference: 19155 fps total: 12383 epoch: 401/3000 frames: 13107200
mean_rewards:  [-54.5] last_mean_rewards:  -54.16761
fps step: 20247 fps step and policy inference: 19110 fps total: 11751 epoch: 402/3000 frames: 13139968
mean_rewards:  [-54.46] last_mean_rewards:  -54.16761
fps step: 20979 fps step and policy inference: 19801 fps total: 12548 epoch: 403/3000 frames: 13172736
mean_rewards:  [-54.9] last_mean_rewards:  -54.16761
fps step: 20773 fps step and policy inference: 19624 fps total: 12347 epoch: 404/3000 frames: 13205504
mean_rewards:  [-54.17] last_mean_rewards:  -54.16761
saving next best rewards:  [-54.17]
getting weights with keys: dict_keys(['scaler', 'model'])
=> saving checkpoint './logs/scratch_cube_scratch/tracking_ori_grab_s2_cubesmall_inspect_1_nf_300_obs_pure_state_wref_wdelta_density_500.0_trans_0.5_rot_0.5_goalcond_False__18-02-24-37/nn/tracking_ori_grab_s2_cubesmall_inspect_1_nf_300_obs_pure_state_wref_wdelta_density_500.0_trans_0.5_rot_0.5_goalcond_False_.pth'
fps step: 20169 fps step and policy inference: 19072 fps total: 12374 epoch: 405/3000 frames: 13238272
mean_rewards:  [-55.17] last_mean_rewards:  -54.16503
fps step: 20388 fps step and policy inference: 19323 fps total: 12110 epoch: 406/3000 frames: 13271040
mean_rewards:  [-53.56] last_mean_rewards:  -54.16503
saving next best rewards:  [-53.56]
getting weights with keys: dict_keys(['scaler', 'model'])
=> saving checkpoint './logs/scratch_cube_scratch/tracking_ori_grab_s2_cubesmall_inspect_1_nf_300_obs_pure_state_wref_wdelta_density_500.0_trans_0.5_rot_0.5_goalcond_False__18-02-24-37/nn/tracking_ori_grab_s2_cubesmall_inspect_1_nf_300_obs_pure_state_wref_wdelta_density_500.0_trans_0.5_rot_0.5_goalcond_False_.pth'
fps step: 20439 fps step and policy inference: 19338 fps total: 12498 epoch: 407/3000 frames: 13303808
mean_rewards:  [-54.3] last_mean_rewards:  -53.557903
fps step: 20800 fps step and policy inference: 19635 fps total: 12715 epoch: 408/3000 frames: 13336576
mean_rewards:  [-53.81] last_mean_rewards:  -53.557903
fps step: 20276 fps step and policy inference: 19143 fps total: 12392 epoch: 409/3000 frames: 13369344
mean_rewards:  [-53.92] last_mean_rewards:  -53.557903
fps step: 20515 fps step and policy inference: 19392 fps total: 12543 epoch: 410/3000 frames: 13402112
mean_rewards:  [-54.94] last_mean_rewards:  -53.557903
fps step: 20321 fps step and policy inference: 19261 fps total: 12424 epoch: 411/3000 frames: 13434880
mean_rewards:  [-53.65] last_mean_rewards:  -53.557903
fps step: 20532 fps step and policy inference: 19495 fps total: 12567 epoch: 412/3000 frames: 13467648
mean_rewards:  [-55.33] last_mean_rewards:  -53.557903
fps step: 20829 fps step and policy inference: 19717 fps total: 12580 epoch: 413/3000 frames: 13500416
mean_rewards:  [-54.06] last_mean_rewards:  -53.557903
fps step: 20585 fps step and policy inference: 19548 fps total: 12503 epoch: 414/3000 frames: 13533184
mean_rewards:  [-54.12] last_mean_rewards:  -53.557903
fps step: 20435 fps step and policy inference: 19425 fps total: 12513 epoch: 415/3000 frames: 13565952
mean_rewards:  [-53.93] last_mean_rewards:  -53.557903
fps step: 20465 fps step and policy inference: 19441 fps total: 12526 epoch: 416/3000 frames: 13598720
mean_rewards:  [-53.96] last_mean_rewards:  -53.557903
fps step: 20797 fps step and policy inference: 19666 fps total: 12555 epoch: 417/3000 frames: 13631488
mean_rewards:  [-53.78] last_mean_rewards:  -53.557903
fps step: 21272 fps step and policy inference: 20071 fps total: 12763 epoch: 418/3000 frames: 13664256
mean_rewards:  [-54.35] last_mean_rewards:  -53.557903
fps step: 20429 fps step and policy inference: 19345 fps total: 12433 epoch: 419/3000 frames: 13697024
mean_rewards:  [-54.23] last_mean_rewards:  -53.557903
fps step: 20466 fps step and policy inference: 19412 fps total: 12432 epoch: 420/3000 frames: 13729792
mean_rewards:  [-55.2] last_mean_rewards:  -53.557903
fps step: 20466 fps step and policy inference: 19388 fps total: 12420 epoch: 421/3000 frames: 13762560
mean_rewards:  [-53.5] last_mean_rewards:  -53.557903
saving next best rewards:  [-53.5]
getting weights with keys: dict_keys(['scaler', 'model'])
=> saving checkpoint './logs/scratch_cube_scratch/tracking_ori_grab_s2_cubesmall_inspect_1_nf_300_obs_pure_state_wref_wdelta_density_500.0_trans_0.5_rot_0.5_goalcond_False__18-02-24-37/nn/tracking_ori_grab_s2_cubesmall_inspect_1_nf_300_obs_pure_state_wref_wdelta_density_500.0_trans_0.5_rot_0.5_goalcond_False_.pth'
fps step: 20698 fps step and policy inference: 19676 fps total: 12542 epoch: 422/3000 frames: 13795328
mean_rewards:  [-54.35] last_mean_rewards:  -53.49741
fps step: 20386 fps step and policy inference: 19364 fps total: 12463 epoch: 423/3000 frames: 13828096
mean_rewards:  [-55.14] last_mean_rewards:  -53.49741
fps step: 20328 fps step and policy inference: 19287 fps total: 12457 epoch: 424/3000 frames: 13860864
mean_rewards:  [-55.02] last_mean_rewards:  -53.49741
fps step: 20089 fps step and policy inference: 19048 fps total: 12328 epoch: 425/3000 frames: 13893632
mean_rewards:  [-54.58] last_mean_rewards:  -53.49741
fps step: 20543 fps step and policy inference: 19312 fps total: 12452 epoch: 426/3000 frames: 13926400
mean_rewards:  [-54.74] last_mean_rewards:  -53.49741
fps step: 20408 fps step and policy inference: 19314 fps total: 12484 epoch: 427/3000 frames: 13959168
mean_rewards:  [-53.34] last_mean_rewards:  -53.49741
saving next best rewards:  [-53.34]
getting weights with keys: dict_keys(['scaler', 'model'])
=> saving checkpoint './logs/scratch_cube_scratch/tracking_ori_grab_s2_cubesmall_inspect_1_nf_300_obs_pure_state_wref_wdelta_density_500.0_trans_0.5_rot_0.5_goalcond_False__18-02-24-37/nn/tracking_ori_grab_s2_cubesmall_inspect_1_nf_300_obs_pure_state_wref_wdelta_density_500.0_trans_0.5_rot_0.5_goalcond_False_.pth'
fps step: 20390 fps step and policy inference: 19390 fps total: 12485 epoch: 428/3000 frames: 13991936
mean_rewards:  [-54.77] last_mean_rewards:  -53.335087
fps step: 20028 fps step and policy inference: 19011 fps total: 12262 epoch: 429/3000 frames: 14024704
mean_rewards:  [-53.59] last_mean_rewards:  -53.335087
fps step: 20245 fps step and policy inference: 19199 fps total: 12101 epoch: 430/3000 frames: 14057472
mean_rewards:  [-54.37] last_mean_rewards:  -53.335087
fps step: 20462 fps step and policy inference: 19410 fps total: 12381 epoch: 431/3000 frames: 14090240
mean_rewards:  [-53.73] last_mean_rewards:  -53.335087
fps step: 20796 fps step and policy inference: 19660 fps total: 12201 epoch: 432/3000 frames: 14123008
mean_rewards:  [-53.05] last_mean_rewards:  -53.335087
saving next best rewards:  [-53.05]
getting weights with keys: dict_keys(['scaler', 'model'])
=> saving checkpoint './logs/scratch_cube_scratch/tracking_ori_grab_s2_cubesmall_inspect_1_nf_300_obs_pure_state_wref_wdelta_density_500.0_trans_0.5_rot_0.5_goalcond_False__18-02-24-37/nn/tracking_ori_grab_s2_cubesmall_inspect_1_nf_300_obs_pure_state_wref_wdelta_density_500.0_trans_0.5_rot_0.5_goalcond_False_.pth'
fps step: 20385 fps step and policy inference: 19454 fps total: 12432 epoch: 433/3000 frames: 14155776
mean_rewards:  [-53.36] last_mean_rewards:  -53.050014
fps step: 20298 fps step and policy inference: 19333 fps total: 12203 epoch: 434/3000 frames: 14188544
mean_rewards:  [-53.77] last_mean_rewards:  -53.050014
fps step: 20303 fps step and policy inference: 19246 fps total: 12334 epoch: 435/3000 frames: 14221312
mean_rewards:  [-55.62] last_mean_rewards:  -53.050014
fps step: 20630 fps step and policy inference: 19495 fps total: 12126 epoch: 436/3000 frames: 14254080
mean_rewards:  [-53.27] last_mean_rewards:  -53.050014
fps step: 20340 fps step and policy inference: 19216 fps total: 12334 epoch: 437/3000 frames: 14286848
mean_rewards:  [-53.] last_mean_rewards:  -53.050014
saving next best rewards:  [-53.]
getting weights with keys: dict_keys(['scaler', 'model'])
=> saving checkpoint './logs/scratch_cube_scratch/tracking_ori_grab_s2_cubesmall_inspect_1_nf_300_obs_pure_state_wref_wdelta_density_500.0_trans_0.5_rot_0.5_goalcond_False__18-02-24-37/nn/tracking_ori_grab_s2_cubesmall_inspect_1_nf_300_obs_pure_state_wref_wdelta_density_500.0_trans_0.5_rot_0.5_goalcond_False_.pth'
fps step: 19973 fps step and policy inference: 18899 fps total: 11750 epoch: 438/3000 frames: 14319616
mean_rewards:  [-53.6] last_mean_rewards:  -53.00384
fps step: 20287 fps step and policy inference: 19162 fps total: 12338 epoch: 439/3000 frames: 14352384
mean_rewards:  [-52.7] last_mean_rewards:  -53.00384
saving next best rewards:  [-52.7]
getting weights with keys: dict_keys(['scaler', 'model'])
=> saving checkpoint './logs/scratch_cube_scratch/tracking_ori_grab_s2_cubesmall_inspect_1_nf_300_obs_pure_state_wref_wdelta_density_500.0_trans_0.5_rot_0.5_goalcond_False__18-02-24-37/nn/tracking_ori_grab_s2_cubesmall_inspect_1_nf_300_obs_pure_state_wref_wdelta_density_500.0_trans_0.5_rot_0.5_goalcond_False_.pth'
fps step: 20202 fps step and policy inference: 19131 fps total: 11752 epoch: 440/3000 frames: 14385152
mean_rewards:  [-53.74] last_mean_rewards:  -52.703682
fps step: 20720 fps step and policy inference: 19526 fps total: 12452 epoch: 441/3000 frames: 14417920
mean_rewards:  [-52.93] last_mean_rewards:  -52.703682
fps step: 20584 fps step and policy inference: 19490 fps total: 11808 epoch: 442/3000 frames: 14450688
mean_rewards:  [-52.93] last_mean_rewards:  -52.703682
fps step: 20250 fps step and policy inference: 19180 fps total: 12331 epoch: 443/3000 frames: 14483456
mean_rewards:  [-53.77] last_mean_rewards:  -52.703682
fps step: 20608 fps step and policy inference: 19472 fps total: 11848 epoch: 444/3000 frames: 14516224
mean_rewards:  [-52.95] last_mean_rewards:  -52.703682
fps step: 20783 fps step and policy inference: 19572 fps total: 12408 epoch: 445/3000 frames: 14548992
mean_rewards:  [-52.76] last_mean_rewards:  -52.703682
fps step: 20626 fps step and policy inference: 19500 fps total: 11941 epoch: 446/3000 frames: 14581760
mean_rewards:  [-51.89] last_mean_rewards:  -52.703682
saving next best rewards:  [-51.89]
getting weights with keys: dict_keys(['scaler', 'model'])
=> saving checkpoint './logs/scratch_cube_scratch/tracking_ori_grab_s2_cubesmall_inspect_1_nf_300_obs_pure_state_wref_wdelta_density_500.0_trans_0.5_rot_0.5_goalcond_False__18-02-24-37/nn/tracking_ori_grab_s2_cubesmall_inspect_1_nf_300_obs_pure_state_wref_wdelta_density_500.0_trans_0.5_rot_0.5_goalcond_False_.pth'
fps step: 20601 fps step and policy inference: 19430 fps total: 12522 epoch: 447/3000 frames: 14614528
mean_rewards:  [-52.42] last_mean_rewards:  -51.88681
fps step: 20619 fps step and policy inference: 19530 fps total: 12088 epoch: 448/3000 frames: 14647296
mean_rewards:  [-52.28] last_mean_rewards:  -51.88681
fps step: 20270 fps step and policy inference: 19130 fps total: 12377 epoch: 449/3000 frames: 14680064
mean_rewards:  [-53.46] last_mean_rewards:  -51.88681
fps step: 20427 fps step and policy inference: 19248 fps total: 11816 epoch: 450/3000 frames: 14712832
mean_rewards:  [-52.59] last_mean_rewards:  -51.88681
fps step: 20806 fps step and policy inference: 19622 fps total: 12613 epoch: 451/3000 frames: 14745600
mean_rewards:  [-53.11] last_mean_rewards:  -51.88681
fps step: 20534 fps step and policy inference: 19401 fps total: 11510 epoch: 452/3000 frames: 14778368
mean_rewards:  [-52.55] last_mean_rewards:  -51.88681
fps step: 20202 fps step and policy inference: 19150 fps total: 12133 epoch: 453/3000 frames: 14811136
mean_rewards:  [-53.44] last_mean_rewards:  -51.88681
fps step: 20254 fps step and policy inference: 19243 fps total: 11134 epoch: 454/3000 frames: 14843904
mean_rewards:  [-53.35] last_mean_rewards:  -51.88681
fps step: 20744 fps step and policy inference: 19614 fps total: 12272 epoch: 455/3000 frames: 14876672
mean_rewards:  [-53.27] last_mean_rewards:  -51.88681
fps step: 20708 fps step and policy inference: 19637 fps total: 11202 epoch: 456/3000 frames: 14909440
mean_rewards:  [-52.5] last_mean_rewards:  -51.88681
fps step: 20543 fps step and policy inference: 19486 fps total: 12284 epoch: 457/3000 frames: 14942208
mean_rewards:  [-53.53] last_mean_rewards:  -51.88681
fps step: 20545 fps step and policy inference: 19409 fps total: 10864 epoch: 458/3000 frames: 14974976
mean_rewards:  [-52.42] last_mean_rewards:  -51.88681
fps step: 20719 fps step and policy inference: 19609 fps total: 12296 epoch: 459/3000 frames: 15007744
mean_rewards:  [-53.55] last_mean_rewards:  -51.88681
fps step: 20854 fps step and policy inference: 19803 fps total: 11120 epoch: 460/3000 frames: 15040512
mean_rewards:  [-52.04] last_mean_rewards:  -51.88681
fps step: 20742 fps step and policy inference: 19649 fps total: 12336 epoch: 461/3000 frames: 15073280
mean_rewards:  [-51.88] last_mean_rewards:  -51.88681
saving next best rewards:  [-51.88]
getting weights with keys: dict_keys(['scaler', 'model'])
=> saving checkpoint './logs/scratch_cube_scratch/tracking_ori_grab_s2_cubesmall_inspect_1_nf_300_obs_pure_state_wref_wdelta_density_500.0_trans_0.5_rot_0.5_goalcond_False__18-02-24-37/nn/tracking_ori_grab_s2_cubesmall_inspect_1_nf_300_obs_pure_state_wref_wdelta_density_500.0_trans_0.5_rot_0.5_goalcond_False_.pth'
fps step: 20469 fps step and policy inference: 19386 fps total: 10837 epoch: 462/3000 frames: 15106048
mean_rewards:  [-52.15] last_mean_rewards:  -51.87891
fps step: 20658 fps step and policy inference: 19605 fps total: 12149 epoch: 463/3000 frames: 15138816
mean_rewards:  [-52.7] last_mean_rewards:  -51.87891
fps step: 20819 fps step and policy inference: 19662 fps total: 11119 epoch: 464/3000 frames: 15171584
mean_rewards:  [-52.04] last_mean_rewards:  -51.87891
fps step: 21155 fps step and policy inference: 19989 fps total: 12308 epoch: 465/3000 frames: 15204352
mean_rewards:  [-51.76] last_mean_rewards:  -51.87891
saving next best rewards:  [-51.76]
getting weights with keys: dict_keys(['scaler', 'model'])
=> saving checkpoint './logs/scratch_cube_scratch/tracking_ori_grab_s2_cubesmall_inspect_1_nf_300_obs_pure_state_wref_wdelta_density_500.0_trans_0.5_rot_0.5_goalcond_False__18-02-24-37/nn/tracking_ori_grab_s2_cubesmall_inspect_1_nf_300_obs_pure_state_wref_wdelta_density_500.0_trans_0.5_rot_0.5_goalcond_False_.pth'
fps step: 20730 fps step and policy inference: 19639 fps total: 11145 epoch: 466/3000 frames: 15237120
mean_rewards:  [-51.68] last_mean_rewards:  -51.75986
saving next best rewards:  [-51.68]
getting weights with keys: dict_keys(['scaler', 'model'])
=> saving checkpoint './logs/scratch_cube_scratch/tracking_ori_grab_s2_cubesmall_inspect_1_nf_300_obs_pure_state_wref_wdelta_density_500.0_trans_0.5_rot_0.5_goalcond_False__18-02-24-37/nn/tracking_ori_grab_s2_cubesmall_inspect_1_nf_300_obs_pure_state_wref_wdelta_density_500.0_trans_0.5_rot_0.5_goalcond_False_.pth'
fps step: 19991 fps step and policy inference: 18813 fps total: 12353 epoch: 467/3000 frames: 15269888
mean_rewards:  [-51.92] last_mean_rewards:  -51.683228
fps step: 20484 fps step and policy inference: 19248 fps total: 11117 epoch: 468/3000 frames: 15302656
mean_rewards:  [-52.89] last_mean_rewards:  -51.683228
fps step: 21168 fps step and policy inference: 19911 fps total: 12575 epoch: 469/3000 frames: 15335424
mean_rewards:  [-53.49] last_mean_rewards:  -51.683228
fps step: 20757 fps step and policy inference: 19526 fps total: 11831 epoch: 470/3000 frames: 15368192
mean_rewards:  [-52.31] last_mean_rewards:  -51.683228
fps step: 20662 fps step and policy inference: 19450 fps total: 12480 epoch: 471/3000 frames: 15400960
mean_rewards:  [-51.91] last_mean_rewards:  -51.683228
fps step: 20903 fps step and policy inference: 19753 fps total: 12450 epoch: 472/3000 frames: 15433728
mean_rewards:  [-52.1] last_mean_rewards:  -51.683228
fps step: 20354 fps step and policy inference: 19174 fps total: 12317 epoch: 473/3000 frames: 15466496
mean_rewards:  [-51.56] last_mean_rewards:  -51.683228
saving next best rewards:  [-51.56]
getting weights with keys: dict_keys(['scaler', 'model'])
=> saving checkpoint './logs/scratch_cube_scratch/tracking_ori_grab_s2_cubesmall_inspect_1_nf_300_obs_pure_state_wref_wdelta_density_500.0_trans_0.5_rot_0.5_goalcond_False__18-02-24-37/nn/tracking_ori_grab_s2_cubesmall_inspect_1_nf_300_obs_pure_state_wref_wdelta_density_500.0_trans_0.5_rot_0.5_goalcond_False_.pth'
fps step: 20904 fps step and policy inference: 19768 fps total: 12014 epoch: 474/3000 frames: 15499264
mean_rewards:  [-52.36] last_mean_rewards:  -51.55928
fps step: 20504 fps step and policy inference: 19433 fps total: 12478 epoch: 475/3000 frames: 15532032
mean_rewards:  [-51.22] last_mean_rewards:  -51.55928
saving next best rewards:  [-51.22]
getting weights with keys: dict_keys(['scaler', 'model'])
=> saving checkpoint './logs/scratch_cube_scratch/tracking_ori_grab_s2_cubesmall_inspect_1_nf_300_obs_pure_state_wref_wdelta_density_500.0_trans_0.5_rot_0.5_goalcond_False__18-02-24-37/nn/tracking_ori_grab_s2_cubesmall_inspect_1_nf_300_obs_pure_state_wref_wdelta_density_500.0_trans_0.5_rot_0.5_goalcond_False_.pth'
fps step: 20097 fps step and policy inference: 19048 fps total: 11701 epoch: 476/3000 frames: 15564800
mean_rewards:  [-51.23] last_mean_rewards:  -51.215996
fps step: 19897 fps step and policy inference: 18888 fps total: 12214 epoch: 477/3000 frames: 15597568
mean_rewards:  [-51.87] last_mean_rewards:  -51.215996
fps step: 20515 fps step and policy inference: 19393 fps total: 11844 epoch: 478/3000 frames: 15630336
mean_rewards:  [-51.51] last_mean_rewards:  -51.215996
fps step: 20400 fps step and policy inference: 19181 fps total: 12331 epoch: 479/3000 frames: 15663104
mean_rewards:  [-50.93] last_mean_rewards:  -51.215996
saving next best rewards:  [-50.93]
getting weights with keys: dict_keys(['scaler', 'model'])
=> saving checkpoint './logs/scratch_cube_scratch/tracking_ori_grab_s2_cubesmall_inspect_1_nf_300_obs_pure_state_wref_wdelta_density_500.0_trans_0.5_rot_0.5_goalcond_False__18-02-24-37/nn/tracking_ori_grab_s2_cubesmall_inspect_1_nf_300_obs_pure_state_wref_wdelta_density_500.0_trans_0.5_rot_0.5_goalcond_False_.pth'
fps step: 20134 fps step and policy inference: 18979 fps total: 11633 epoch: 480/3000 frames: 15695872
mean_rewards:  [-50.64] last_mean_rewards:  -50.932755
saving next best rewards:  [-50.64]
getting weights with keys: dict_keys(['scaler', 'model'])
=> saving checkpoint './logs/scratch_cube_scratch/tracking_ori_grab_s2_cubesmall_inspect_1_nf_300_obs_pure_state_wref_wdelta_density_500.0_trans_0.5_rot_0.5_goalcond_False__18-02-24-37/nn/tracking_ori_grab_s2_cubesmall_inspect_1_nf_300_obs_pure_state_wref_wdelta_density_500.0_trans_0.5_rot_0.5_goalcond_False_.pth'
fps step: 20118 fps step and policy inference: 19052 fps total: 12317 epoch: 481/3000 frames: 15728640
mean_rewards:  [-50.2] last_mean_rewards:  -50.636196
saving next best rewards:  [-50.2]
getting weights with keys: dict_keys(['scaler', 'model'])
=> saving checkpoint './logs/scratch_cube_scratch/tracking_ori_grab_s2_cubesmall_inspect_1_nf_300_obs_pure_state_wref_wdelta_density_500.0_trans_0.5_rot_0.5_goalcond_False__18-02-24-37/nn/tracking_ori_grab_s2_cubesmall_inspect_1_nf_300_obs_pure_state_wref_wdelta_density_500.0_trans_0.5_rot_0.5_goalcond_False_.pth'
fps step: 20339 fps step and policy inference: 19302 fps total: 11975 epoch: 482/3000 frames: 15761408
mean_rewards:  [-51.84] last_mean_rewards:  -50.20065
fps step: 20459 fps step and policy inference: 19388 fps total: 12154 epoch: 483/3000 frames: 15794176
mean_rewards:  [-50.36] last_mean_rewards:  -50.20065
fps step: 20241 fps step and policy inference: 19196 fps total: 11256 epoch: 484/3000 frames: 15826944
mean_rewards:  [-49.8] last_mean_rewards:  -50.20065
saving next best rewards:  [-49.8]
getting weights with keys: dict_keys(['scaler', 'model'])
=> saving checkpoint './logs/scratch_cube_scratch/tracking_ori_grab_s2_cubesmall_inspect_1_nf_300_obs_pure_state_wref_wdelta_density_500.0_trans_0.5_rot_0.5_goalcond_False__18-02-24-37/nn/tracking_ori_grab_s2_cubesmall_inspect_1_nf_300_obs_pure_state_wref_wdelta_density_500.0_trans_0.5_rot_0.5_goalcond_False_.pth'
fps step: 20381 fps step and policy inference: 19166 fps total: 12010 epoch: 485/3000 frames: 15859712
mean_rewards:  [-49.47] last_mean_rewards:  -49.795242
saving next best rewards:  [-49.47]
getting weights with keys: dict_keys(['scaler', 'model'])
=> saving checkpoint './logs/scratch_cube_scratch/tracking_ori_grab_s2_cubesmall_inspect_1_nf_300_obs_pure_state_wref_wdelta_density_500.0_trans_0.5_rot_0.5_goalcond_False__18-02-24-37/nn/tracking_ori_grab_s2_cubesmall_inspect_1_nf_300_obs_pure_state_wref_wdelta_density_500.0_trans_0.5_rot_0.5_goalcond_False_.pth'
fps step: 20776 fps step and policy inference: 19536 fps total: 10917 epoch: 486/3000 frames: 15892480
mean_rewards:  [-50.26] last_mean_rewards:  -49.474545
fps step: 20557 fps step and policy inference: 19478 fps total: 12038 epoch: 487/3000 frames: 15925248
mean_rewards:  [-50.51] last_mean_rewards:  -49.474545
fps step: 20914 fps step and policy inference: 19692 fps total: 10924 epoch: 488/3000 frames: 15958016
mean_rewards:  [-50.14] last_mean_rewards:  -49.474545
fps step: 20495 fps step and policy inference: 19406 fps total: 12038 epoch: 489/3000 frames: 15990784
mean_rewards:  [-50.66] last_mean_rewards:  -49.474545
fps step: 20307 fps step and policy inference: 19247 fps total: 10734 epoch: 490/3000 frames: 16023552
mean_rewards:  [-50.23] last_mean_rewards:  -49.474545
fps step: 20352 fps step and policy inference: 19244 fps total: 12026 epoch: 491/3000 frames: 16056320
mean_rewards:  [-51.32] last_mean_rewards:  -49.474545
fps step: 20491 fps step and policy inference: 19447 fps total: 10745 epoch: 492/3000 frames: 16089088
mean_rewards:  [-50.2] last_mean_rewards:  -49.474545
fps step: 20696 fps step and policy inference: 19608 fps total: 12158 epoch: 493/3000 frames: 16121856
mean_rewards:  [-49.7] last_mean_rewards:  -49.474545
fps step: 20200 fps step and policy inference: 19127 fps total: 10611 epoch: 494/3000 frames: 16154624
mean_rewards:  [-50.3] last_mean_rewards:  -49.474545
fps step: 20315 fps step and policy inference: 19158 fps total: 12003 epoch: 495/3000 frames: 16187392
mean_rewards:  [-50.36] last_mean_rewards:  -49.474545
fps step: 20308 fps step and policy inference: 19248 fps total: 10639 epoch: 496/3000 frames: 16220160
mean_rewards:  [-50.66] last_mean_rewards:  -49.474545
fps step: 20279 fps step and policy inference: 19149 fps total: 11973 epoch: 497/3000 frames: 16252928
mean_rewards:  [-51.04] last_mean_rewards:  -49.474545
fps step: 20212 fps step and policy inference: 19119 fps total: 10573 epoch: 498/3000 frames: 16285696
mean_rewards:  [-50.39] last_mean_rewards:  -49.474545
fps step: 20066 fps step and policy inference: 18963 fps total: 11929 epoch: 499/3000 frames: 16318464
mean_rewards:  [-50.64] last_mean_rewards:  -49.474545
fps step: 20325 fps step and policy inference: 19123 fps total: 10450 epoch: 500/3000 frames: 16351232
mean_rewards:  [-50.82] last_mean_rewards:  -49.474545
fps step: 20375 fps step and policy inference: 19143 fps total: 12028 epoch: 501/3000 frames: 16384000
mean_rewards:  [-51.52] last_mean_rewards:  -49.474545
fps step: 20527 fps step and policy inference: 19385 fps total: 10603 epoch: 502/3000 frames: 16416768
mean_rewards:  [-50.14] last_mean_rewards:  -49.474545
fps step: 20479 fps step and policy inference: 19441 fps total: 12197 epoch: 503/3000 frames: 16449536
mean_rewards:  [-49.96] last_mean_rewards:  -49.474545
fps step: 20181 fps step and policy inference: 19054 fps total: 10607 epoch: 504/3000 frames: 16482304
mean_rewards:  [-50.4] last_mean_rewards:  -49.474545
fps step: 20606 fps step and policy inference: 19435 fps total: 12202 epoch: 505/3000 frames: 16515072
mean_rewards:  [-51.01] last_mean_rewards:  -49.474545
fps step: 21016 fps step and policy inference: 19713 fps total: 10966 epoch: 506/3000 frames: 16547840
mean_rewards:  [-50.54] last_mean_rewards:  -49.474545
fps step: 20602 fps step and policy inference: 19490 fps total: 12164 epoch: 507/3000 frames: 16580608
mean_rewards:  [-50.83] last_mean_rewards:  -49.474545
fps step: 20058 fps step and policy inference: 19053 fps total: 10754 epoch: 508/3000 frames: 16613376
mean_rewards:  [-50.47] last_mean_rewards:  -49.474545
fps step: 20295 fps step and policy inference: 19210 fps total: 12067 epoch: 509/3000 frames: 16646144
mean_rewards:  [-50.47] last_mean_rewards:  -49.474545
fps step: 21008 fps step and policy inference: 19716 fps total: 11077 epoch: 510/3000 frames: 16678912
mean_rewards:  [-50.18] last_mean_rewards:  -49.474545
fps step: 20634 fps step and policy inference: 19445 fps total: 12175 epoch: 511/3000 frames: 16711680
mean_rewards:  [-49.82] last_mean_rewards:  -49.474545
fps step: 21082 fps step and policy inference: 19790 fps total: 11155 epoch: 512/3000 frames: 16744448
mean_rewards:  [-50.19] last_mean_rewards:  -49.474545
fps step: 20410 fps step and policy inference: 19289 fps total: 12138 epoch: 513/3000 frames: 16777216
mean_rewards:  [-50.02] last_mean_rewards:  -49.474545
fps step: 20729 fps step and policy inference: 19579 fps total: 11157 epoch: 514/3000 frames: 16809984
mean_rewards:  [-50.22] last_mean_rewards:  -49.474545
fps step: 20650 fps step and policy inference: 19550 fps total: 12440 epoch: 515/3000 frames: 16842752
mean_rewards:  [-50.36] last_mean_rewards:  -49.474545
fps step: 21048 fps step and policy inference: 19861 fps total: 11884 epoch: 516/3000 frames: 16875520
mean_rewards:  [-50.12] last_mean_rewards:  -49.474545
fps step: 20561 fps step and policy inference: 19451 fps total: 12444 epoch: 517/3000 frames: 16908288
mean_rewards:  [-50.95] last_mean_rewards:  -49.474545
fps step: 20177 fps step and policy inference: 19036 fps total: 12131 epoch: 518/3000 frames: 16941056
mean_rewards:  [-50.03] last_mean_rewards:  -49.474545
fps step: 20496 fps step and policy inference: 19300 fps total: 12399 epoch: 519/3000 frames: 16973824
mean_rewards:  [-51.22] last_mean_rewards:  -49.474545
fps step: 21053 fps step and policy inference: 19733 fps total: 12676 epoch: 520/3000 frames: 17006592
mean_rewards:  [-50.36] last_mean_rewards:  -49.474545
fps step: 20363 fps step and policy inference: 19160 fps total: 12395 epoch: 521/3000 frames: 17039360
mean_rewards:  [-50.89] last_mean_rewards:  -49.474545
fps step: 19730 fps step and policy inference: 18662 fps total: 12142 epoch: 522/3000 frames: 17072128
mean_rewards:  [-49.49] last_mean_rewards:  -49.474545
fps step: 20206 fps step and policy inference: 19073 fps total: 12314 epoch: 523/3000 frames: 17104896
mean_rewards:  [-50.23] last_mean_rewards:  -49.474545
fps step: 20128 fps step and policy inference: 19039 fps total: 12347 epoch: 524/3000 frames: 17137664
mean_rewards:  [-49.91] last_mean_rewards:  -49.474545
fps step: 20636 fps step and policy inference: 19465 fps total: 12461 epoch: 525/3000 frames: 17170432
mean_rewards:  [-50.61] last_mean_rewards:  -49.474545
fps step: 20200 fps step and policy inference: 19216 fps total: 12353 epoch: 526/3000 frames: 17203200
mean_rewards:  [-49.68] last_mean_rewards:  -49.474545
fps step: 20200 fps step and policy inference: 19052 fps total: 12315 epoch: 527/3000 frames: 17235968
mean_rewards:  [-50.25] last_mean_rewards:  -49.474545
fps step: 20626 fps step and policy inference: 19508 fps total: 12464 epoch: 528/3000 frames: 17268736
mean_rewards:  [-50.95] last_mean_rewards:  -49.474545
fps step: 13214 fps step and policy inference: 12546 fps total: 9000 epoch: 529/3000 frames: 17301504
mean_rewards:  [-49.96] last_mean_rewards:  -49.474545
fps step: 20420 fps step and policy inference: 19219 fps total: 11968 epoch: 530/3000 frames: 17334272
mean_rewards:  [-49.45] last_mean_rewards:  -49.474545
saving next best rewards:  [-49.45]
getting weights with keys: dict_keys(['scaler', 'model'])
=> saving checkpoint './logs/scratch_cube_scratch/tracking_ori_grab_s2_cubesmall_inspect_1_nf_300_obs_pure_state_wref_wdelta_density_500.0_trans_0.5_rot_0.5_goalcond_False__18-02-24-37/nn/tracking_ori_grab_s2_cubesmall_inspect_1_nf_300_obs_pure_state_wref_wdelta_density_500.0_trans_0.5_rot_0.5_goalcond_False_.pth'
fps step: 12821 fps step and policy inference: 12188 fps total: 8827 epoch: 531/3000 frames: 17367040
mean_rewards:  [-50.34] last_mean_rewards:  -49.44798
fps step: 19855 fps step and policy inference: 18795 fps total: 11874 epoch: 532/3000 frames: 17399808
mean_rewards:  [-50.07] last_mean_rewards:  -49.44798
fps step: 12212 fps step and policy inference: 11605 fps total: 8569 epoch: 533/3000 frames: 17432576
mean_rewards:  [-49.89] last_mean_rewards:  -49.44798
fps step: 20407 fps step and policy inference: 19294 fps total: 12111 epoch: 534/3000 frames: 17465344
mean_rewards:  [-49.85] last_mean_rewards:  -49.44798
fps step: 12341 fps step and policy inference: 11718 fps total: 8598 epoch: 535/3000 frames: 17498112
mean_rewards:  [-50.57] last_mean_rewards:  -49.44798
fps step: 20322 fps step and policy inference: 19201 fps total: 12065 epoch: 536/3000 frames: 17530880
mean_rewards:  [-50.92] last_mean_rewards:  -49.44798
fps step: 12145 fps step and policy inference: 11533 fps total: 8519 epoch: 537/3000 frames: 17563648
mean_rewards:  [-49.68] last_mean_rewards:  -49.44798
fps step: 20388 fps step and policy inference: 19227 fps total: 12051 epoch: 538/3000 frames: 17596416
mean_rewards:  [-50.1] last_mean_rewards:  -49.44798
fps step: 12231 fps step and policy inference: 11597 fps total: 8505 epoch: 539/3000 frames: 17629184
mean_rewards:  [-49.23] last_mean_rewards:  -49.44798
saving next best rewards:  [-49.23]
getting weights with keys: dict_keys(['scaler', 'model'])
=> saving checkpoint './logs/scratch_cube_scratch/tracking_ori_grab_s2_cubesmall_inspect_1_nf_300_obs_pure_state_wref_wdelta_density_500.0_trans_0.5_rot_0.5_goalcond_False__18-02-24-37/nn/tracking_ori_grab_s2_cubesmall_inspect_1_nf_300_obs_pure_state_wref_wdelta_density_500.0_trans_0.5_rot_0.5_goalcond_False_.pth'
fps step: 19963 fps step and policy inference: 18956 fps total: 11905 epoch: 540/3000 frames: 17661952
mean_rewards:  [-49.65] last_mean_rewards:  -49.234455
fps step: 12266 fps step and policy inference: 11652 fps total: 8549 epoch: 541/3000 frames: 17694720
mean_rewards:  [-49.41] last_mean_rewards:  -49.234455
fps step: 20394 fps step and policy inference: 19350 fps total: 12073 epoch: 542/3000 frames: 17727488
mean_rewards:  [-49.63] last_mean_rewards:  -49.234455
fps step: 12073 fps step and policy inference: 11479 fps total: 8458 epoch: 543/3000 frames: 17760256
mean_rewards:  [-51.09] last_mean_rewards:  -49.234455
fps step: 20005 fps step and policy inference: 19005 fps total: 11987 epoch: 544/3000 frames: 17793024
mean_rewards:  [-50.03] last_mean_rewards:  -49.234455
fps step: 12204 fps step and policy inference: 11571 fps total: 8517 epoch: 545/3000 frames: 17825792
mean_rewards:  [-49.31] last_mean_rewards:  -49.234455
fps step: 19618 fps step and policy inference: 18655 fps total: 11834 epoch: 546/3000 frames: 17858560
mean_rewards:  [-49.09] last_mean_rewards:  -49.234455
saving next best rewards:  [-49.09]
getting weights with keys: dict_keys(['scaler', 'model'])
=> saving checkpoint './logs/scratch_cube_scratch/tracking_ori_grab_s2_cubesmall_inspect_1_nf_300_obs_pure_state_wref_wdelta_density_500.0_trans_0.5_rot_0.5_goalcond_False__18-02-24-37/nn/tracking_ori_grab_s2_cubesmall_inspect_1_nf_300_obs_pure_state_wref_wdelta_density_500.0_trans_0.5_rot_0.5_goalcond_False_.pth'
fps step: 12528 fps step and policy inference: 11902 fps total: 8683 epoch: 547/3000 frames: 17891328
mean_rewards:  [-50.25] last_mean_rewards:  -49.087357
fps step: 20263 fps step and policy inference: 19091 fps total: 11959 epoch: 548/3000 frames: 17924096
mean_rewards:  [-49.8] last_mean_rewards:  -49.087357
fps step: 12425 fps step and policy inference: 11793 fps total: 8614 epoch: 549/3000 frames: 17956864
mean_rewards:  [-49.44] last_mean_rewards:  -49.087357
fps step: 19855 fps step and policy inference: 18783 fps total: 11877 epoch: 550/3000 frames: 17989632
mean_rewards:  [-49.68] last_mean_rewards:  -49.087357
fps step: 12355 fps step and policy inference: 11670 fps total: 8584 epoch: 551/3000 frames: 18022400
mean_rewards:  [-49.35] last_mean_rewards:  -49.087357
fps step: 20389 fps step and policy inference: 19287 fps total: 12167 epoch: 552/3000 frames: 18055168
mean_rewards:  [-49.83] last_mean_rewards:  -49.087357
fps step: 12089 fps step and policy inference: 11507 fps total: 8528 epoch: 553/3000 frames: 18087936
mean_rewards:  [-49.15] last_mean_rewards:  -49.087357
fps step: 20049 fps step and policy inference: 19009 fps total: 12084 epoch: 554/3000 frames: 18120704
mean_rewards:  [-49.76] last_mean_rewards:  -49.087357
fps step: 11534 fps step and policy inference: 10963 fps total: 8201 epoch: 555/3000 frames: 18153472
mean_rewards:  [-50.92] last_mean_rewards:  -49.087357
fps step: 20246 fps step and policy inference: 19143 fps total: 12093 epoch: 556/3000 frames: 18186240
mean_rewards:  [-49.98] last_mean_rewards:  -49.087357
fps step: 11442 fps step and policy inference: 10867 fps total: 8161 epoch: 557/3000 frames: 18219008
mean_rewards:  [-49.52] last_mean_rewards:  -49.087357
fps step: 19918 fps step and policy inference: 18775 fps total: 12069 epoch: 558/3000 frames: 18251776
mean_rewards:  [-50.19] last_mean_rewards:  -49.087357
fps step: 10516 fps step and policy inference: 9993 fps total: 7782 epoch: 559/3000 frames: 18284544
mean_rewards:  [-49.85] last_mean_rewards:  -49.087357
fps step: 19867 fps step and policy inference: 18763 fps total: 12256 epoch: 560/3000 frames: 18317312
mean_rewards:  [-50.63] last_mean_rewards:  -49.087357
fps step: 10121 fps step and policy inference: 9621 fps total: 7556 epoch: 561/3000 frames: 18350080
mean_rewards:  [-49.51] last_mean_rewards:  -49.087357
fps step: 20227 fps step and policy inference: 19170 fps total: 12484 epoch: 562/3000 frames: 18382848
mean_rewards:  [-49.26] last_mean_rewards:  -49.087357
fps step: 9750 fps step and policy inference: 9265 fps total: 7344 epoch: 563/3000 frames: 18415616
mean_rewards:  [-48.74] last_mean_rewards:  -49.087357
saving next best rewards:  [-48.74]
getting weights with keys: dict_keys(['scaler', 'model'])
=> saving checkpoint './logs/scratch_cube_scratch/tracking_ori_grab_s2_cubesmall_inspect_1_nf_300_obs_pure_state_wref_wdelta_density_500.0_trans_0.5_rot_0.5_goalcond_False__18-02-24-37/nn/tracking_ori_grab_s2_cubesmall_inspect_1_nf_300_obs_pure_state_wref_wdelta_density_500.0_trans_0.5_rot_0.5_goalcond_False_.pth'
fps step: 19883 fps step and policy inference: 18775 fps total: 12300 epoch: 564/3000 frames: 18448384
mean_rewards:  [-48.86] last_mean_rewards:  -48.742905
fps step: 9830 fps step and policy inference: 9351 fps total: 7415 epoch: 565/3000 frames: 18481152
mean_rewards:  [-48.97] last_mean_rewards:  -48.742905
fps step: 20095 fps step and policy inference: 19044 fps total: 12350 epoch: 566/3000 frames: 18513920
mean_rewards:  [-48.97] last_mean_rewards:  -48.742905
fps step: 9797 fps step and policy inference: 9330 fps total: 7366 epoch: 567/3000 frames: 18546688
mean_rewards:  [-48.51] last_mean_rewards:  -48.742905
saving next best rewards:  [-48.51]
getting weights with keys: dict_keys(['scaler', 'model'])
=> saving checkpoint './logs/scratch_cube_scratch/tracking_ori_grab_s2_cubesmall_inspect_1_nf_300_obs_pure_state_wref_wdelta_density_500.0_trans_0.5_rot_0.5_goalcond_False__18-02-24-37/nn/tracking_ori_grab_s2_cubesmall_inspect_1_nf_300_obs_pure_state_wref_wdelta_density_500.0_trans_0.5_rot_0.5_goalcond_False_.pth'
fps step: 20070 fps step and policy inference: 19103 fps total: 12361 epoch: 568/3000 frames: 18579456
mean_rewards:  [-49.53] last_mean_rewards:  -48.508816
fps step: 9760 fps step and policy inference: 9285 fps total: 7342 epoch: 569/3000 frames: 18612224
mean_rewards:  [-49.5] last_mean_rewards:  -48.508816
fps step: 19825 fps step and policy inference: 18768 fps total: 12224 epoch: 570/3000 frames: 18644992
mean_rewards:  [-48.59] last_mean_rewards:  -48.508816
fps step: 9936 fps step and policy inference: 9433 fps total: 7449 epoch: 571/3000 frames: 18677760
mean_rewards:  [-48.85] last_mean_rewards:  -48.508816
fps step: 20168 fps step and policy inference: 19092 fps total: 12482 epoch: 572/3000 frames: 18710528
mean_rewards:  [-48.51] last_mean_rewards:  -48.508816
fps step: 9955 fps step and policy inference: 9472 fps total: 7425 epoch: 573/3000 frames: 18743296
mean_rewards:  [-49.05] last_mean_rewards:  -48.508816
fps step: 20081 fps step and policy inference: 18940 fps total: 12321 epoch: 574/3000 frames: 18776064
mean_rewards:  [-48.32] last_mean_rewards:  -48.508816
saving next best rewards:  [-48.32]
getting weights with keys: dict_keys(['scaler', 'model'])
=> saving checkpoint './logs/scratch_cube_scratch/tracking_ori_grab_s2_cubesmall_inspect_1_nf_300_obs_pure_state_wref_wdelta_density_500.0_trans_0.5_rot_0.5_goalcond_False__18-02-24-37/nn/tracking_ori_grab_s2_cubesmall_inspect_1_nf_300_obs_pure_state_wref_wdelta_density_500.0_trans_0.5_rot_0.5_goalcond_False_.pth'
fps step: 10871 fps step and policy inference: 10353 fps total: 7672 epoch: 575/3000 frames: 18808832
mean_rewards:  [-48.73] last_mean_rewards:  -48.31977
fps step: 19848 fps step and policy inference: 18917 fps total: 12367 epoch: 576/3000 frames: 18841600
mean_rewards:  [-48.13] last_mean_rewards:  -48.31977
saving next best rewards:  [-48.13]
getting weights with keys: dict_keys(['scaler', 'model'])
=> saving checkpoint './logs/scratch_cube_scratch/tracking_ori_grab_s2_cubesmall_inspect_1_nf_300_obs_pure_state_wref_wdelta_density_500.0_trans_0.5_rot_0.5_goalcond_False__18-02-24-37/nn/tracking_ori_grab_s2_cubesmall_inspect_1_nf_300_obs_pure_state_wref_wdelta_density_500.0_trans_0.5_rot_0.5_goalcond_False_.pth'
fps step: 13646 fps step and policy inference: 13002 fps total: 8263 epoch: 577/3000 frames: 18874368
mean_rewards:  [-48.87] last_mean_rewards:  -48.1306
fps step: 19874 fps step and policy inference: 18857 fps total: 12271 epoch: 578/3000 frames: 18907136
mean_rewards:  [-48.33] last_mean_rewards:  -48.1306
fps step: 19996 fps step and policy inference: 18994 fps total: 10506 epoch: 579/3000 frames: 18939904
mean_rewards:  [-48.73] last_mean_rewards:  -48.1306
fps step: 19982 fps step and policy inference: 18937 fps total: 12298 epoch: 580/3000 frames: 18972672
mean_rewards:  [-48.49] last_mean_rewards:  -48.1306
fps step: 20262 fps step and policy inference: 19196 fps total: 11742 epoch: 581/3000 frames: 19005440
mean_rewards:  [-48.44] last_mean_rewards:  -48.1306
fps step: 20146 fps step and policy inference: 19005 fps total: 12339 epoch: 582/3000 frames: 19038208
mean_rewards:  [-49.25] last_mean_rewards:  -48.1306
fps step: 20061 fps step and policy inference: 18928 fps total: 12344 epoch: 583/3000 frames: 19070976
mean_rewards:  [-48.62] last_mean_rewards:  -48.1306
fps step: 19854 fps step and policy inference: 18855 fps total: 12281 epoch: 584/3000 frames: 19103744
mean_rewards:  [-50.17] last_mean_rewards:  -48.1306
fps step: 20114 fps step and policy inference: 19056 fps total: 12336 epoch: 585/3000 frames: 19136512
mean_rewards:  [-48.05] last_mean_rewards:  -48.1306
saving next best rewards:  [-48.05]
getting weights with keys: dict_keys(['scaler', 'model'])
=> saving checkpoint './logs/scratch_cube_scratch/tracking_ori_grab_s2_cubesmall_inspect_1_nf_300_obs_pure_state_wref_wdelta_density_500.0_trans_0.5_rot_0.5_goalcond_False__18-02-24-37/nn/tracking_ori_grab_s2_cubesmall_inspect_1_nf_300_obs_pure_state_wref_wdelta_density_500.0_trans_0.5_rot_0.5_goalcond_False_.pth'
fps step: 20424 fps step and policy inference: 19254 fps total: 12464 epoch: 586/3000 frames: 19169280
mean_rewards:  [-47.63] last_mean_rewards:  -48.050556
saving next best rewards:  [-47.63]
getting weights with keys: dict_keys(['scaler', 'model'])
=> saving checkpoint './logs/scratch_cube_scratch/tracking_ori_grab_s2_cubesmall_inspect_1_nf_300_obs_pure_state_wref_wdelta_density_500.0_trans_0.5_rot_0.5_goalcond_False__18-02-24-37/nn/tracking_ori_grab_s2_cubesmall_inspect_1_nf_300_obs_pure_state_wref_wdelta_density_500.0_trans_0.5_rot_0.5_goalcond_False_.pth'
fps step: 19790 fps step and policy inference: 18710 fps total: 12310 epoch: 587/3000 frames: 19202048
mean_rewards:  [-48.16] last_mean_rewards:  -47.628296
fps step: 13659 fps step and policy inference: 12953 fps total: 9470 epoch: 588/3000 frames: 19234816
mean_rewards:  [-48.48] last_mean_rewards:  -47.628296
fps step: 19999 fps step and policy inference: 18961 fps total: 12314 epoch: 589/3000 frames: 19267584
mean_rewards:  [-49.09] last_mean_rewards:  -47.628296
fps step: 13162 fps step and policy inference: 12476 fps total: 9380 epoch: 590/3000 frames: 19300352
mean_rewards:  [-48.11] last_mean_rewards:  -47.628296
fps step: 20320 fps step and policy inference: 19141 fps total: 12382 epoch: 591/3000 frames: 19333120
mean_rewards:  [-47.91] last_mean_rewards:  -47.628296
fps step: 14122 fps step and policy inference: 13403 fps total: 8415 epoch: 592/3000 frames: 19365888
mean_rewards:  [-48.88] last_mean_rewards:  -47.628296
fps step: 19930 fps step and policy inference: 18838 fps total: 12276 epoch: 593/3000 frames: 19398656
mean_rewards:  [-48.23] last_mean_rewards:  -47.628296
fps step: 19773 fps step and policy inference: 18715 fps total: 10304 epoch: 594/3000 frames: 19431424
mean_rewards:  [-48.7] last_mean_rewards:  -47.628296
fps step: 20282 fps step and policy inference: 19124 fps total: 12446 epoch: 595/3000 frames: 19464192
mean_rewards:  [-48.36] last_mean_rewards:  -47.628296
fps step: 20035 fps step and policy inference: 19003 fps total: 12316 epoch: 596/3000 frames: 19496960
mean_rewards:  [-48.13] last_mean_rewards:  -47.628296
fps step: 19806 fps step and policy inference: 18673 fps total: 12230 epoch: 597/3000 frames: 19529728
mean_rewards:  [-48.68] last_mean_rewards:  -47.628296
fps step: 19586 fps step and policy inference: 18641 fps total: 12193 epoch: 598/3000 frames: 19562496
mean_rewards:  [-49.6] last_mean_rewards:  -47.628296
fps step: 34362 fps step and policy inference: 32407 fps total: 16951 epoch: 599/3000 frames: 19595264
mean_rewards:  [-48.7] last_mean_rewards:  -47.628296
fps step: 20098 fps step and policy inference: 19047 fps total: 12336 epoch: 600/3000 frames: 19628032
mean_rewards:  [-48.42] last_mean_rewards:  -47.628296
getting weights with keys: dict_keys(['scaler', 'model'])
=> saving checkpoint './logs/scratch_cube_scratch/tracking_ori_grab_s2_cubesmall_inspect_1_nf_300_obs_pure_state_wref_wdelta_density_500.0_trans_0.5_rot_0.5_goalcond_False__18-02-24-37/nn/last_tracking_ori_grab_s2_cubesmall_inspect_1_nf_300_obs_pure_state_wref_wdelta_density_500.0_trans_0.5_rot_0.5_goalcond_False__ep_600_rew_-48.417183.pth'
fps step: 9749 fps step and policy inference: 9269 fps total: 7329 epoch: 601/3000 frames: 19660800
mean_rewards:  [-48.84] last_mean_rewards:  -47.628296
fps step: 19725 fps step and policy inference: 18691 fps total: 12064 epoch: 602/3000 frames: 19693568
mean_rewards:  [-49.73] last_mean_rewards:  -47.628296
fps step: 9717 fps step and policy inference: 9249 fps total: 7458 epoch: 603/3000 frames: 19726336
mean_rewards:  [-48.99] last_mean_rewards:  -47.628296
fps step: 19949 fps step and policy inference: 18871 fps total: 12279 epoch: 604/3000 frames: 19759104
mean_rewards:  [-48.39] last_mean_rewards:  -47.628296
fps step: 19614 fps step and policy inference: 18566 fps total: 10209 epoch: 605/3000 frames: 19791872
mean_rewards:  [-50.11] last_mean_rewards:  -47.628296
fps step: 20126 fps step and policy inference: 19003 fps total: 12314 epoch: 606/3000 frames: 19824640
mean_rewards:  [-48.69] last_mean_rewards:  -47.628296
fps step: 19843 fps step and policy inference: 18794 fps total: 11281 epoch: 607/3000 frames: 19857408
mean_rewards:  [-48.87] last_mean_rewards:  -47.628296
fps step: 19989 fps step and policy inference: 18837 fps total: 12218 epoch: 608/3000 frames: 19890176
mean_rewards:  [-48.74] last_mean_rewards:  -47.628296
fps step: 20367 fps step and policy inference: 19286 fps total: 12432 epoch: 609/3000 frames: 19922944
mean_rewards:  [-49.11] last_mean_rewards:  -47.628296
fps step: 15209 fps step and policy inference: 14420 fps total: 10228 epoch: 610/3000 frames: 19955712
mean_rewards:  [-48.96] last_mean_rewards:  -47.628296
fps step: 19946 fps step and policy inference: 18754 fps total: 12308 epoch: 611/3000 frames: 19988480
mean_rewards:  [-48.75] last_mean_rewards:  -47.628296
fps step: 12518 fps step and policy inference: 11878 fps total: 9026 epoch: 612/3000 frames: 20021248
mean_rewards:  [-50.08] last_mean_rewards:  -47.628296
fps step: 20058 fps step and policy inference: 19082 fps total: 12434 epoch: 613/3000 frames: 20054016
mean_rewards:  [-48.72] last_mean_rewards:  -47.628296
fps step: 16259 fps step and policy inference: 15431 fps total: 9193 epoch: 614/3000 frames: 20086784
mean_rewards:  [-49.93] last_mean_rewards:  -47.628296
fps step: 19673 fps step and policy inference: 18626 fps total: 12191 epoch: 615/3000 frames: 20119552
mean_rewards:  [-49.62] last_mean_rewards:  -47.628296
fps step: 19537 fps step and policy inference: 18433 fps total: 10747 epoch: 616/3000 frames: 20152320
mean_rewards:  [-49.47] last_mean_rewards:  -47.628296
fps step: 19906 fps step and policy inference: 18756 fps total: 12185 epoch: 617/3000 frames: 20185088
mean_rewards:  [-49.72] last_mean_rewards:  -47.628296
fps step: 20367 fps step and policy inference: 19214 fps total: 12455 epoch: 618/3000 frames: 20217856
mean_rewards:  [-49.23] last_mean_rewards:  -47.628296
fps step: 19983 fps step and policy inference: 18839 fps total: 12326 epoch: 619/3000 frames: 20250624
mean_rewards:  [-48.9] last_mean_rewards:  -47.628296
fps step: 20029 fps step and policy inference: 18911 fps total: 12238 epoch: 620/3000 frames: 20283392
mean_rewards:  [-48.59] last_mean_rewards:  -47.628296
fps step: 15114 fps step and policy inference: 14313 fps total: 10344 epoch: 621/3000 frames: 20316160
mean_rewards:  [-49.57] last_mean_rewards:  -47.628296
fps step: 19665 fps step and policy inference: 18616 fps total: 12178 epoch: 622/3000 frames: 20348928
mean_rewards:  [-49.88] last_mean_rewards:  -47.628296
fps step: 14763 fps step and policy inference: 14016 fps total: 8637 epoch: 623/3000 frames: 20381696
mean_rewards:  [-49.93] last_mean_rewards:  -47.628296
fps step: 20044 fps step and policy inference: 18907 fps total: 11897 epoch: 624/3000 frames: 20414464
mean_rewards:  [-49.16] last_mean_rewards:  -47.628296
fps step: 18695 fps step and policy inference: 17609 fps total: 9872 epoch: 625/3000 frames: 20447232
mean_rewards:  [-49.59] last_mean_rewards:  -47.628296
fps step: 20134 fps step and policy inference: 18867 fps total: 11829 epoch: 626/3000 frames: 20480000
mean_rewards:  [-50.17] last_mean_rewards:  -47.628296
fps step: 20158 fps step and policy inference: 18989 fps total: 11871 epoch: 627/3000 frames: 20512768
mean_rewards:  [-49.73] last_mean_rewards:  -47.628296
fps step: 19866 fps step and policy inference: 18793 fps total: 11848 epoch: 628/3000 frames: 20545536
mean_rewards:  [-49.2] last_mean_rewards:  -47.628296
fps step: 19651 fps step and policy inference: 18507 fps total: 11704 epoch: 629/3000 frames: 20578304
mean_rewards:  [-48.71] last_mean_rewards:  -47.628296
fps step: 19665 fps step and policy inference: 18597 fps total: 11724 epoch: 630/3000 frames: 20611072
mean_rewards:  [-48.93] last_mean_rewards:  -47.628296
fps step: 19458 fps step and policy inference: 18436 fps total: 11659 epoch: 631/3000 frames: 20643840
mean_rewards:  [-48.64] last_mean_rewards:  -47.628296
fps step: 15180 fps step and policy inference: 14421 fps total: 9914 epoch: 632/3000 frames: 20676608
mean_rewards:  [-49.19] last_mean_rewards:  -47.628296
fps step: 19932 fps step and policy inference: 18925 fps total: 11824 epoch: 633/3000 frames: 20709376
mean_rewards:  [-49.75] last_mean_rewards:  -47.628296
fps step: 14697 fps step and policy inference: 13953 fps total: 9867 epoch: 634/3000 frames: 20742144
mean_rewards:  [-48.82] last_mean_rewards:  -47.628296
fps step: 20126 fps step and policy inference: 19097 fps total: 11960 epoch: 635/3000 frames: 20774912
mean_rewards:  [-48.07] last_mean_rewards:  -47.628296
fps step: 12446 fps step and policy inference: 11857 fps total: 7928 epoch: 636/3000 frames: 20807680
mean_rewards:  [-48.99] last_mean_rewards:  -47.628296
fps step: 20365 fps step and policy inference: 19183 fps total: 11969 epoch: 637/3000 frames: 20840448
mean_rewards:  [-49.37] last_mean_rewards:  -47.628296
fps step: 15215 fps step and policy inference: 14409 fps total: 8820 epoch: 638/3000 frames: 20873216
mean_rewards:  [-49.03] last_mean_rewards:  -47.628296
fps step: 34627 fps step and policy inference: 32508 fps total: 17149 epoch: 639/3000 frames: 20905984
mean_rewards:  [-49.19] last_mean_rewards:  -47.628296
fps step: 35285 fps step and policy inference: 32734 fps total: 16783 epoch: 640/3000 frames: 20938752
mean_rewards:  [-49.23] last_mean_rewards:  -47.628296
fps step: 35079 fps step and policy inference: 32686 fps total: 17689 epoch: 641/3000 frames: 20971520
mean_rewards:  [-48.76] last_mean_rewards:  -47.628296
fps step: 34912 fps step and policy inference: 32883 fps total: 15874 epoch: 642/3000 frames: 21004288
mean_rewards:  [-49.44] last_mean_rewards:  -47.628296
fps step: 20008 fps step and policy inference: 19042 fps total: 11649 epoch: 643/3000 frames: 21037056
mean_rewards:  [-48.82] last_mean_rewards:  -47.628296
fps step: 17673 fps step and policy inference: 16782 fps total: 10791 epoch: 644/3000 frames: 21069824
mean_rewards:  [-48.59] last_mean_rewards:  -47.628296
fps step: 17690 fps step and policy inference: 16778 fps total: 10736 epoch: 645/3000 frames: 21102592
mean_rewards:  [-48.94] last_mean_rewards:  -47.628296
fps step: 17853 fps step and policy inference: 16897 fps total: 10809 epoch: 646/3000 frames: 21135360
mean_rewards:  [-48.97] last_mean_rewards:  -47.628296
fps step: 18133 fps step and policy inference: 17263 fps total: 11006 epoch: 647/3000 frames: 21168128
mean_rewards:  [-48.4] last_mean_rewards:  -47.628296
fps step: 35488 fps step and policy inference: 33453 fps total: 18138 epoch: 648/3000 frames: 21200896
mean_rewards:  [-49.36] last_mean_rewards:  -47.628296
fps step: 34665 fps step and policy inference: 32309 fps total: 16469 epoch: 649/3000 frames: 21233664
mean_rewards:  [-48.88] last_mean_rewards:  -47.628296
fps step: 35524 fps step and policy inference: 33406 fps total: 18068 epoch: 650/3000 frames: 21266432
mean_rewards:  [-49.7] last_mean_rewards:  -47.628296
fps step: 35280 fps step and policy inference: 33280 fps total: 16289 epoch: 651/3000 frames: 21299200
mean_rewards:  [-48.67] last_mean_rewards:  -47.628296
fps step: 21691 fps step and policy inference: 20645 fps total: 12262 epoch: 652/3000 frames: 21331968
mean_rewards:  [-48.41] last_mean_rewards:  -47.628296
fps step: 17510 fps step and policy inference: 16660 fps total: 10627 epoch: 653/3000 frames: 21364736
mean_rewards:  [-49.12] last_mean_rewards:  -47.628296
fps step: 17560 fps step and policy inference: 16721 fps total: 10572 epoch: 654/3000 frames: 21397504
mean_rewards:  [-50.04] last_mean_rewards:  -47.628296
fps step: 18168 fps step and policy inference: 17198 fps total: 10796 epoch: 655/3000 frames: 21430272
mean_rewards:  [-49.2] last_mean_rewards:  -47.628296
fps step: 18561 fps step and policy inference: 17579 fps total: 11027 epoch: 656/3000 frames: 21463040
mean_rewards:  [-49.08] last_mean_rewards:  -47.628296
fps step: 32094 fps step and policy inference: 30340 fps total: 16592 epoch: 657/3000 frames: 21495808
mean_rewards:  [-48.39] last_mean_rewards:  -47.628296
fps step: 35174 fps step and policy inference: 33081 fps total: 17425 epoch: 658/3000 frames: 21528576
mean_rewards:  [-48.52] last_mean_rewards:  -47.628296
fps step: 35732 fps step and policy inference: 33577 fps total: 17529 epoch: 659/3000 frames: 21561344
mean_rewards:  [-49.07] last_mean_rewards:  -47.628296
fps step: 35781 fps step and policy inference: 33662 fps total: 17551 epoch: 660/3000 frames: 21594112
mean_rewards:  [-48.31] last_mean_rewards:  -47.628296
fps step: 35501 fps step and policy inference: 33372 fps total: 17443 epoch: 661/3000 frames: 21626880
mean_rewards:  [-47.91] last_mean_rewards:  -47.628296
fps step: 35456 fps step and policy inference: 33334 fps total: 17454 epoch: 662/3000 frames: 21659648
mean_rewards:  [-48.47] last_mean_rewards:  -47.628296
fps step: 35637 fps step and policy inference: 33503 fps total: 17485 epoch: 663/3000 frames: 21692416
mean_rewards:  [-49.47] last_mean_rewards:  -47.628296
fps step: 35515 fps step and policy inference: 33378 fps total: 17434 epoch: 664/3000 frames: 21725184
mean_rewards:  [-50.13] last_mean_rewards:  -47.628296
fps step: 35692 fps step and policy inference: 33543 fps total: 17518 epoch: 665/3000 frames: 21757952
mean_rewards:  [-49.91] last_mean_rewards:  -47.628296
fps step: 35623 fps step and policy inference: 33492 fps total: 17516 epoch: 666/3000 frames: 21790720
mean_rewards:  [-48.9] last_mean_rewards:  -47.628296
fps step: 35332 fps step and policy inference: 33222 fps total: 17416 epoch: 667/3000 frames: 21823488
mean_rewards:  [-48.61] last_mean_rewards:  -47.628296
fps step: 35308 fps step and policy inference: 33187 fps total: 17403 epoch: 668/3000 frames: 21856256
mean_rewards:  [-50.06] last_mean_rewards:  -47.628296
fps step: 35373 fps step and policy inference: 33215 fps total: 17417 epoch: 669/3000 frames: 21889024
mean_rewards:  [-49.55] last_mean_rewards:  -47.628296
fps step: 35671 fps step and policy inference: 33503 fps total: 17485 epoch: 670/3000 frames: 21921792
mean_rewards:  [-48.9] last_mean_rewards:  -47.628296
fps step: 35215 fps step and policy inference: 33111 fps total: 17369 epoch: 671/3000 frames: 21954560
mean_rewards:  [-49.05] last_mean_rewards:  -47.628296
fps step: 35502 fps step and policy inference: 33369 fps total: 17471 epoch: 672/3000 frames: 21987328
mean_rewards:  [-48.68] last_mean_rewards:  -47.628296
fps step: 35649 fps step and policy inference: 33537 fps total: 17498 epoch: 673/3000 frames: 22020096
mean_rewards:  [-48.63] last_mean_rewards:  -47.628296
fps step: 35561 fps step and policy inference: 33426 fps total: 17495 epoch: 674/3000 frames: 22052864
mean_rewards:  [-48.68] last_mean_rewards:  -47.628296
fps step: 35315 fps step and policy inference: 33211 fps total: 17401 epoch: 675/3000 frames: 22085632
mean_rewards:  [-47.85] last_mean_rewards:  -47.628296
fps step: 35400 fps step and policy inference: 33296 fps total: 17453 epoch: 676/3000 frames: 22118400
mean_rewards:  [-47.96] last_mean_rewards:  -47.628296
fps step: 35395 fps step and policy inference: 33305 fps total: 17413 epoch: 677/3000 frames: 22151168
mean_rewards:  [-48.69] last_mean_rewards:  -47.628296
fps step: 35470 fps step and policy inference: 33346 fps total: 17465 epoch: 678/3000 frames: 22183936
mean_rewards:  [-47.81] last_mean_rewards:  -47.628296
fps step: 35636 fps step and policy inference: 33493 fps total: 17463 epoch: 679/3000 frames: 22216704
mean_rewards:  [-48.39] last_mean_rewards:  -47.628296
fps step: 33777 fps step and policy inference: 31847 fps total: 17047 epoch: 680/3000 frames: 22249472
mean_rewards:  [-48.37] last_mean_rewards:  -47.628296
fps step: 35092 fps step and policy inference: 33031 fps total: 17365 epoch: 681/3000 frames: 22282240
mean_rewards:  [-48.24] last_mean_rewards:  -47.628296
fps step: 31073 fps step and policy inference: 29407 fps total: 16353 epoch: 682/3000 frames: 22315008
mean_rewards:  [-51.55] last_mean_rewards:  -47.628296
fps step: 35512 fps step and policy inference: 32853 fps total: 16599 epoch: 683/3000 frames: 22347776
mean_rewards:  [-48.41] last_mean_rewards:  -47.628296
fps step: 36707 fps step and policy inference: 34453 fps total: 18388 epoch: 684/3000 frames: 22380544
mean_rewards:  [-48.05] last_mean_rewards:  -47.628296
fps step: 34790 fps step and policy inference: 32745 fps total: 17524 epoch: 685/3000 frames: 22413312
mean_rewards:  [-48.43] last_mean_rewards:  -47.628296
fps step: 35794 fps step and policy inference: 33714 fps total: 15810 epoch: 686/3000 frames: 22446080
mean_rewards:  [-47.79] last_mean_rewards:  -47.628296
fps step: 21098 fps step and policy inference: 19945 fps total: 12651 epoch: 687/3000 frames: 22478848
mean_rewards:  [-48.61] last_mean_rewards:  -47.628296
fps step: 20901 fps step and policy inference: 19661 fps total: 11951 epoch: 688/3000 frames: 22511616
mean_rewards:  [-48.95] last_mean_rewards:  -47.628296
fps step: 20932 fps step and policy inference: 19741 fps total: 12542 epoch: 689/3000 frames: 22544384
mean_rewards:  [-50.17] last_mean_rewards:  -47.628296
fps step: 21063 fps step and policy inference: 19736 fps total: 12023 epoch: 690/3000 frames: 22577152
mean_rewards:  [-49.1] last_mean_rewards:  -47.628296
fps step: 21129 fps step and policy inference: 19974 fps total: 12704 epoch: 691/3000 frames: 22609920
mean_rewards:  [-48.61] last_mean_rewards:  -47.628296
fps step: 20554 fps step and policy inference: 19531 fps total: 12532 epoch: 692/3000 frames: 22642688
mean_rewards:  [-48.23] last_mean_rewards:  -47.628296
fps step: 19665 fps step and policy inference: 18693 fps total: 12102 epoch: 693/3000 frames: 22675456
mean_rewards:  [-48.31] last_mean_rewards:  -47.628296
fps step: 20616 fps step and policy inference: 19455 fps total: 12429 epoch: 694/3000 frames: 22708224
mean_rewards:  [-48.65] last_mean_rewards:  -47.628296
fps step: 14188 fps step and policy inference: 13437 fps total: 9689 epoch: 695/3000 frames: 22740992
mean_rewards:  [-48.85] last_mean_rewards:  -47.628296
fps step: 20567 fps step and policy inference: 19419 fps total: 12415 epoch: 696/3000 frames: 22773760
mean_rewards:  [-49.53] last_mean_rewards:  -47.628296
fps step: 11918 fps step and policy inference: 11271 fps total: 8492 epoch: 697/3000 frames: 22806528
mean_rewards:  [-48.75] last_mean_rewards:  -47.628296
fps step: 20796 fps step and policy inference: 19595 fps total: 12457 epoch: 698/3000 frames: 22839296
mean_rewards:  [-48.63] last_mean_rewards:  -47.628296
fps step: 10548 fps step and policy inference: 10005 fps total: 7770 epoch: 699/3000 frames: 22872064
mean_rewards:  [-49.07] last_mean_rewards:  -47.628296
fps step: 20712 fps step and policy inference: 19501 fps total: 12545 epoch: 700/3000 frames: 22904832
mean_rewards:  [-48.53] last_mean_rewards:  -47.628296
fps step: 10077 fps step and policy inference: 9599 fps total: 7557 epoch: 701/3000 frames: 22937600
mean_rewards:  [-48.62] last_mean_rewards:  -47.628296
fps step: 20893 fps step and policy inference: 19682 fps total: 12623 epoch: 702/3000 frames: 22970368
mean_rewards:  [-48.87] last_mean_rewards:  -47.628296
fps step: 9944 fps step and policy inference: 9461 fps total: 7458 epoch: 703/3000 frames: 23003136
mean_rewards:  [-47.76] last_mean_rewards:  -47.628296
fps step: 20768 fps step and policy inference: 19613 fps total: 12616 epoch: 704/3000 frames: 23035904
mean_rewards:  [-47.98] last_mean_rewards:  -47.628296
fps step: 10042 fps step and policy inference: 9542 fps total: 7519 epoch: 705/3000 frames: 23068672
mean_rewards:  [-48.28] last_mean_rewards:  -47.628296
fps step: 21113 fps step and policy inference: 19992 fps total: 12770 epoch: 706/3000 frames: 23101440
mean_rewards:  [-48.56] last_mean_rewards:  -47.628296
fps step: 9843 fps step and policy inference: 9355 fps total: 7412 epoch: 707/3000 frames: 23134208
mean_rewards:  [-48.24] last_mean_rewards:  -47.628296
fps step: 20525 fps step and policy inference: 19272 fps total: 12460 epoch: 708/3000 frames: 23166976
mean_rewards:  [-47.9] last_mean_rewards:  -47.628296
fps step: 9931 fps step and policy inference: 9453 fps total: 7440 epoch: 709/3000 frames: 23199744
mean_rewards:  [-47.31] last_mean_rewards:  -47.628296
saving next best rewards:  [-47.31]
getting weights with keys: dict_keys(['scaler', 'model'])
=> saving checkpoint './logs/scratch_cube_scratch/tracking_ori_grab_s2_cubesmall_inspect_1_nf_300_obs_pure_state_wref_wdelta_density_500.0_trans_0.5_rot_0.5_goalcond_False__18-02-24-37/nn/tracking_ori_grab_s2_cubesmall_inspect_1_nf_300_obs_pure_state_wref_wdelta_density_500.0_trans_0.5_rot_0.5_goalcond_False_.pth'
fps step: 20363 fps step and policy inference: 19304 fps total: 12439 epoch: 710/3000 frames: 23232512
mean_rewards:  [-48.06] last_mean_rewards:  -47.30953
fps step: 10220 fps step and policy inference: 9720 fps total: 7614 epoch: 711/3000 frames: 23265280
mean_rewards:  [-48.13] last_mean_rewards:  -47.30953
fps step: 20795 fps step and policy inference: 19632 fps total: 12571 epoch: 712/3000 frames: 23298048
mean_rewards:  [-48.48] last_mean_rewards:  -47.30953
fps step: 9882 fps step and policy inference: 9411 fps total: 7383 epoch: 713/3000 frames: 23330816
mean_rewards:  [-48.73] last_mean_rewards:  -47.30953
fps step: 20542 fps step and policy inference: 19324 fps total: 12350 epoch: 714/3000 frames: 23363584
mean_rewards:  [-48.26] last_mean_rewards:  -47.30953
fps step: 9939 fps step and policy inference: 9455 fps total: 7465 epoch: 715/3000 frames: 23396352
mean_rewards:  [-48.79] last_mean_rewards:  -47.30953
fps step: 21190 fps step and policy inference: 19917 fps total: 12683 epoch: 716/3000 frames: 23429120
mean_rewards:  [-48.43] last_mean_rewards:  -47.30953
fps step: 10467 fps step and policy inference: 9949 fps total: 7580 epoch: 717/3000 frames: 23461888
mean_rewards:  [-48.87] last_mean_rewards:  -47.30953
fps step: 20613 fps step and policy inference: 19487 fps total: 12577 epoch: 718/3000 frames: 23494656
mean_rewards:  [-48.52] last_mean_rewards:  -47.30953
fps step: 11367 fps step and policy inference: 10784 fps total: 7783 epoch: 719/3000 frames: 23527424
mean_rewards:  [-48.16] last_mean_rewards:  -47.30953
fps step: 21133 fps step and policy inference: 19866 fps total: 12628 epoch: 720/3000 frames: 23560192
mean_rewards:  [-48.3] last_mean_rewards:  -47.30953
fps step: 13991 fps step and policy inference: 13298 fps total: 8406 epoch: 721/3000 frames: 23592960
mean_rewards:  [-47.62] last_mean_rewards:  -47.30953
fps step: 20462 fps step and policy inference: 19349 fps total: 12054 epoch: 722/3000 frames: 23625728
mean_rewards:  [-48.97] last_mean_rewards:  -47.30953
fps step: 18873 fps step and policy inference: 17847 fps total: 9976 epoch: 723/3000 frames: 23658496
mean_rewards:  [-47.73] last_mean_rewards:  -47.30953
fps step: 20647 fps step and policy inference: 19474 fps total: 12122 epoch: 724/3000 frames: 23691264
mean_rewards:  [-48.7] last_mean_rewards:  -47.30953
fps step: 20995 fps step and policy inference: 19758 fps total: 10856 epoch: 725/3000 frames: 23724032
mean_rewards:  [-47.65] last_mean_rewards:  -47.30953
fps step: 20560 fps step and policy inference: 19424 fps total: 12168 epoch: 726/3000 frames: 23756800
mean_rewards:  [-48.19] last_mean_rewards:  -47.30953
fps step: 20350 fps step and policy inference: 19180 fps total: 10888 epoch: 727/3000 frames: 23789568
mean_rewards:  [-48.59] last_mean_rewards:  -47.30953
fps step: 20624 fps step and policy inference: 19381 fps total: 12067 epoch: 728/3000 frames: 23822336
mean_rewards:  [-47.87] last_mean_rewards:  -47.30953
fps step: 20509 fps step and policy inference: 19358 fps total: 10983 epoch: 729/3000 frames: 23855104
mean_rewards:  [-47.78] last_mean_rewards:  -47.30953
fps step: 20931 fps step and policy inference: 19657 fps total: 12199 epoch: 730/3000 frames: 23887872
mean_rewards:  [-48.26] last_mean_rewards:  -47.30953
fps step: 20552 fps step and policy inference: 19464 fps total: 11195 epoch: 731/3000 frames: 23920640
mean_rewards:  [-47.1] last_mean_rewards:  -47.30953
saving next best rewards:  [-47.1]
getting weights with keys: dict_keys(['scaler', 'model'])
=> saving checkpoint './logs/scratch_cube_scratch/tracking_ori_grab_s2_cubesmall_inspect_1_nf_300_obs_pure_state_wref_wdelta_density_500.0_trans_0.5_rot_0.5_goalcond_False__18-02-24-37/nn/tracking_ori_grab_s2_cubesmall_inspect_1_nf_300_obs_pure_state_wref_wdelta_density_500.0_trans_0.5_rot_0.5_goalcond_False_.pth'
fps step: 20736 fps step and policy inference: 19614 fps total: 12246 epoch: 732/3000 frames: 23953408
mean_rewards:  [-47.33] last_mean_rewards:  -47.09658
fps step: 20443 fps step and policy inference: 19330 fps total: 11176 epoch: 733/3000 frames: 23986176
mean_rewards:  [-49.15] last_mean_rewards:  -47.09658
fps step: 20786 fps step and policy inference: 19505 fps total: 12177 epoch: 734/3000 frames: 24018944
mean_rewards:  [-47.52] last_mean_rewards:  -47.09658
fps step: 20541 fps step and policy inference: 19317 fps total: 11130 epoch: 735/3000 frames: 24051712
mean_rewards:  [-48.67] last_mean_rewards:  -47.09658
fps step: 20539 fps step and policy inference: 19328 fps total: 12095 epoch: 736/3000 frames: 24084480
mean_rewards:  [-47.4] last_mean_rewards:  -47.09658
fps step: 20523 fps step and policy inference: 19372 fps total: 11194 epoch: 737/3000 frames: 24117248
mean_rewards:  [-48.17] last_mean_rewards:  -47.09658
fps step: 20682 fps step and policy inference: 19470 fps total: 12149 epoch: 738/3000 frames: 24150016
mean_rewards:  [-48.15] last_mean_rewards:  -47.09658
fps step: 20669 fps step and policy inference: 19636 fps total: 11377 epoch: 739/3000 frames: 24182784
mean_rewards:  [-48.13] last_mean_rewards:  -47.09658
fps step: 20813 fps step and policy inference: 19657 fps total: 12173 epoch: 740/3000 frames: 24215552
mean_rewards:  [-48.01] last_mean_rewards:  -47.09658
fps step: 20572 fps step and policy inference: 19520 fps total: 11517 epoch: 741/3000 frames: 24248320
mean_rewards:  [-48.27] last_mean_rewards:  -47.09658
fps step: 20606 fps step and policy inference: 19410 fps total: 12103 epoch: 742/3000 frames: 24281088
mean_rewards:  [-47.41] last_mean_rewards:  -47.09658
fps step: 20692 fps step and policy inference: 19530 fps total: 11201 epoch: 743/3000 frames: 24313856
mean_rewards:  [-48.] last_mean_rewards:  -47.09658
fps step: 20781 fps step and policy inference: 19554 fps total: 12300 epoch: 744/3000 frames: 24346624
mean_rewards:  [-47.47] last_mean_rewards:  -47.09658
fps step: 20103 fps step and policy inference: 19020 fps total: 11059 epoch: 745/3000 frames: 24379392
mean_rewards:  [-48.01] last_mean_rewards:  -47.09658
fps step: 20710 fps step and policy inference: 19538 fps total: 12280 epoch: 746/3000 frames: 24412160
mean_rewards:  [-47.09] last_mean_rewards:  -47.09658
saving next best rewards:  [-47.09]
getting weights with keys: dict_keys(['scaler', 'model'])
=> saving checkpoint './logs/scratch_cube_scratch/tracking_ori_grab_s2_cubesmall_inspect_1_nf_300_obs_pure_state_wref_wdelta_density_500.0_trans_0.5_rot_0.5_goalcond_False__18-02-24-37/nn/tracking_ori_grab_s2_cubesmall_inspect_1_nf_300_obs_pure_state_wref_wdelta_density_500.0_trans_0.5_rot_0.5_goalcond_False_.pth'
fps step: 20862 fps step and policy inference: 19713 fps total: 11303 epoch: 747/3000 frames: 24444928
mean_rewards:  [-49.7] last_mean_rewards:  -47.092606
fps step: 20921 fps step and policy inference: 19827 fps total: 12395 epoch: 748/3000 frames: 24477696
mean_rewards:  [-48.18] last_mean_rewards:  -47.092606
fps step: 21138 fps step and policy inference: 19975 fps total: 11457 epoch: 749/3000 frames: 24510464
mean_rewards:  [-47.5] last_mean_rewards:  -47.092606
fps step: 20588 fps step and policy inference: 19477 fps total: 12252 epoch: 750/3000 frames: 24543232
mean_rewards:  [-47.38] last_mean_rewards:  -47.092606
fps step: 20343 fps step and policy inference: 19232 fps total: 11096 epoch: 751/3000 frames: 24576000
mean_rewards:  [-47.79] last_mean_rewards:  -47.092606
fps step: 20748 fps step and policy inference: 19526 fps total: 12319 epoch: 752/3000 frames: 24608768
mean_rewards:  [-48.84] last_mean_rewards:  -47.092606
fps step: 21193 fps step and policy inference: 19965 fps total: 11385 epoch: 753/3000 frames: 24641536
mean_rewards:  [-47.83] last_mean_rewards:  -47.092606
fps step: 20823 fps step and policy inference: 19561 fps total: 12332 epoch: 754/3000 frames: 24674304
mean_rewards:  [-48.] last_mean_rewards:  -47.092606
fps step: 20742 fps step and policy inference: 19661 fps total: 11339 epoch: 755/3000 frames: 24707072
mean_rewards:  [-48.38] last_mean_rewards:  -47.092606
fps step: 20719 fps step and policy inference: 19611 fps total: 12279 epoch: 756/3000 frames: 24739840
mean_rewards:  [-47.83] last_mean_rewards:  -47.092606
fps step: 20432 fps step and policy inference: 19350 fps total: 11013 epoch: 757/3000 frames: 24772608
mean_rewards:  [-48.17] last_mean_rewards:  -47.092606
fps step: 20736 fps step and policy inference: 19727 fps total: 12369 epoch: 758/3000 frames: 24805376
mean_rewards:  [-47.63] last_mean_rewards:  -47.092606
fps step: 20325 fps step and policy inference: 19192 fps total: 11022 epoch: 759/3000 frames: 24838144
mean_rewards:  [-48.26] last_mean_rewards:  -47.092606
fps step: 20465 fps step and policy inference: 19328 fps total: 12117 epoch: 760/3000 frames: 24870912
mean_rewards:  [-47.8] last_mean_rewards:  -47.092606
fps step: 20423 fps step and policy inference: 19271 fps total: 10786 epoch: 761/3000 frames: 24903680
mean_rewards:  [-50.42] last_mean_rewards:  -47.092606
fps step: 20761 fps step and policy inference: 19699 fps total: 12163 epoch: 762/3000 frames: 24936448
mean_rewards:  [-48.33] last_mean_rewards:  -47.092606
fps step: 21038 fps step and policy inference: 19752 fps total: 11082 epoch: 763/3000 frames: 24969216
mean_rewards:  [-47.41] last_mean_rewards:  -47.092606
fps step: 20566 fps step and policy inference: 19442 fps total: 12054 epoch: 764/3000 frames: 25001984
mean_rewards:  [-47.55] last_mean_rewards:  -47.092606
fps step: 20382 fps step and policy inference: 19324 fps total: 10896 epoch: 765/3000 frames: 25034752
mean_rewards:  [-47.52] last_mean_rewards:  -47.092606
fps step: 20516 fps step and policy inference: 19404 fps total: 12063 epoch: 766/3000 frames: 25067520
mean_rewards:  [-48.38] last_mean_rewards:  -47.092606
fps step: 21134 fps step and policy inference: 20021 fps total: 10433 epoch: 767/3000 frames: 25100288
mean_rewards:  [-47.65] last_mean_rewards:  -47.092606
fps step: 20930 fps step and policy inference: 19900 fps total: 12196 epoch: 768/3000 frames: 25133056
mean_rewards:  [-47.42] last_mean_rewards:  -47.092606
fps step: 20708 fps step and policy inference: 19676 fps total: 10894 epoch: 769/3000 frames: 25165824
mean_rewards:  [-47.42] last_mean_rewards:  -47.092606
fps step: 20839 fps step and policy inference: 19681 fps total: 12156 epoch: 770/3000 frames: 25198592
mean_rewards:  [-48.17] last_mean_rewards:  -47.092606
fps step: 20640 fps step and policy inference: 19510 fps total: 11057 epoch: 771/3000 frames: 25231360
mean_rewards:  [-48.13] last_mean_rewards:  -47.092606
fps step: 20847 fps step and policy inference: 19795 fps total: 12260 epoch: 772/3000 frames: 25264128
mean_rewards:  [-47.58] last_mean_rewards:  -47.092606
fps step: 20842 fps step and policy inference: 19762 fps total: 11376 epoch: 773/3000 frames: 25296896
mean_rewards:  [-47.61] last_mean_rewards:  -47.092606
fps step: 20791 fps step and policy inference: 19662 fps total: 12169 epoch: 774/3000 frames: 25329664
mean_rewards:  [-47.88] last_mean_rewards:  -47.092606
fps step: 20694 fps step and policy inference: 19661 fps total: 11485 epoch: 775/3000 frames: 25362432
mean_rewards:  [-48.44] last_mean_rewards:  -47.092606
fps step: 20920 fps step and policy inference: 19800 fps total: 12203 epoch: 776/3000 frames: 25395200
mean_rewards:  [-47.93] last_mean_rewards:  -47.092606
fps step: 21243 fps step and policy inference: 19974 fps total: 11577 epoch: 777/3000 frames: 25427968
mean_rewards:  [-49.03] last_mean_rewards:  -47.092606
fps step: 20658 fps step and policy inference: 19512 fps total: 12201 epoch: 778/3000 frames: 25460736
mean_rewards:  [-48.16] last_mean_rewards:  -47.092606
fps step: 20595 fps step and policy inference: 19480 fps total: 11188 epoch: 779/3000 frames: 25493504
mean_rewards:  [-47.98] last_mean_rewards:  -47.092606
fps step: 20901 fps step and policy inference: 19782 fps total: 12280 epoch: 780/3000 frames: 25526272
mean_rewards:  [-49.08] last_mean_rewards:  -47.092606
fps step: 20981 fps step and policy inference: 19891 fps total: 11533 epoch: 781/3000 frames: 25559040
mean_rewards:  [-47.91] last_mean_rewards:  -47.092606
fps step: 20517 fps step and policy inference: 19442 fps total: 12128 epoch: 782/3000 frames: 25591808
mean_rewards:  [-47.58] last_mean_rewards:  -47.092606
fps step: 20346 fps step and policy inference: 19216 fps total: 10976 epoch: 783/3000 frames: 25624576
mean_rewards:  [-47.79] last_mean_rewards:  -47.092606
fps step: 20901 fps step and policy inference: 19748 fps total: 12289 epoch: 784/3000 frames: 25657344
mean_rewards:  [-47.51] last_mean_rewards:  -47.092606
fps step: 21018 fps step and policy inference: 19745 fps total: 11255 epoch: 785/3000 frames: 25690112
mean_rewards:  [-48.01] last_mean_rewards:  -47.092606
fps step: 21215 fps step and policy inference: 19938 fps total: 12321 epoch: 786/3000 frames: 25722880
mean_rewards:  [-48.] last_mean_rewards:  -47.092606
fps step: 20610 fps step and policy inference: 19425 fps total: 11230 epoch: 787/3000 frames: 25755648
mean_rewards:  [-48.46] last_mean_rewards:  -47.092606
fps step: 20389 fps step and policy inference: 19288 fps total: 12367 epoch: 788/3000 frames: 25788416
mean_rewards:  [-47.69] last_mean_rewards:  -47.092606
fps step: 20604 fps step and policy inference: 19458 fps total: 11579 epoch: 789/3000 frames: 25821184
mean_rewards:  [-48.86] last_mean_rewards:  -47.092606
fps step: 20749 fps step and policy inference: 19588 fps total: 12501 epoch: 790/3000 frames: 25853952
mean_rewards:  [-47.96] last_mean_rewards:  -47.092606
fps step: 20638 fps step and policy inference: 19508 fps total: 11963 epoch: 791/3000 frames: 25886720
mean_rewards:  [-47.93] last_mean_rewards:  -47.092606
fps step: 20323 fps step and policy inference: 19279 fps total: 12416 epoch: 792/3000 frames: 25919488
mean_rewards:  [-47.69] last_mean_rewards:  -47.092606
fps step: 20706 fps step and policy inference: 19457 fps total: 12013 epoch: 793/3000 frames: 25952256
mean_rewards:  [-47.87] last_mean_rewards:  -47.092606
fps step: 20763 fps step and policy inference: 19676 fps total: 12514 epoch: 794/3000 frames: 25985024
mean_rewards:  [-48.26] last_mean_rewards:  -47.092606
fps step: 21124 fps step and policy inference: 19895 fps total: 12570 epoch: 795/3000 frames: 26017792
mean_rewards:  [-47.86] last_mean_rewards:  -47.092606
fps step: 20916 fps step and policy inference: 19858 fps total: 12602 epoch: 796/3000 frames: 26050560
mean_rewards:  [-48.48] last_mean_rewards:  -47.092606
fps step: 20635 fps step and policy inference: 19498 fps total: 12441 epoch: 797/3000 frames: 26083328
mean_rewards:  [-47.78] last_mean_rewards:  -47.092606
fps step: 20843 fps step and policy inference: 19795 fps total: 12645 epoch: 798/3000 frames: 26116096
mean_rewards:  [-47.77] last_mean_rewards:  -47.092606
fps step: 21062 fps step and policy inference: 19807 fps total: 12611 epoch: 799/3000 frames: 26148864
mean_rewards:  [-48.97] last_mean_rewards:  -47.092606
fps step: 21186 fps step and policy inference: 19952 fps total: 12335 epoch: 800/3000 frames: 26181632
mean_rewards:  [-47.85] last_mean_rewards:  -47.092606
getting weights with keys: dict_keys(['scaler', 'model'])
=> saving checkpoint './logs/scratch_cube_scratch/tracking_ori_grab_s2_cubesmall_inspect_1_nf_300_obs_pure_state_wref_wdelta_density_500.0_trans_0.5_rot_0.5_goalcond_False__18-02-24-37/nn/last_tracking_ori_grab_s2_cubesmall_inspect_1_nf_300_obs_pure_state_wref_wdelta_density_500.0_trans_0.5_rot_0.5_goalcond_False__ep_800_rew_-47.849957.pth'
fps step: 20143 fps step and policy inference: 19036 fps total: 11774 epoch: 801/3000 frames: 26214400
mean_rewards:  [-48.39] last_mean_rewards:  -47.092606
fps step: 20448 fps step and policy inference: 19316 fps total: 12070 epoch: 802/3000 frames: 26247168
mean_rewards:  [-47.98] last_mean_rewards:  -47.092606
fps step: 20845 fps step and policy inference: 19634 fps total: 11257 epoch: 803/3000 frames: 26279936
mean_rewards:  [-48.64] last_mean_rewards:  -47.092606
fps step: 20987 fps step and policy inference: 19797 fps total: 12284 epoch: 804/3000 frames: 26312704
mean_rewards:  [-48.23] last_mean_rewards:  -47.092606
fps step: 20821 fps step and policy inference: 19673 fps total: 11185 epoch: 805/3000 frames: 26345472
mean_rewards:  [-48.83] last_mean_rewards:  -47.092606
fps step: 20442 fps step and policy inference: 19311 fps total: 12009 epoch: 806/3000 frames: 26378240
mean_rewards:  [-49.02] last_mean_rewards:  -47.092606
fps step: 20569 fps step and policy inference: 19468 fps total: 10992 epoch: 807/3000 frames: 26411008
mean_rewards:  [-48.27] last_mean_rewards:  -47.092606
fps step: 20408 fps step and policy inference: 19321 fps total: 12108 epoch: 808/3000 frames: 26443776
mean_rewards:  [-49.14] last_mean_rewards:  -47.092606
fps step: 20649 fps step and policy inference: 19503 fps total: 10900 epoch: 809/3000 frames: 26476544
mean_rewards:  [-48.49] last_mean_rewards:  -47.092606
fps step: 20797 fps step and policy inference: 19567 fps total: 12148 epoch: 810/3000 frames: 26509312
mean_rewards:  [-47.96] last_mean_rewards:  -47.092606
fps step: 20745 fps step and policy inference: 19608 fps total: 10904 epoch: 811/3000 frames: 26542080
mean_rewards:  [-47.73] last_mean_rewards:  -47.092606
fps step: 20639 fps step and policy inference: 19514 fps total: 12104 epoch: 812/3000 frames: 26574848
mean_rewards:  [-47.81] last_mean_rewards:  -47.092606
fps step: 20808 fps step and policy inference: 19651 fps total: 10882 epoch: 813/3000 frames: 26607616
mean_rewards:  [-48.35] last_mean_rewards:  -47.092606
fps step: 20871 fps step and policy inference: 19680 fps total: 12174 epoch: 814/3000 frames: 26640384
mean_rewards:  [-47.6] last_mean_rewards:  -47.092606
fps step: 20628 fps step and policy inference: 19451 fps total: 10809 epoch: 815/3000 frames: 26673152
mean_rewards:  [-47.87] last_mean_rewards:  -47.092606
fps step: 20360 fps step and policy inference: 19221 fps total: 12031 epoch: 816/3000 frames: 26705920
mean_rewards:  [-47.67] last_mean_rewards:  -47.092606
fps step: 20365 fps step and policy inference: 19233 fps total: 10535 epoch: 817/3000 frames: 26738688
mean_rewards:  [-48.88] last_mean_rewards:  -47.092606
fps step: 20675 fps step and policy inference: 19588 fps total: 12144 epoch: 818/3000 frames: 26771456
mean_rewards:  [-48.34] last_mean_rewards:  -47.092606
fps step: 20617 fps step and policy inference: 19486 fps total: 10666 epoch: 819/3000 frames: 26804224
mean_rewards:  [-47.86] last_mean_rewards:  -47.092606
fps step: 20230 fps step and policy inference: 19126 fps total: 11982 epoch: 820/3000 frames: 26836992
mean_rewards:  [-48.93] last_mean_rewards:  -47.092606
fps step: 20448 fps step and policy inference: 19400 fps total: 10497 epoch: 821/3000 frames: 26869760
mean_rewards:  [-48.73] last_mean_rewards:  -47.092606
fps step: 20506 fps step and policy inference: 19321 fps total: 11992 epoch: 822/3000 frames: 26902528
mean_rewards:  [-48.89] last_mean_rewards:  -47.092606
fps step: 20592 fps step and policy inference: 19526 fps total: 10592 epoch: 823/3000 frames: 26935296
mean_rewards:  [-47.74] last_mean_rewards:  -47.092606
fps step: 20667 fps step and policy inference: 19500 fps total: 12128 epoch: 824/3000 frames: 26968064
mean_rewards:  [-47.95] last_mean_rewards:  -47.092606
fps step: 20591 fps step and policy inference: 19463 fps total: 10532 epoch: 825/3000 frames: 27000832
mean_rewards:  [-49.48] last_mean_rewards:  -47.092606
fps step: 20664 fps step and policy inference: 19552 fps total: 12133 epoch: 826/3000 frames: 27033600
mean_rewards:  [-47.58] last_mean_rewards:  -47.092606
fps step: 20482 fps step and policy inference: 19419 fps total: 10554 epoch: 827/3000 frames: 27066368
mean_rewards:  [-48.52] last_mean_rewards:  -47.092606
fps step: 20581 fps step and policy inference: 19434 fps total: 12113 epoch: 828/3000 frames: 27099136
mean_rewards:  [-47.66] last_mean_rewards:  -47.092606
fps step: 20903 fps step and policy inference: 19650 fps total: 10675 epoch: 829/3000 frames: 27131904
mean_rewards:  [-48.19] last_mean_rewards:  -47.092606
fps step: 20432 fps step and policy inference: 19429 fps total: 12498 epoch: 830/3000 frames: 27164672
mean_rewards:  [-48.05] last_mean_rewards:  -47.092606
fps step: 20666 fps step and policy inference: 19538 fps total: 11374 epoch: 831/3000 frames: 27197440
mean_rewards:  [-48.37] last_mean_rewards:  -47.092606
fps step: 21322 fps step and policy inference: 20225 fps total: 12836 epoch: 832/3000 frames: 27230208
mean_rewards:  [-47.65] last_mean_rewards:  -47.092606
fps step: 20956 fps step and policy inference: 19881 fps total: 12203 epoch: 833/3000 frames: 27262976
mean_rewards:  [-47.02] last_mean_rewards:  -47.092606
saving next best rewards:  [-47.02]
getting weights with keys: dict_keys(['scaler', 'model'])
=> saving checkpoint './logs/scratch_cube_scratch/tracking_ori_grab_s2_cubesmall_inspect_1_nf_300_obs_pure_state_wref_wdelta_density_500.0_trans_0.5_rot_0.5_goalcond_False__18-02-24-37/nn/tracking_ori_grab_s2_cubesmall_inspect_1_nf_300_obs_pure_state_wref_wdelta_density_500.0_trans_0.5_rot_0.5_goalcond_False_.pth'
fps step: 20540 fps step and policy inference: 19438 fps total: 12500 epoch: 834/3000 frames: 27295744
mean_rewards:  [-47.19] last_mean_rewards:  -47.02376
fps step: 20894 fps step and policy inference: 19771 fps total: 12051 epoch: 835/3000 frames: 27328512
mean_rewards:  [-46.98] last_mean_rewards:  -47.02376
saving next best rewards:  [-46.98]
getting weights with keys: dict_keys(['scaler', 'model'])
=> saving checkpoint './logs/scratch_cube_scratch/tracking_ori_grab_s2_cubesmall_inspect_1_nf_300_obs_pure_state_wref_wdelta_density_500.0_trans_0.5_rot_0.5_goalcond_False__18-02-24-37/nn/tracking_ori_grab_s2_cubesmall_inspect_1_nf_300_obs_pure_state_wref_wdelta_density_500.0_trans_0.5_rot_0.5_goalcond_False_.pth'
fps step: 21052 fps step and policy inference: 19962 fps total: 12735 epoch: 836/3000 frames: 27361280
mean_rewards:  [-47.9] last_mean_rewards:  -46.977436
fps step: 20851 fps step and policy inference: 19711 fps total: 12074 epoch: 837/3000 frames: 27394048
mean_rewards:  [-47.47] last_mean_rewards:  -46.977436
fps step: 20711 fps step and policy inference: 19650 fps total: 12478 epoch: 838/3000 frames: 27426816
mean_rewards:  [-47.62] last_mean_rewards:  -46.977436
fps step: 20687 fps step and policy inference: 19584 fps total: 11878 epoch: 839/3000 frames: 27459584
mean_rewards:  [-47.37] last_mean_rewards:  -46.977436
fps step: 20932 fps step and policy inference: 19797 fps total: 12607 epoch: 840/3000 frames: 27492352
mean_rewards:  [-48.34] last_mean_rewards:  -46.977436
fps step: 20959 fps step and policy inference: 19876 fps total: 12187 epoch: 841/3000 frames: 27525120
mean_rewards:  [-47.44] last_mean_rewards:  -46.977436
fps step: 20886 fps step and policy inference: 19724 fps total: 12650 epoch: 842/3000 frames: 27557888
mean_rewards:  [-47.4] last_mean_rewards:  -46.977436
fps step: 20785 fps step and policy inference: 19692 fps total: 11992 epoch: 843/3000 frames: 27590656
mean_rewards:  [-47.13] last_mean_rewards:  -46.977436
fps step: 20503 fps step and policy inference: 19449 fps total: 12209 epoch: 844/3000 frames: 27623424
mean_rewards:  [-46.99] last_mean_rewards:  -46.977436
fps step: 20832 fps step and policy inference: 19786 fps total: 11514 epoch: 845/3000 frames: 27656192
mean_rewards:  [-48.66] last_mean_rewards:  -46.977436
fps step: 21226 fps step and policy inference: 20160 fps total: 12562 epoch: 846/3000 frames: 27688960
mean_rewards:  [-46.92] last_mean_rewards:  -46.977436
saving next best rewards:  [-46.92]
getting weights with keys: dict_keys(['scaler', 'model'])
=> saving checkpoint './logs/scratch_cube_scratch/tracking_ori_grab_s2_cubesmall_inspect_1_nf_300_obs_pure_state_wref_wdelta_density_500.0_trans_0.5_rot_0.5_goalcond_False__18-02-24-37/nn/tracking_ori_grab_s2_cubesmall_inspect_1_nf_300_obs_pure_state_wref_wdelta_density_500.0_trans_0.5_rot_0.5_goalcond_False_.pth'
fps step: 21248 fps step and policy inference: 19972 fps total: 11263 epoch: 847/3000 frames: 27721728
mean_rewards:  [-47.32] last_mean_rewards:  -46.91865
fps step: 20929 fps step and policy inference: 19648 fps total: 12366 epoch: 848/3000 frames: 27754496
mean_rewards:  [-46.91] last_mean_rewards:  -46.91865
saving next best rewards:  [-46.91]
getting weights with keys: dict_keys(['scaler', 'model'])
=> saving checkpoint './logs/scratch_cube_scratch/tracking_ori_grab_s2_cubesmall_inspect_1_nf_300_obs_pure_state_wref_wdelta_density_500.0_trans_0.5_rot_0.5_goalcond_False__18-02-24-37/nn/tracking_ori_grab_s2_cubesmall_inspect_1_nf_300_obs_pure_state_wref_wdelta_density_500.0_trans_0.5_rot_0.5_goalcond_False_.pth'
fps step: 20909 fps step and policy inference: 19771 fps total: 11221 epoch: 849/3000 frames: 27787264
mean_rewards:  [-47.29] last_mean_rewards:  -46.90939
fps step: 21119 fps step and policy inference: 19896 fps total: 12416 epoch: 850/3000 frames: 27820032
mean_rewards:  [-47.75] last_mean_rewards:  -46.90939
fps step: 21139 fps step and policy inference: 19974 fps total: 11354 epoch: 851/3000 frames: 27852800
mean_rewards:  [-46.92] last_mean_rewards:  -46.90939
fps step: 20962 fps step and policy inference: 19809 fps total: 12360 epoch: 852/3000 frames: 27885568
mean_rewards:  [-46.69] last_mean_rewards:  -46.90939
saving next best rewards:  [-46.69]
getting weights with keys: dict_keys(['scaler', 'model'])
=> saving checkpoint './logs/scratch_cube_scratch/tracking_ori_grab_s2_cubesmall_inspect_1_nf_300_obs_pure_state_wref_wdelta_density_500.0_trans_0.5_rot_0.5_goalcond_False__18-02-24-37/nn/tracking_ori_grab_s2_cubesmall_inspect_1_nf_300_obs_pure_state_wref_wdelta_density_500.0_trans_0.5_rot_0.5_goalcond_False_.pth'
fps step: 21104 fps step and policy inference: 19940 fps total: 11318 epoch: 853/3000 frames: 27918336
mean_rewards:  [-47.17] last_mean_rewards:  -46.685898
fps step: 21002 fps step and policy inference: 19858 fps total: 12322 epoch: 854/3000 frames: 27951104
mean_rewards:  [-47.01] last_mean_rewards:  -46.685898
fps step: 21278 fps step and policy inference: 20043 fps total: 11330 epoch: 855/3000 frames: 27983872
mean_rewards:  [-47.15] last_mean_rewards:  -46.685898
fps step: 20934 fps step and policy inference: 19680 fps total: 12303 epoch: 856/3000 frames: 28016640
mean_rewards:  [-47.02] last_mean_rewards:  -46.685898
fps step: 20924 fps step and policy inference: 19685 fps total: 11219 epoch: 857/3000 frames: 28049408
mean_rewards:  [-46.93] last_mean_rewards:  -46.685898
fps step: 20647 fps step and policy inference: 19479 fps total: 12197 epoch: 858/3000 frames: 28082176
mean_rewards:  [-46.38] last_mean_rewards:  -46.685898
saving next best rewards:  [-46.38]
getting weights with keys: dict_keys(['scaler', 'model'])
=> saving checkpoint './logs/scratch_cube_scratch/tracking_ori_grab_s2_cubesmall_inspect_1_nf_300_obs_pure_state_wref_wdelta_density_500.0_trans_0.5_rot_0.5_goalcond_False__18-02-24-37/nn/tracking_ori_grab_s2_cubesmall_inspect_1_nf_300_obs_pure_state_wref_wdelta_density_500.0_trans_0.5_rot_0.5_goalcond_False_.pth'
fps step: 20266 fps step and policy inference: 19167 fps total: 11186 epoch: 859/3000 frames: 28114944
mean_rewards:  [-46.7] last_mean_rewards:  -46.384304
fps step: 21084 fps step and policy inference: 19875 fps total: 12675 epoch: 860/3000 frames: 28147712
mean_rewards:  [-47.54] last_mean_rewards:  -46.384304
fps step: 20984 fps step and policy inference: 19918 fps total: 12136 epoch: 861/3000 frames: 28180480
mean_rewards:  [-46.68] last_mean_rewards:  -46.384304
fps step: 20698 fps step and policy inference: 19543 fps total: 12568 epoch: 862/3000 frames: 28213248
mean_rewards:  [-47.02] last_mean_rewards:  -46.384304
fps step: 20507 fps step and policy inference: 19472 fps total: 11947 epoch: 863/3000 frames: 28246016
mean_rewards:  [-46.89] last_mean_rewards:  -46.384304
fps step: 21071 fps step and policy inference: 19809 fps total: 12681 epoch: 864/3000 frames: 28278784
mean_rewards:  [-46.9] last_mean_rewards:  -46.384304
fps step: 20971 fps step and policy inference: 19839 fps total: 12476 epoch: 865/3000 frames: 28311552
mean_rewards:  [-46.42] last_mean_rewards:  -46.384304
fps step: 20790 fps step and policy inference: 19666 fps total: 12629 epoch: 866/3000 frames: 28344320
mean_rewards:  [-46.21] last_mean_rewards:  -46.384304
saving next best rewards:  [-46.21]
getting weights with keys: dict_keys(['scaler', 'model'])
=> saving checkpoint './logs/scratch_cube_scratch/tracking_ori_grab_s2_cubesmall_inspect_1_nf_300_obs_pure_state_wref_wdelta_density_500.0_trans_0.5_rot_0.5_goalcond_False__18-02-24-37/nn/tracking_ori_grab_s2_cubesmall_inspect_1_nf_300_obs_pure_state_wref_wdelta_density_500.0_trans_0.5_rot_0.5_goalcond_False_.pth'
fps step: 20747 fps step and policy inference: 19605 fps total: 12302 epoch: 867/3000 frames: 28377088
mean_rewards:  [-46.09] last_mean_rewards:  -46.211796
saving next best rewards:  [-46.09]
getting weights with keys: dict_keys(['scaler', 'model'])
=> saving checkpoint './logs/scratch_cube_scratch/tracking_ori_grab_s2_cubesmall_inspect_1_nf_300_obs_pure_state_wref_wdelta_density_500.0_trans_0.5_rot_0.5_goalcond_False__18-02-24-37/nn/tracking_ori_grab_s2_cubesmall_inspect_1_nf_300_obs_pure_state_wref_wdelta_density_500.0_trans_0.5_rot_0.5_goalcond_False_.pth'
fps step: 20517 fps step and policy inference: 19435 fps total: 12420 epoch: 868/3000 frames: 28409856
mean_rewards:  [-45.96] last_mean_rewards:  -46.087566
saving next best rewards:  [-45.96]
getting weights with keys: dict_keys(['scaler', 'model'])
=> saving checkpoint './logs/scratch_cube_scratch/tracking_ori_grab_s2_cubesmall_inspect_1_nf_300_obs_pure_state_wref_wdelta_density_500.0_trans_0.5_rot_0.5_goalcond_False__18-02-24-37/nn/tracking_ori_grab_s2_cubesmall_inspect_1_nf_300_obs_pure_state_wref_wdelta_density_500.0_trans_0.5_rot_0.5_goalcond_False_.pth'
fps step: 20941 fps step and policy inference: 19756 fps total: 12384 epoch: 869/3000 frames: 28442624
mean_rewards:  [-46.47] last_mean_rewards:  -45.955486
fps step: 21007 fps step and policy inference: 19854 fps total: 12739 epoch: 870/3000 frames: 28475392
mean_rewards:  [-46.73] last_mean_rewards:  -45.955486
fps step: 20594 fps step and policy inference: 19316 fps total: 12362 epoch: 871/3000 frames: 28508160
mean_rewards:  [-45.74] last_mean_rewards:  -45.955486
saving next best rewards:  [-45.74]
getting weights with keys: dict_keys(['scaler', 'model'])
=> saving checkpoint './logs/scratch_cube_scratch/tracking_ori_grab_s2_cubesmall_inspect_1_nf_300_obs_pure_state_wref_wdelta_density_500.0_trans_0.5_rot_0.5_goalcond_False__18-02-24-37/nn/tracking_ori_grab_s2_cubesmall_inspect_1_nf_300_obs_pure_state_wref_wdelta_density_500.0_trans_0.5_rot_0.5_goalcond_False_.pth'
fps step: 20658 fps step and policy inference: 19536 fps total: 12430 epoch: 872/3000 frames: 28540928
mean_rewards:  [-46.55] last_mean_rewards:  -45.743774
fps step: 20634 fps step and policy inference: 19509 fps total: 12453 epoch: 873/3000 frames: 28573696
mean_rewards:  [-46.57] last_mean_rewards:  -45.743774
fps step: 20651 fps step and policy inference: 19519 fps total: 12497 epoch: 874/3000 frames: 28606464
mean_rewards:  [-46.35] last_mean_rewards:  -45.743774
fps step: 20693 fps step and policy inference: 19609 fps total: 12493 epoch: 875/3000 frames: 28639232
mean_rewards:  [-46.42] last_mean_rewards:  -45.743774
fps step: 20528 fps step and policy inference: 19410 fps total: 12530 epoch: 876/3000 frames: 28672000
mean_rewards:  [-46.94] last_mean_rewards:  -45.743774
fps step: 20638 fps step and policy inference: 19465 fps total: 12511 epoch: 877/3000 frames: 28704768
mean_rewards:  [-46.36] last_mean_rewards:  -45.743774
fps step: 20639 fps step and policy inference: 19597 fps total: 12628 epoch: 878/3000 frames: 28737536
mean_rewards:  [-46.2] last_mean_rewards:  -45.743774
fps step: 20993 fps step and policy inference: 19733 fps total: 12582 epoch: 879/3000 frames: 28770304
mean_rewards:  [-45.94] last_mean_rewards:  -45.743774
fps step: 20671 fps step and policy inference: 19539 fps total: 12651 epoch: 880/3000 frames: 28803072
mean_rewards:  [-46.15] last_mean_rewards:  -45.743774
fps step: 20575 fps step and policy inference: 19544 fps total: 12626 epoch: 881/3000 frames: 28835840
mean_rewards:  [-46.73] last_mean_rewards:  -45.743774
fps step: 20667 fps step and policy inference: 19418 fps total: 12520 epoch: 882/3000 frames: 28868608
mean_rewards:  [-47.39] last_mean_rewards:  -45.743774
fps step: 21011 fps step and policy inference: 19856 fps total: 12765 epoch: 883/3000 frames: 28901376
mean_rewards:  [-47.33] last_mean_rewards:  -45.743774
fps step: 20837 fps step and policy inference: 19674 fps total: 12510 epoch: 884/3000 frames: 28934144
mean_rewards:  [-47.26] last_mean_rewards:  -45.743774
fps step: 20770 fps step and policy inference: 19566 fps total: 12502 epoch: 885/3000 frames: 28966912
mean_rewards:  [-46.32] last_mean_rewards:  -45.743774
fps step: 20288 fps step and policy inference: 19169 fps total: 12326 epoch: 886/3000 frames: 28999680
mean_rewards:  [-47.11] last_mean_rewards:  -45.743774
fps step: 20776 fps step and policy inference: 19728 fps total: 12661 epoch: 887/3000 frames: 29032448
mean_rewards:  [-46.82] last_mean_rewards:  -45.743774
fps step: 21053 fps step and policy inference: 19854 fps total: 12719 epoch: 888/3000 frames: 29065216
mean_rewards:  [-46.46] last_mean_rewards:  -45.743774
fps step: 21067 fps step and policy inference: 19862 fps total: 12703 epoch: 889/3000 frames: 29097984
mean_rewards:  [-46.35] last_mean_rewards:  -45.743774
fps step: 19549 fps step and policy inference: 18484 fps total: 12051 epoch: 890/3000 frames: 29130752
mean_rewards:  [-47.48] last_mean_rewards:  -45.743774
fps step: 20378 fps step and policy inference: 19344 fps total: 12026 epoch: 891/3000 frames: 29163520
mean_rewards:  [-46.71] last_mean_rewards:  -45.743774
fps step: 16185 fps step and policy inference: 15374 fps total: 10355 epoch: 892/3000 frames: 29196288
mean_rewards:  [-47.32] last_mean_rewards:  -45.743774
fps step: 20673 fps step and policy inference: 19554 fps total: 12131 epoch: 893/3000 frames: 29229056
mean_rewards:  [-46.69] last_mean_rewards:  -45.743774
fps step: 13928 fps step and policy inference: 13199 fps total: 9354 epoch: 894/3000 frames: 29261824
mean_rewards:  [-46.79] last_mean_rewards:  -45.743774
fps step: 20643 fps step and policy inference: 19349 fps total: 12062 epoch: 895/3000 frames: 29294592
mean_rewards:  [-47.08] last_mean_rewards:  -45.743774
fps step: 13219 fps step and policy inference: 12543 fps total: 9026 epoch: 896/3000 frames: 29327360
mean_rewards:  [-47.8] last_mean_rewards:  -45.743774
fps step: 20757 fps step and policy inference: 19526 fps total: 12148 epoch: 897/3000 frames: 29360128
mean_rewards:  [-47.08] last_mean_rewards:  -45.743774
fps step: 12671 fps step and policy inference: 12037 fps total: 8762 epoch: 898/3000 frames: 29392896
mean_rewards:  [-47.03] last_mean_rewards:  -45.743774
fps step: 20469 fps step and policy inference: 19317 fps total: 12065 epoch: 899/3000 frames: 29425664
mean_rewards:  [-46.42] last_mean_rewards:  -45.743774
fps step: 12490 fps step and policy inference: 11865 fps total: 8660 epoch: 900/3000 frames: 29458432
mean_rewards:  [-45.82] last_mean_rewards:  -45.743774
fps step: 20696 fps step and policy inference: 19475 fps total: 12117 epoch: 901/3000 frames: 29491200
mean_rewards:  [-46.17] last_mean_rewards:  -45.743774
fps step: 12540 fps step and policy inference: 11872 fps total: 8677 epoch: 902/3000 frames: 29523968
mean_rewards:  [-47.03] last_mean_rewards:  -45.743774
fps step: 20551 fps step and policy inference: 19485 fps total: 12132 epoch: 903/3000 frames: 29556736
mean_rewards:  [-45.92] last_mean_rewards:  -45.743774
fps step: 12175 fps step and policy inference: 11519 fps total: 8468 epoch: 904/3000 frames: 29589504
mean_rewards:  [-46.01] last_mean_rewards:  -45.743774
fps step: 20495 fps step and policy inference: 19336 fps total: 12100 epoch: 905/3000 frames: 29622272
mean_rewards:  [-45.75] last_mean_rewards:  -45.743774
fps step: 12512 fps step and policy inference: 11840 fps total: 8647 epoch: 906/3000 frames: 29655040
mean_rewards:  [-47.12] last_mean_rewards:  -45.743774
fps step: 20644 fps step and policy inference: 19514 fps total: 12150 epoch: 907/3000 frames: 29687808
mean_rewards:  [-46.74] last_mean_rewards:  -45.743774
fps step: 12406 fps step and policy inference: 11831 fps total: 8657 epoch: 908/3000 frames: 29720576
mean_rewards:  [-46.52] last_mean_rewards:  -45.743774
fps step: 20658 fps step and policy inference: 19590 fps total: 12206 epoch: 909/3000 frames: 29753344
mean_rewards:  [-46.28] last_mean_rewards:  -45.743774
fps step: 11927 fps step and policy inference: 11330 fps total: 8389 epoch: 910/3000 frames: 29786112
mean_rewards:  [-47.66] last_mean_rewards:  -45.743774
fps step: 20638 fps step and policy inference: 19560 fps total: 12235 epoch: 911/3000 frames: 29818880
mean_rewards:  [-46.44] last_mean_rewards:  -45.743774
fps step: 11873 fps step and policy inference: 11293 fps total: 8408 epoch: 912/3000 frames: 29851648
mean_rewards:  [-46.51] last_mean_rewards:  -45.743774
fps step: 20963 fps step and policy inference: 19791 fps total: 12384 epoch: 913/3000 frames: 29884416
mean_rewards:  [-46.26] last_mean_rewards:  -45.743774
fps step: 11432 fps step and policy inference: 10885 fps total: 8187 epoch: 914/3000 frames: 29917184
mean_rewards:  [-46.35] last_mean_rewards:  -45.743774
fps step: 20937 fps step and policy inference: 19761 fps total: 12677 epoch: 915/3000 frames: 29949952
mean_rewards:  [-46.3] last_mean_rewards:  -45.743774
fps step: 10900 fps step and policy inference: 10350 fps total: 7871 epoch: 916/3000 frames: 29982720
mean_rewards:  [-45.52] last_mean_rewards:  -45.743774
saving next best rewards:  [-45.52]
getting weights with keys: dict_keys(['scaler', 'model'])
=> saving checkpoint './logs/scratch_cube_scratch/tracking_ori_grab_s2_cubesmall_inspect_1_nf_300_obs_pure_state_wref_wdelta_density_500.0_trans_0.5_rot_0.5_goalcond_False__18-02-24-37/nn/tracking_ori_grab_s2_cubesmall_inspect_1_nf_300_obs_pure_state_wref_wdelta_density_500.0_trans_0.5_rot_0.5_goalcond_False_.pth'
fps step: 20886 fps step and policy inference: 19742 fps total: 12653 epoch: 917/3000 frames: 30015488
mean_rewards:  [-46.48] last_mean_rewards:  -45.518406
fps step: 10927 fps step and policy inference: 10415 fps total: 8003 epoch: 918/3000 frames: 30048256
mean_rewards:  [-46.73] last_mean_rewards:  -45.518406
fps step: 20963 fps step and policy inference: 19813 fps total: 12681 epoch: 919/3000 frames: 30081024
mean_rewards:  [-46.] last_mean_rewards:  -45.518406
fps step: 10299 fps step and policy inference: 9819 fps total: 7630 epoch: 920/3000 frames: 30113792
mean_rewards:  [-46.59] last_mean_rewards:  -45.518406
fps step: 21035 fps step and policy inference: 19938 fps total: 12697 epoch: 921/3000 frames: 30146560
mean_rewards:  [-46.15] last_mean_rewards:  -45.518406
fps step: 9935 fps step and policy inference: 9450 fps total: 7455 epoch: 922/3000 frames: 30179328
mean_rewards:  [-45.58] last_mean_rewards:  -45.518406
fps step: 20321 fps step and policy inference: 19096 fps total: 12376 epoch: 923/3000 frames: 30212096
mean_rewards:  [-45.39] last_mean_rewards:  -45.518406
saving next best rewards:  [-45.39]
getting weights with keys: dict_keys(['scaler', 'model'])
=> saving checkpoint './logs/scratch_cube_scratch/tracking_ori_grab_s2_cubesmall_inspect_1_nf_300_obs_pure_state_wref_wdelta_density_500.0_trans_0.5_rot_0.5_goalcond_False__18-02-24-37/nn/tracking_ori_grab_s2_cubesmall_inspect_1_nf_300_obs_pure_state_wref_wdelta_density_500.0_trans_0.5_rot_0.5_goalcond_False_.pth'
fps step: 10156 fps step and policy inference: 9656 fps total: 7543 epoch: 924/3000 frames: 30244864
mean_rewards:  [-46.22] last_mean_rewards:  -45.3938
fps step: 21055 fps step and policy inference: 19942 fps total: 12681 epoch: 925/3000 frames: 30277632
mean_rewards:  [-45.45] last_mean_rewards:  -45.3938
fps step: 10524 fps step and policy inference: 9988 fps total: 7745 epoch: 926/3000 frames: 30310400
mean_rewards:  [-45.54] last_mean_rewards:  -45.3938
fps step: 20472 fps step and policy inference: 19341 fps total: 12067 epoch: 927/3000 frames: 30343168
mean_rewards:  [-45.57] last_mean_rewards:  -45.3938
fps step: 11018 fps step and policy inference: 10481 fps total: 7887 epoch: 928/3000 frames: 30375936
mean_rewards:  [-45.5] last_mean_rewards:  -45.3938
fps step: 20456 fps step and policy inference: 19398 fps total: 12061 epoch: 929/3000 frames: 30408704
mean_rewards:  [-46.75] last_mean_rewards:  -45.3938
fps step: 12028 fps step and policy inference: 11410 fps total: 8578 epoch: 930/3000 frames: 30441472
mean_rewards:  [-46.16] last_mean_rewards:  -45.3938
fps step: 20638 fps step and policy inference: 19497 fps total: 12537 epoch: 931/3000 frames: 30474240
mean_rewards:  [-45.88] last_mean_rewards:  -45.3938
fps step: 11384 fps step and policy inference: 10793 fps total: 8228 epoch: 932/3000 frames: 30507008
mean_rewards:  [-45.27] last_mean_rewards:  -45.3938
saving next best rewards:  [-45.27]
getting weights with keys: dict_keys(['scaler', 'model'])
=> saving checkpoint './logs/scratch_cube_scratch/tracking_ori_grab_s2_cubesmall_inspect_1_nf_300_obs_pure_state_wref_wdelta_density_500.0_trans_0.5_rot_0.5_goalcond_False__18-02-24-37/nn/tracking_ori_grab_s2_cubesmall_inspect_1_nf_300_obs_pure_state_wref_wdelta_density_500.0_trans_0.5_rot_0.5_goalcond_False_.pth'
fps step: 20920 fps step and policy inference: 19720 fps total: 12602 epoch: 933/3000 frames: 30539776
mean_rewards:  [-45.81] last_mean_rewards:  -45.268948
fps step: 11299 fps step and policy inference: 10726 fps total: 8197 epoch: 934/3000 frames: 30572544
mean_rewards:  [-46.12] last_mean_rewards:  -45.268948
fps step: 21264 fps step and policy inference: 20148 fps total: 12740 epoch: 935/3000 frames: 30605312
mean_rewards:  [-45.66] last_mean_rewards:  -45.268948
fps step: 10754 fps step and policy inference: 10216 fps total: 7880 epoch: 936/3000 frames: 30638080
mean_rewards:  [-45.61] last_mean_rewards:  -45.268948
fps step: 20599 fps step and policy inference: 19515 fps total: 12434 epoch: 937/3000 frames: 30670848
mean_rewards:  [-45.61] last_mean_rewards:  -45.268948
fps step: 11027 fps step and policy inference: 10480 fps total: 8063 epoch: 938/3000 frames: 30703616
mean_rewards:  [-45.87] last_mean_rewards:  -45.268948
fps step: 21510 fps step and policy inference: 20360 fps total: 12909 epoch: 939/3000 frames: 30736384
mean_rewards:  [-45.61] last_mean_rewards:  -45.268948
fps step: 10095 fps step and policy inference: 9580 fps total: 7530 epoch: 940/3000 frames: 30769152
mean_rewards:  [-45.51] last_mean_rewards:  -45.268948
fps step: 21168 fps step and policy inference: 19867 fps total: 12662 epoch: 941/3000 frames: 30801920
mean_rewards:  [-45.49] last_mean_rewards:  -45.268948
fps step: 9924 fps step and policy inference: 9455 fps total: 7455 epoch: 942/3000 frames: 30834688
mean_rewards:  [-45.52] last_mean_rewards:  -45.268948
fps step: 20989 fps step and policy inference: 19843 fps total: 12672 epoch: 943/3000 frames: 30867456
mean_rewards:  [-45.53] last_mean_rewards:  -45.268948
fps step: 9986 fps step and policy inference: 9496 fps total: 7474 epoch: 944/3000 frames: 30900224
mean_rewards:  [-46.] last_mean_rewards:  -45.268948
fps step: 21280 fps step and policy inference: 20052 fps total: 12754 epoch: 945/3000 frames: 30932992
mean_rewards:  [-45.8] last_mean_rewards:  -45.268948
fps step: 9949 fps step and policy inference: 9463 fps total: 7453 epoch: 946/3000 frames: 30965760
mean_rewards:  [-45.6] last_mean_rewards:  -45.268948
fps step: 20990 fps step and policy inference: 19850 fps total: 12687 epoch: 947/3000 frames: 30998528
mean_rewards:  [-45.92] last_mean_rewards:  -45.268948
fps step: 9978 fps step and policy inference: 9483 fps total: 7466 epoch: 948/3000 frames: 31031296
mean_rewards:  [-45.31] last_mean_rewards:  -45.268948
fps step: 21289 fps step and policy inference: 20107 fps total: 12791 epoch: 949/3000 frames: 31064064
mean_rewards:  [-45.84] last_mean_rewards:  -45.268948
fps step: 9916 fps step and policy inference: 9417 fps total: 7429 epoch: 950/3000 frames: 31096832
mean_rewards:  [-45.99] last_mean_rewards:  -45.268948
fps step: 20561 fps step and policy inference: 19580 fps total: 12570 epoch: 951/3000 frames: 31129600
mean_rewards:  [-45.16] last_mean_rewards:  -45.268948
saving next best rewards:  [-45.16]
getting weights with keys: dict_keys(['scaler', 'model'])
=> saving checkpoint './logs/scratch_cube_scratch/tracking_ori_grab_s2_cubesmall_inspect_1_nf_300_obs_pure_state_wref_wdelta_density_500.0_trans_0.5_rot_0.5_goalcond_False__18-02-24-37/nn/tracking_ori_grab_s2_cubesmall_inspect_1_nf_300_obs_pure_state_wref_wdelta_density_500.0_trans_0.5_rot_0.5_goalcond_False_.pth'
fps step: 10036 fps step and policy inference: 9545 fps total: 7476 epoch: 952/3000 frames: 31162368
mean_rewards:  [-46.1] last_mean_rewards:  -45.163044
fps step: 21138 fps step and policy inference: 20029 fps total: 12779 epoch: 953/3000 frames: 31195136
mean_rewards:  [-46.19] last_mean_rewards:  -45.163044
fps step: 10032 fps step and policy inference: 9518 fps total: 7490 epoch: 954/3000 frames: 31227904
mean_rewards:  [-45.83] last_mean_rewards:  -45.163044
fps step: 20554 fps step and policy inference: 19540 fps total: 12549 epoch: 955/3000 frames: 31260672
mean_rewards:  [-45.6] last_mean_rewards:  -45.163044
fps step: 10085 fps step and policy inference: 9606 fps total: 7540 epoch: 956/3000 frames: 31293440
mean_rewards:  [-46.25] last_mean_rewards:  -45.163044
fps step: 21255 fps step and policy inference: 20089 fps total: 12785 epoch: 957/3000 frames: 31326208
mean_rewards:  [-45.87] last_mean_rewards:  -45.163044
fps step: 9991 fps step and policy inference: 9515 fps total: 7487 epoch: 958/3000 frames: 31358976
mean_rewards:  [-44.92] last_mean_rewards:  -45.163044
saving next best rewards:  [-44.92]
getting weights with keys: dict_keys(['scaler', 'model'])
=> saving checkpoint './logs/scratch_cube_scratch/tracking_ori_grab_s2_cubesmall_inspect_1_nf_300_obs_pure_state_wref_wdelta_density_500.0_trans_0.5_rot_0.5_goalcond_False__18-02-24-37/nn/tracking_ori_grab_s2_cubesmall_inspect_1_nf_300_obs_pure_state_wref_wdelta_density_500.0_trans_0.5_rot_0.5_goalcond_False_.pth'
fps step: 21084 fps step and policy inference: 19980 fps total: 12693 epoch: 959/3000 frames: 31391744
mean_rewards:  [-45.29] last_mean_rewards:  -44.920986
fps step: 9951 fps step and policy inference: 9449 fps total: 7441 epoch: 960/3000 frames: 31424512
mean_rewards:  [-44.95] last_mean_rewards:  -44.920986
fps step: 21141 fps step and policy inference: 19962 fps total: 12694 epoch: 961/3000 frames: 31457280
mean_rewards:  [-46.13] last_mean_rewards:  -44.920986
fps step: 10117 fps step and policy inference: 9622 fps total: 7555 epoch: 962/3000 frames: 31490048
mean_rewards:  [-45.04] last_mean_rewards:  -44.920986
fps step: 21160 fps step and policy inference: 19998 fps total: 12734 epoch: 963/3000 frames: 31522816
mean_rewards:  [-45.67] last_mean_rewards:  -44.920986
fps step: 10072 fps step and policy inference: 9582 fps total: 7533 epoch: 964/3000 frames: 31555584
mean_rewards:  [-45.98] last_mean_rewards:  -44.920986
fps step: 21073 fps step and policy inference: 19905 fps total: 12673 epoch: 965/3000 frames: 31588352
mean_rewards:  [-45.21] last_mean_rewards:  -44.920986
fps step: 9878 fps step and policy inference: 9379 fps total: 7402 epoch: 966/3000 frames: 31621120
mean_rewards:  [-46.03] last_mean_rewards:  -44.920986
fps step: 20691 fps step and policy inference: 19537 fps total: 12575 epoch: 967/3000 frames: 31653888
mean_rewards:  [-45.91] last_mean_rewards:  -44.920986
fps step: 10161 fps step and policy inference: 9629 fps total: 7540 epoch: 968/3000 frames: 31686656
mean_rewards:  [-45.67] last_mean_rewards:  -44.920986
fps step: 20147 fps step and policy inference: 18997 fps total: 12360 epoch: 969/3000 frames: 31719424
mean_rewards:  [-45.77] last_mean_rewards:  -44.920986
fps step: 10285 fps step and policy inference: 9751 fps total: 7623 epoch: 970/3000 frames: 31752192
mean_rewards:  [-45.56] last_mean_rewards:  -44.920986
fps step: 21111 fps step and policy inference: 19891 fps total: 12676 epoch: 971/3000 frames: 31784960
mean_rewards:  [-46.17] last_mean_rewards:  -44.920986
fps step: 10352 fps step and policy inference: 9807 fps total: 7643 epoch: 972/3000 frames: 31817728
mean_rewards:  [-45.62] last_mean_rewards:  -44.920986
fps step: 20668 fps step and policy inference: 19548 fps total: 12525 epoch: 973/3000 frames: 31850496
mean_rewards:  [-45.94] last_mean_rewards:  -44.920986
fps step: 10344 fps step and policy inference: 9815 fps total: 7620 epoch: 974/3000 frames: 31883264
mean_rewards:  [-45.43] last_mean_rewards:  -44.920986
fps step: 21680 fps step and policy inference: 20523 fps total: 12824 epoch: 975/3000 frames: 31916032
mean_rewards:  [-46.19] last_mean_rewards:  -44.920986
fps step: 9895 fps step and policy inference: 9450 fps total: 7414 epoch: 976/3000 frames: 31948800
mean_rewards:  [-46.54] last_mean_rewards:  -44.920986
fps step: 20670 fps step and policy inference: 19511 fps total: 12354 epoch: 977/3000 frames: 31981568
mean_rewards:  [-45.58] last_mean_rewards:  -44.920986
fps step: 9938 fps step and policy inference: 9434 fps total: 7395 epoch: 978/3000 frames: 32014336
mean_rewards:  [-45.45] last_mean_rewards:  -44.920986
fps step: 20734 fps step and policy inference: 19527 fps total: 12534 epoch: 979/3000 frames: 32047104
mean_rewards:  [-45.79] last_mean_rewards:  -44.920986
fps step: 10231 fps step and policy inference: 9735 fps total: 7596 epoch: 980/3000 frames: 32079872
mean_rewards:  [-46.36] last_mean_rewards:  -44.920986
fps step: 20876 fps step and policy inference: 19779 fps total: 12566 epoch: 981/3000 frames: 32112640
mean_rewards:  [-45.56] last_mean_rewards:  -44.920986
fps step: 10277 fps step and policy inference: 9765 fps total: 7605 epoch: 982/3000 frames: 32145408
mean_rewards:  [-46.25] last_mean_rewards:  -44.920986
fps step: 20769 fps step and policy inference: 19563 fps total: 12485 epoch: 983/3000 frames: 32178176
mean_rewards:  [-45.85] last_mean_rewards:  -44.920986
fps step: 10446 fps step and policy inference: 9941 fps total: 7694 epoch: 984/3000 frames: 32210944
mean_rewards:  [-46.48] last_mean_rewards:  -44.920986
fps step: 20658 fps step and policy inference: 19401 fps total: 12429 epoch: 985/3000 frames: 32243712
mean_rewards:  [-46.08] last_mean_rewards:  -44.920986
fps step: 10672 fps step and policy inference: 10143 fps total: 7836 epoch: 986/3000 frames: 32276480
mean_rewards:  [-45.98] last_mean_rewards:  -44.920986
fps step: 20796 fps step and policy inference: 19631 fps total: 12501 epoch: 987/3000 frames: 32309248
mean_rewards:  [-46.49] last_mean_rewards:  -44.920986
fps step: 10491 fps step and policy inference: 9954 fps total: 7732 epoch: 988/3000 frames: 32342016
mean_rewards:  [-45.67] last_mean_rewards:  -44.920986
fps step: 20836 fps step and policy inference: 19721 fps total: 12561 epoch: 989/3000 frames: 32374784
mean_rewards:  [-45.74] last_mean_rewards:  -44.920986
fps step: 10438 fps step and policy inference: 9907 fps total: 7700 epoch: 990/3000 frames: 32407552
mean_rewards:  [-45.68] last_mean_rewards:  -44.920986
fps step: 20728 fps step and policy inference: 19671 fps total: 12529 epoch: 991/3000 frames: 32440320
mean_rewards:  [-45.54] last_mean_rewards:  -44.920986
fps step: 10473 fps step and policy inference: 9959 fps total: 7736 epoch: 992/3000 frames: 32473088
mean_rewards:  [-45.23] last_mean_rewards:  -44.920986
fps step: 20467 fps step and policy inference: 19386 fps total: 12459 epoch: 993/3000 frames: 32505856
mean_rewards:  [-45.04] last_mean_rewards:  -44.920986
fps step: 10153 fps step and policy inference: 9638 fps total: 7562 epoch: 994/3000 frames: 32538624
mean_rewards:  [-45.62] last_mean_rewards:  -44.920986
fps step: 21287 fps step and policy inference: 20061 fps total: 12760 epoch: 995/3000 frames: 32571392
mean_rewards:  [-45.61] last_mean_rewards:  -44.920986
fps step: 10017 fps step and policy inference: 9552 fps total: 7513 epoch: 996/3000 frames: 32604160
mean_rewards:  [-45.23] last_mean_rewards:  -44.920986
fps step: 20513 fps step and policy inference: 19327 fps total: 12490 epoch: 997/3000 frames: 32636928
mean_rewards:  [-45.49] last_mean_rewards:  -44.920986
fps step: 10149 fps step and policy inference: 9670 fps total: 7587 epoch: 998/3000 frames: 32669696
mean_rewards:  [-46.02] last_mean_rewards:  -44.920986
fps step: 21167 fps step and policy inference: 20038 fps total: 12753 epoch: 999/3000 frames: 32702464
mean_rewards:  [-46.06] last_mean_rewards:  -44.920986
fps step: 10206 fps step and policy inference: 9734 fps total: 7611 epoch: 1000/3000 frames: 32735232
mean_rewards:  [-45.15] last_mean_rewards:  -44.920986
getting weights with keys: dict_keys(['scaler', 'model'])
=> saving checkpoint './logs/scratch_cube_scratch/tracking_ori_grab_s2_cubesmall_inspect_1_nf_300_obs_pure_state_wref_wdelta_density_500.0_trans_0.5_rot_0.5_goalcond_False__18-02-24-37/nn/last_tracking_ori_grab_s2_cubesmall_inspect_1_nf_300_obs_pure_state_wref_wdelta_density_500.0_trans_0.5_rot_0.5_goalcond_False__ep_1000_rew_-45.147705.pth'
fps step: 21231 fps step and policy inference: 20070 fps total: 12772 epoch: 1001/3000 frames: 32768000
mean_rewards:  [-45.] last_mean_rewards:  -44.920986
fps step: 10056 fps step and policy inference: 9595 fps total: 7526 epoch: 1002/3000 frames: 32800768
mean_rewards:  [-45.79] last_mean_rewards:  -44.920986
fps step: 21623 fps step and policy inference: 20337 fps total: 12851 epoch: 1003/3000 frames: 32833536
mean_rewards:  [-45.62] last_mean_rewards:  -44.920986
fps step: 11613 fps step and policy inference: 11081 fps total: 7931 epoch: 1004/3000 frames: 32866304
mean_rewards:  [-46.1] last_mean_rewards:  -44.920986
fps step: 20943 fps step and policy inference: 19848 fps total: 12681 epoch: 1005/3000 frames: 32899072
mean_rewards:  [-45.97] last_mean_rewards:  -44.920986
fps step: 16056 fps step and policy inference: 15260 fps total: 9110 epoch: 1006/3000 frames: 32931840
mean_rewards:  [-46.25] last_mean_rewards:  -44.920986
fps step: 20573 fps step and policy inference: 19291 fps total: 12438 epoch: 1007/3000 frames: 32964608
mean_rewards:  [-46.27] last_mean_rewards:  -44.920986
fps step: 20710 fps step and policy inference: 19447 fps total: 10833 epoch: 1008/3000 frames: 32997376
mean_rewards:  [-46.96] last_mean_rewards:  -44.920986
fps step: 20796 fps step and policy inference: 19625 fps total: 12505 epoch: 1009/3000 frames: 33030144
mean_rewards:  [-46.76] last_mean_rewards:  -44.920986
fps step: 20996 fps step and policy inference: 19828 fps total: 11871 epoch: 1010/3000 frames: 33062912
mean_rewards:  [-47.18] last_mean_rewards:  -44.920986
fps step: 20736 fps step and policy inference: 19552 fps total: 12453 epoch: 1011/3000 frames: 33095680
mean_rewards:  [-46.26] last_mean_rewards:  -44.920986
fps step: 20897 fps step and policy inference: 19711 fps total: 12333 epoch: 1012/3000 frames: 33128448
mean_rewards:  [-46.22] last_mean_rewards:  -44.920986
fps step: 20957 fps step and policy inference: 19804 fps total: 12696 epoch: 1013/3000 frames: 33161216
mean_rewards:  [-46.75] last_mean_rewards:  -44.920986
fps step: 21321 fps step and policy inference: 20200 fps total: 12831 epoch: 1014/3000 frames: 33193984
mean_rewards:  [-46.9] last_mean_rewards:  -44.920986
fps step: 21144 fps step and policy inference: 19911 fps total: 12697 epoch: 1015/3000 frames: 33226752
mean_rewards:  [-45.88] last_mean_rewards:  -44.920986
fps step: 21037 fps step and policy inference: 19775 fps total: 12699 epoch: 1016/3000 frames: 33259520
mean_rewards:  [-46.65] last_mean_rewards:  -44.920986
fps step: 20818 fps step and policy inference: 19632 fps total: 12648 epoch: 1017/3000 frames: 33292288
mean_rewards:  [-45.8] last_mean_rewards:  -44.920986
fps step: 21315 fps step and policy inference: 20097 fps total: 12754 epoch: 1018/3000 frames: 33325056
mean_rewards:  [-46.63] last_mean_rewards:  -44.920986
fps step: 20890 fps step and policy inference: 19696 fps total: 12699 epoch: 1019/3000 frames: 33357824
mean_rewards:  [-46.95] last_mean_rewards:  -44.920986
fps step: 20604 fps step and policy inference: 19519 fps total: 12535 epoch: 1020/3000 frames: 33390592
mean_rewards:  [-46.71] last_mean_rewards:  -44.920986
fps step: 20649 fps step and policy inference: 19511 fps total: 12524 epoch: 1021/3000 frames: 33423360
mean_rewards:  [-46.08] last_mean_rewards:  -44.920986
fps step: 20922 fps step and policy inference: 19777 fps total: 12552 epoch: 1022/3000 frames: 33456128
mean_rewards:  [-46.33] last_mean_rewards:  -44.920986
fps step: 20941 fps step and policy inference: 19746 fps total: 12679 epoch: 1023/3000 frames: 33488896
mean_rewards:  [-45.88] last_mean_rewards:  -44.920986
fps step: 21309 fps step and policy inference: 20100 fps total: 12835 epoch: 1024/3000 frames: 33521664
mean_rewards:  [-45.46] last_mean_rewards:  -44.920986
fps step: 20777 fps step and policy inference: 19593 fps total: 12615 epoch: 1025/3000 frames: 33554432
mean_rewards:  [-46.2] last_mean_rewards:  -44.920986
fps step: 20778 fps step and policy inference: 19643 fps total: 12641 epoch: 1026/3000 frames: 33587200
mean_rewards:  [-45.61] last_mean_rewards:  -44.920986
fps step: 20843 fps step and policy inference: 19696 fps total: 12600 epoch: 1027/3000 frames: 33619968
mean_rewards:  [-46.65] last_mean_rewards:  -44.920986
fps step: 21256 fps step and policy inference: 19894 fps total: 12652 epoch: 1028/3000 frames: 33652736
mean_rewards:  [-45.91] last_mean_rewards:  -44.920986
fps step: 20786 fps step and policy inference: 19605 fps total: 12492 epoch: 1029/3000 frames: 33685504
mean_rewards:  [-45.67] last_mean_rewards:  -44.920986
fps step: 20555 fps step and policy inference: 19411 fps total: 12407 epoch: 1030/3000 frames: 33718272
mean_rewards:  [-45.65] last_mean_rewards:  -44.920986
fps step: 20679 fps step and policy inference: 19571 fps total: 12615 epoch: 1031/3000 frames: 33751040
mean_rewards:  [-47.54] last_mean_rewards:  -44.920986
fps step: 20836 fps step and policy inference: 19640 fps total: 12519 epoch: 1032/3000 frames: 33783808
mean_rewards:  [-46.47] last_mean_rewards:  -44.920986
fps step: 20622 fps step and policy inference: 19546 fps total: 12474 epoch: 1033/3000 frames: 33816576
mean_rewards:  [-45.55] last_mean_rewards:  -44.920986
fps step: 20086 fps step and policy inference: 19039 fps total: 12254 epoch: 1034/3000 frames: 33849344
mean_rewards:  [-45.52] last_mean_rewards:  -44.920986
fps step: 20169 fps step and policy inference: 19097 fps total: 12242 epoch: 1035/3000 frames: 33882112
mean_rewards:  [-45.62] last_mean_rewards:  -44.920986
fps step: 20414 fps step and policy inference: 19293 fps total: 12224 epoch: 1036/3000 frames: 33914880
mean_rewards:  [-45.61] last_mean_rewards:  -44.920986
fps step: 20762 fps step and policy inference: 19662 fps total: 12530 epoch: 1037/3000 frames: 33947648
mean_rewards:  [-45.33] last_mean_rewards:  -44.920986
fps step: 20718 fps step and policy inference: 19533 fps total: 12292 epoch: 1038/3000 frames: 33980416
mean_rewards:  [-45.21] last_mean_rewards:  -44.920986
fps step: 20828 fps step and policy inference: 19629 fps total: 12505 epoch: 1039/3000 frames: 34013184
mean_rewards:  [-44.73] last_mean_rewards:  -44.920986
saving next best rewards:  [-44.73]
getting weights with keys: dict_keys(['scaler', 'model'])
=> saving checkpoint './logs/scratch_cube_scratch/tracking_ori_grab_s2_cubesmall_inspect_1_nf_300_obs_pure_state_wref_wdelta_density_500.0_trans_0.5_rot_0.5_goalcond_False__18-02-24-37/nn/tracking_ori_grab_s2_cubesmall_inspect_1_nf_300_obs_pure_state_wref_wdelta_density_500.0_trans_0.5_rot_0.5_goalcond_False_.pth'
fps step: 21376 fps step and policy inference: 20041 fps total: 12459 epoch: 1040/3000 frames: 34045952
mean_rewards:  [-45.57] last_mean_rewards:  -44.72977
fps step: 21088 fps step and policy inference: 19787 fps total: 12529 epoch: 1041/3000 frames: 34078720
mean_rewards:  [-46.02] last_mean_rewards:  -44.72977
fps step: 21175 fps step and policy inference: 19978 fps total: 12388 epoch: 1042/3000 frames: 34111488
mean_rewards:  [-45.71] last_mean_rewards:  -44.72977
fps step: 20986 fps step and policy inference: 19721 fps total: 12551 epoch: 1043/3000 frames: 34144256
mean_rewards:  [-45.39] last_mean_rewards:  -44.72977
fps step: 20677 fps step and policy inference: 19557 fps total: 12139 epoch: 1044/3000 frames: 34177024
mean_rewards:  [-46.02] last_mean_rewards:  -44.72977
fps step: 20690 fps step and policy inference: 19552 fps total: 12386 epoch: 1045/3000 frames: 34209792
mean_rewards:  [-46.89] last_mean_rewards:  -44.72977
fps step: 20750 fps step and policy inference: 19640 fps total: 12080 epoch: 1046/3000 frames: 34242560
mean_rewards:  [-45.] last_mean_rewards:  -44.72977
fps step: 21461 fps step and policy inference: 20238 fps total: 12763 epoch: 1047/3000 frames: 34275328
mean_rewards:  [-44.8] last_mean_rewards:  -44.72977
fps step: 20761 fps step and policy inference: 19572 fps total: 12362 epoch: 1048/3000 frames: 34308096
mean_rewards:  [-45.17] last_mean_rewards:  -44.72977
fps step: 20661 fps step and policy inference: 19515 fps total: 12469 epoch: 1049/3000 frames: 34340864
mean_rewards:  [-45.94] last_mean_rewards:  -44.72977
fps step: 20661 fps step and policy inference: 19505 fps total: 12446 epoch: 1050/3000 frames: 34373632
mean_rewards:  [-45.47] last_mean_rewards:  -44.72977
fps step: 20809 fps step and policy inference: 19586 fps total: 12506 epoch: 1051/3000 frames: 34406400
mean_rewards:  [-44.89] last_mean_rewards:  -44.72977
fps step: 20533 fps step and policy inference: 19355 fps total: 12425 epoch: 1052/3000 frames: 34439168
mean_rewards:  [-45.71] last_mean_rewards:  -44.72977
fps step: 20994 fps step and policy inference: 19893 fps total: 12713 epoch: 1053/3000 frames: 34471936
mean_rewards:  [-45.18] last_mean_rewards:  -44.72977
fps step: 21092 fps step and policy inference: 19868 fps total: 12689 epoch: 1054/3000 frames: 34504704
mean_rewards:  [-45.36] last_mean_rewards:  -44.72977
fps step: 20870 fps step and policy inference: 19743 fps total: 12620 epoch: 1055/3000 frames: 34537472
mean_rewards:  [-45.68] last_mean_rewards:  -44.72977
fps step: 21435 fps step and policy inference: 20126 fps total: 12858 epoch: 1056/3000 frames: 34570240
mean_rewards:  [-45.08] last_mean_rewards:  -44.72977
fps step: 20813 fps step and policy inference: 19725 fps total: 12646 epoch: 1057/3000 frames: 34603008
mean_rewards:  [-44.64] last_mean_rewards:  -44.72977
saving next best rewards:  [-44.64]
getting weights with keys: dict_keys(['scaler', 'model'])
=> saving checkpoint './logs/scratch_cube_scratch/tracking_ori_grab_s2_cubesmall_inspect_1_nf_300_obs_pure_state_wref_wdelta_density_500.0_trans_0.5_rot_0.5_goalcond_False__18-02-24-37/nn/tracking_ori_grab_s2_cubesmall_inspect_1_nf_300_obs_pure_state_wref_wdelta_density_500.0_trans_0.5_rot_0.5_goalcond_False_.pth'
fps step: 20752 fps step and policy inference: 19543 fps total: 12493 epoch: 1058/3000 frames: 34635776
mean_rewards:  [-44.63] last_mean_rewards:  -44.6406
saving next best rewards:  [-44.63]
getting weights with keys: dict_keys(['scaler', 'model'])
=> saving checkpoint './logs/scratch_cube_scratch/tracking_ori_grab_s2_cubesmall_inspect_1_nf_300_obs_pure_state_wref_wdelta_density_500.0_trans_0.5_rot_0.5_goalcond_False__18-02-24-37/nn/tracking_ori_grab_s2_cubesmall_inspect_1_nf_300_obs_pure_state_wref_wdelta_density_500.0_trans_0.5_rot_0.5_goalcond_False_.pth'
fps step: 20867 fps step and policy inference: 19734 fps total: 12587 epoch: 1059/3000 frames: 34668544
mean_rewards:  [-45.71] last_mean_rewards:  -44.632973
fps step: 20967 fps step and policy inference: 19944 fps total: 12665 epoch: 1060/3000 frames: 34701312
mean_rewards:  [-44.76] last_mean_rewards:  -44.632973
fps step: 21070 fps step and policy inference: 19919 fps total: 12662 epoch: 1061/3000 frames: 34734080
mean_rewards:  [-45.26] last_mean_rewards:  -44.632973
fps step: 20483 fps step and policy inference: 19356 fps total: 12515 epoch: 1062/3000 frames: 34766848
mean_rewards:  [-45.43] last_mean_rewards:  -44.632973
fps step: 20309 fps step and policy inference: 19164 fps total: 12454 epoch: 1063/3000 frames: 34799616
mean_rewards:  [-44.93] last_mean_rewards:  -44.632973
fps step: 20624 fps step and policy inference: 19604 fps total: 12614 epoch: 1064/3000 frames: 34832384
mean_rewards:  [-45.27] last_mean_rewards:  -44.632973
fps step: 21170 fps step and policy inference: 20015 fps total: 12735 epoch: 1065/3000 frames: 34865152
mean_rewards:  [-44.92] last_mean_rewards:  -44.632973
fps step: 21080 fps step and policy inference: 19904 fps total: 12713 epoch: 1066/3000 frames: 34897920
mean_rewards:  [-45.02] last_mean_rewards:  -44.632973
fps step: 13342 fps step and policy inference: 12645 fps total: 9265 epoch: 1067/3000 frames: 34930688
mean_rewards:  [-44.46] last_mean_rewards:  -44.632973
saving next best rewards:  [-44.46]
getting weights with keys: dict_keys(['scaler', 'model'])
=> saving checkpoint './logs/scratch_cube_scratch/tracking_ori_grab_s2_cubesmall_inspect_1_nf_300_obs_pure_state_wref_wdelta_density_500.0_trans_0.5_rot_0.5_goalcond_False__18-02-24-37/nn/tracking_ori_grab_s2_cubesmall_inspect_1_nf_300_obs_pure_state_wref_wdelta_density_500.0_trans_0.5_rot_0.5_goalcond_False_.pth'
fps step: 20837 fps step and policy inference: 19663 fps total: 12673 epoch: 1068/3000 frames: 34963456
mean_rewards:  [-44.71] last_mean_rewards:  -44.460056
fps step: 11400 fps step and policy inference: 10817 fps total: 8256 epoch: 1069/3000 frames: 34996224
mean_rewards:  [-44.92] last_mean_rewards:  -44.460056
fps step: 21155 fps step and policy inference: 19913 fps total: 12759 epoch: 1070/3000 frames: 35028992
mean_rewards:  [-45.15] last_mean_rewards:  -44.460056
fps step: 10228 fps step and policy inference: 9717 fps total: 7613 epoch: 1071/3000 frames: 35061760
mean_rewards:  [-45.26] last_mean_rewards:  -44.460056
fps step: 20519 fps step and policy inference: 19433 fps total: 12493 epoch: 1072/3000 frames: 35094528
mean_rewards:  [-44.47] last_mean_rewards:  -44.460056
fps step: 9982 fps step and policy inference: 9473 fps total: 7295 epoch: 1073/3000 frames: 35127296
mean_rewards:  [-45.82] last_mean_rewards:  -44.460056
fps step: 21003 fps step and policy inference: 19818 fps total: 12212 epoch: 1074/3000 frames: 35160064
mean_rewards:  [-45.04] last_mean_rewards:  -44.460056
fps step: 11503 fps step and policy inference: 10919 fps total: 8127 epoch: 1075/3000 frames: 35192832
mean_rewards:  [-44.54] last_mean_rewards:  -44.460056
fps step: 20489 fps step and policy inference: 19335 fps total: 12091 epoch: 1076/3000 frames: 35225600
mean_rewards:  [-44.69] last_mean_rewards:  -44.460056
fps step: 12099 fps step and policy inference: 11472 fps total: 8488 epoch: 1077/3000 frames: 35258368
mean_rewards:  [-44.63] last_mean_rewards:  -44.460056
fps step: 20527 fps step and policy inference: 19394 fps total: 11966 epoch: 1078/3000 frames: 35291136
mean_rewards:  [-45.25] last_mean_rewards:  -44.460056
fps step: 12832 fps step and policy inference: 12183 fps total: 8804 epoch: 1079/3000 frames: 35323904
mean_rewards:  [-45.44] last_mean_rewards:  -44.460056
fps step: 20837 fps step and policy inference: 19683 fps total: 12209 epoch: 1080/3000 frames: 35356672
mean_rewards:  [-44.73] last_mean_rewards:  -44.460056
fps step: 12372 fps step and policy inference: 11760 fps total: 8641 epoch: 1081/3000 frames: 35389440
mean_rewards:  [-44.82] last_mean_rewards:  -44.460056
fps step: 20940 fps step and policy inference: 19731 fps total: 12261 epoch: 1082/3000 frames: 35422208
mean_rewards:  [-44.63] last_mean_rewards:  -44.460056
fps step: 12575 fps step and policy inference: 11950 fps total: 8740 epoch: 1083/3000 frames: 35454976
mean_rewards:  [-45.14] last_mean_rewards:  -44.460056
fps step: 21104 fps step and policy inference: 19958 fps total: 12353 epoch: 1084/3000 frames: 35487744
mean_rewards:  [-44.47] last_mean_rewards:  -44.460056
fps step: 12399 fps step and policy inference: 11778 fps total: 8636 epoch: 1085/3000 frames: 35520512
mean_rewards:  [-44.51] last_mean_rewards:  -44.460056
fps step: 20782 fps step and policy inference: 19613 fps total: 12256 epoch: 1086/3000 frames: 35553280
mean_rewards:  [-44.64] last_mean_rewards:  -44.460056
fps step: 12438 fps step and policy inference: 11814 fps total: 8629 epoch: 1087/3000 frames: 35586048
mean_rewards:  [-45.43] last_mean_rewards:  -44.460056
fps step: 20749 fps step and policy inference: 19681 fps total: 12229 epoch: 1088/3000 frames: 35618816
mean_rewards:  [-44.78] last_mean_rewards:  -44.460056
fps step: 12311 fps step and policy inference: 11727 fps total: 8618 epoch: 1089/3000 frames: 35651584
mean_rewards:  [-44.13] last_mean_rewards:  -44.460056
saving next best rewards:  [-44.13]
getting weights with keys: dict_keys(['scaler', 'model'])
=> saving checkpoint './logs/scratch_cube_scratch/tracking_ori_grab_s2_cubesmall_inspect_1_nf_300_obs_pure_state_wref_wdelta_density_500.0_trans_0.5_rot_0.5_goalcond_False__18-02-24-37/nn/tracking_ori_grab_s2_cubesmall_inspect_1_nf_300_obs_pure_state_wref_wdelta_density_500.0_trans_0.5_rot_0.5_goalcond_False_.pth'
fps step: 20614 fps step and policy inference: 19499 fps total: 12105 epoch: 1090/3000 frames: 35684352
mean_rewards:  [-44.89] last_mean_rewards:  -44.13479
fps step: 12507 fps step and policy inference: 11847 fps total: 8636 epoch: 1091/3000 frames: 35717120
mean_rewards:  [-44.41] last_mean_rewards:  -44.13479
fps step: 20888 fps step and policy inference: 19680 fps total: 12277 epoch: 1092/3000 frames: 35749888
mean_rewards:  [-45.22] last_mean_rewards:  -44.13479
fps step: 12606 fps step and policy inference: 11981 fps total: 8740 epoch: 1093/3000 frames: 35782656
mean_rewards:  [-44.74] last_mean_rewards:  -44.13479
fps step: 20929 fps step and policy inference: 19755 fps total: 12278 epoch: 1094/3000 frames: 35815424
mean_rewards:  [-44.44] last_mean_rewards:  -44.13479
fps step: 12732 fps step and policy inference: 12113 fps total: 8800 epoch: 1095/3000 frames: 35848192
mean_rewards:  [-44.87] last_mean_rewards:  -44.13479
fps step: 21000 fps step and policy inference: 19826 fps total: 12314 epoch: 1096/3000 frames: 35880960
mean_rewards:  [-44.37] last_mean_rewards:  -44.13479
fps step: 12490 fps step and policy inference: 11868 fps total: 8708 epoch: 1097/3000 frames: 35913728
mean_rewards:  [-44.51] last_mean_rewards:  -44.13479
fps step: 21019 fps step and policy inference: 20003 fps total: 12247 epoch: 1098/3000 frames: 35946496
mean_rewards:  [-44.28] last_mean_rewards:  -44.13479
fps step: 11879 fps step and policy inference: 11266 fps total: 8376 epoch: 1099/3000 frames: 35979264
mean_rewards:  [-43.87] last_mean_rewards:  -44.13479
saving next best rewards:  [-43.87]
getting weights with keys: dict_keys(['scaler', 'model'])
=> saving checkpoint './logs/scratch_cube_scratch/tracking_ori_grab_s2_cubesmall_inspect_1_nf_300_obs_pure_state_wref_wdelta_density_500.0_trans_0.5_rot_0.5_goalcond_False__18-02-24-37/nn/tracking_ori_grab_s2_cubesmall_inspect_1_nf_300_obs_pure_state_wref_wdelta_density_500.0_trans_0.5_rot_0.5_goalcond_False_.pth'
fps step: 20465 fps step and policy inference: 19435 fps total: 12200 epoch: 1100/3000 frames: 36012032
mean_rewards:  [-44.43] last_mean_rewards:  -43.872234
fps step: 11941 fps step and policy inference: 11308 fps total: 8385 epoch: 1101/3000 frames: 36044800
mean_rewards:  [-45.22] last_mean_rewards:  -43.872234
fps step: 21022 fps step and policy inference: 19839 fps total: 12291 epoch: 1102/3000 frames: 36077568
mean_rewards:  [-45.] last_mean_rewards:  -43.872234
fps step: 11958 fps step and policy inference: 11343 fps total: 8378 epoch: 1103/3000 frames: 36110336
mean_rewards:  [-44.38] last_mean_rewards:  -43.872234
fps step: 20252 fps step and policy inference: 19163 fps total: 11981 epoch: 1104/3000 frames: 36143104
mean_rewards:  [-44.45] last_mean_rewards:  -43.872234
fps step: 12429 fps step and policy inference: 11794 fps total: 8624 epoch: 1105/3000 frames: 36175872
mean_rewards:  [-44.21] last_mean_rewards:  -43.872234
fps step: 20944 fps step and policy inference: 19868 fps total: 12330 epoch: 1106/3000 frames: 36208640
mean_rewards:  [-44.69] last_mean_rewards:  -43.872234
fps step: 12371 fps step and policy inference: 11746 fps total: 8644 epoch: 1107/3000 frames: 36241408
mean_rewards:  [-44.62] last_mean_rewards:  -43.872234
fps step: 21013 fps step and policy inference: 19755 fps total: 12301 epoch: 1108/3000 frames: 36274176
mean_rewards:  [-44.8] last_mean_rewards:  -43.872234
fps step: 12281 fps step and policy inference: 11641 fps total: 8559 epoch: 1109/3000 frames: 36306944
mean_rewards:  [-45.2] last_mean_rewards:  -43.872234
fps step: 21093 fps step and policy inference: 19851 fps total: 12315 epoch: 1110/3000 frames: 36339712
mean_rewards:  [-44.4] last_mean_rewards:  -43.872234
fps step: 12159 fps step and policy inference: 11526 fps total: 8535 epoch: 1111/3000 frames: 36372480
mean_rewards:  [-44.45] last_mean_rewards:  -43.872234
fps step: 20811 fps step and policy inference: 19566 fps total: 12165 epoch: 1112/3000 frames: 36405248
mean_rewards:  [-44.64] last_mean_rewards:  -43.872234
fps step: 12085 fps step and policy inference: 11434 fps total: 8465 epoch: 1113/3000 frames: 36438016
mean_rewards:  [-44.67] last_mean_rewards:  -43.872234
fps step: 20571 fps step and policy inference: 19496 fps total: 12229 epoch: 1114/3000 frames: 36470784
mean_rewards:  [-44.76] last_mean_rewards:  -43.872234
fps step: 12155 fps step and policy inference: 11557 fps total: 8442 epoch: 1115/3000 frames: 36503552
mean_rewards:  [-45.52] last_mean_rewards:  -43.872234
fps step: 20895 fps step and policy inference: 19794 fps total: 12223 epoch: 1116/3000 frames: 36536320
mean_rewards:  [-44.41] last_mean_rewards:  -43.872234
fps step: 12436 fps step and policy inference: 11847 fps total: 8663 epoch: 1117/3000 frames: 36569088
mean_rewards:  [-44.42] last_mean_rewards:  -43.872234
fps step: 20581 fps step and policy inference: 19492 fps total: 12080 epoch: 1118/3000 frames: 36601856
mean_rewards:  [-44.85] last_mean_rewards:  -43.872234
fps step: 12115 fps step and policy inference: 11505 fps total: 8459 epoch: 1119/3000 frames: 36634624
mean_rewards:  [-44.07] last_mean_rewards:  -43.872234
fps step: 20881 fps step and policy inference: 19793 fps total: 12205 epoch: 1120/3000 frames: 36667392
mean_rewards:  [-44.82] last_mean_rewards:  -43.872234
fps step: 12201 fps step and policy inference: 11575 fps total: 8493 epoch: 1121/3000 frames: 36700160
mean_rewards:  [-44.1] last_mean_rewards:  -43.872234
fps step: 20686 fps step and policy inference: 19521 fps total: 12076 epoch: 1122/3000 frames: 36732928
mean_rewards:  [-44.05] last_mean_rewards:  -43.872234
fps step: 11970 fps step and policy inference: 11378 fps total: 8365 epoch: 1123/3000 frames: 36765696
mean_rewards:  [-44.27] last_mean_rewards:  -43.872234
fps step: 21042 fps step and policy inference: 19802 fps total: 12181 epoch: 1124/3000 frames: 36798464
mean_rewards:  [-44.28] last_mean_rewards:  -43.872234
fps step: 12442 fps step and policy inference: 11813 fps total: 8612 epoch: 1125/3000 frames: 36831232
mean_rewards:  [-44.83] last_mean_rewards:  -43.872234
fps step: 21090 fps step and policy inference: 20035 fps total: 12614 epoch: 1126/3000 frames: 36864000
mean_rewards:  [-45.04] last_mean_rewards:  -43.872234
fps step: 11431 fps step and policy inference: 10871 fps total: 8301 epoch: 1127/3000 frames: 36896768
mean_rewards:  [-44.85] last_mean_rewards:  -43.872234
fps step: 20652 fps step and policy inference: 19524 fps total: 12585 epoch: 1128/3000 frames: 36929536
mean_rewards:  [-45.05] last_mean_rewards:  -43.872234
fps step: 10932 fps step and policy inference: 10394 fps total: 8019 epoch: 1129/3000 frames: 36962304
mean_rewards:  [-44.55] last_mean_rewards:  -43.872234
fps step: 21442 fps step and policy inference: 20171 fps total: 12395 epoch: 1130/3000 frames: 36995072
mean_rewards:  [-43.79] last_mean_rewards:  -43.872234
saving next best rewards:  [-43.79]
getting weights with keys: dict_keys(['scaler', 'model'])
=> saving checkpoint './logs/scratch_cube_scratch/tracking_ori_grab_s2_cubesmall_inspect_1_nf_300_obs_pure_state_wref_wdelta_density_500.0_trans_0.5_rot_0.5_goalcond_False__18-02-24-37/nn/tracking_ori_grab_s2_cubesmall_inspect_1_nf_300_obs_pure_state_wref_wdelta_density_500.0_trans_0.5_rot_0.5_goalcond_False_.pth'
fps step: 11150 fps step and policy inference: 10592 fps total: 7995 epoch: 1131/3000 frames: 37027840
mean_rewards:  [-44.31] last_mean_rewards:  -43.79206
fps step: 20984 fps step and policy inference: 19834 fps total: 12583 epoch: 1132/3000 frames: 37060608
mean_rewards:  [-44.] last_mean_rewards:  -43.79206
fps step: 10887 fps step and policy inference: 10338 fps total: 7990 epoch: 1133/3000 frames: 37093376
mean_rewards:  [-44.27] last_mean_rewards:  -43.79206
fps step: 21007 fps step and policy inference: 19958 fps total: 12765 epoch: 1134/3000 frames: 37126144
mean_rewards:  [-44.4] last_mean_rewards:  -43.79206
fps step: 10508 fps step and policy inference: 9991 fps total: 7778 epoch: 1135/3000 frames: 37158912
mean_rewards:  [-44.51] last_mean_rewards:  -43.79206
fps step: 20709 fps step and policy inference: 19660 fps total: 12601 epoch: 1136/3000 frames: 37191680
mean_rewards:  [-43.96] last_mean_rewards:  -43.79206
fps step: 10277 fps step and policy inference: 9745 fps total: 7628 epoch: 1137/3000 frames: 37224448
mean_rewards:  [-44.92] last_mean_rewards:  -43.79206
fps step: 20836 fps step and policy inference: 19692 fps total: 12636 epoch: 1138/3000 frames: 37257216
mean_rewards:  [-44.41] last_mean_rewards:  -43.79206
fps step: 10217 fps step and policy inference: 9737 fps total: 7621 epoch: 1139/3000 frames: 37289984
mean_rewards:  [-44.36] last_mean_rewards:  -43.79206
fps step: 20650 fps step and policy inference: 19595 fps total: 12569 epoch: 1140/3000 frames: 37322752
mean_rewards:  [-44.52] last_mean_rewards:  -43.79206
fps step: 10014 fps step and policy inference: 9509 fps total: 7366 epoch: 1141/3000 frames: 37355520
mean_rewards:  [-44.51] last_mean_rewards:  -43.79206
fps step: 20614 fps step and policy inference: 19462 fps total: 12529 epoch: 1142/3000 frames: 37388288
mean_rewards:  [-44.46] last_mean_rewards:  -43.79206
fps step: 10353 fps step and policy inference: 9853 fps total: 7692 epoch: 1143/3000 frames: 37421056
mean_rewards:  [-45.02] last_mean_rewards:  -43.79206
fps step: 21007 fps step and policy inference: 19901 fps total: 12704 epoch: 1144/3000 frames: 37453824
mean_rewards:  [-44.07] last_mean_rewards:  -43.79206
fps step: 10204 fps step and policy inference: 9688 fps total: 7604 epoch: 1145/3000 frames: 37486592
mean_rewards:  [-44.33] last_mean_rewards:  -43.79206
fps step: 20733 fps step and policy inference: 19718 fps total: 12650 epoch: 1146/3000 frames: 37519360
mean_rewards:  [-44.55] last_mean_rewards:  -43.79206
fps step: 10113 fps step and policy inference: 9578 fps total: 7528 epoch: 1147/3000 frames: 37552128
mean_rewards:  [-44.3] last_mean_rewards:  -43.79206
fps step: 21018 fps step and policy inference: 19860 fps total: 12670 epoch: 1148/3000 frames: 37584896
mean_rewards:  [-44.49] last_mean_rewards:  -43.79206
fps step: 10057 fps step and policy inference: 9547 fps total: 7488 epoch: 1149/3000 frames: 37617664
mean_rewards:  [-44.44] last_mean_rewards:  -43.79206
fps step: 20912 fps step and policy inference: 19815 fps total: 12692 epoch: 1150/3000 frames: 37650432
mean_rewards:  [-44.28] last_mean_rewards:  -43.79206
fps step: 10028 fps step and policy inference: 9518 fps total: 7480 epoch: 1151/3000 frames: 37683200
mean_rewards:  [-44.51] last_mean_rewards:  -43.79206
fps step: 20828 fps step and policy inference: 19703 fps total: 12621 epoch: 1152/3000 frames: 37715968
mean_rewards:  [-45.3] last_mean_rewards:  -43.79206
fps step: 10176 fps step and policy inference: 9676 fps total: 7578 epoch: 1153/3000 frames: 37748736
mean_rewards:  [-45.43] last_mean_rewards:  -43.79206
fps step: 20824 fps step and policy inference: 19770 fps total: 12640 epoch: 1154/3000 frames: 37781504
mean_rewards:  [-45.02] last_mean_rewards:  -43.79206
fps step: 10041 fps step and policy inference: 9537 fps total: 7484 epoch: 1155/3000 frames: 37814272
mean_rewards:  [-44.23] last_mean_rewards:  -43.79206
fps step: 20594 fps step and policy inference: 19448 fps total: 12525 epoch: 1156/3000 frames: 37847040
mean_rewards:  [-44.94] last_mean_rewards:  -43.79206
fps step: 9832 fps step and policy inference: 9376 fps total: 7397 epoch: 1157/3000 frames: 37879808
mean_rewards:  [-45.44] last_mean_rewards:  -43.79206
fps step: 20693 fps step and policy inference: 19640 fps total: 12602 epoch: 1158/3000 frames: 37912576
mean_rewards:  [-44.11] last_mean_rewards:  -43.79206
fps step: 9932 fps step and policy inference: 9456 fps total: 7443 epoch: 1159/3000 frames: 37945344
mean_rewards:  [-44.36] last_mean_rewards:  -43.79206
fps step: 20895 fps step and policy inference: 19686 fps total: 12584 epoch: 1160/3000 frames: 37978112
mean_rewards:  [-44.39] last_mean_rewards:  -43.79206
fps step: 9889 fps step and policy inference: 9425 fps total: 7425 epoch: 1161/3000 frames: 38010880
mean_rewards:  [-44.59] last_mean_rewards:  -43.79206
fps step: 21114 fps step and policy inference: 20034 fps total: 12767 epoch: 1162/3000 frames: 38043648
mean_rewards:  [-44.72] last_mean_rewards:  -43.79206
fps step: 9977 fps step and policy inference: 9472 fps total: 7449 epoch: 1163/3000 frames: 38076416
mean_rewards:  [-44.95] last_mean_rewards:  -43.79206
fps step: 21026 fps step and policy inference: 19941 fps total: 12684 epoch: 1164/3000 frames: 38109184
mean_rewards:  [-44.78] last_mean_rewards:  -43.79206
fps step: 9911 fps step and policy inference: 9390 fps total: 7404 epoch: 1165/3000 frames: 38141952
mean_rewards:  [-45.48] last_mean_rewards:  -43.79206
fps step: 20773 fps step and policy inference: 19640 fps total: 12624 epoch: 1166/3000 frames: 38174720
mean_rewards:  [-45.16] last_mean_rewards:  -43.79206
fps step: 10045 fps step and policy inference: 9544 fps total: 7498 epoch: 1167/3000 frames: 38207488
mean_rewards:  [-45.31] last_mean_rewards:  -43.79206
fps step: 20813 fps step and policy inference: 19602 fps total: 12600 epoch: 1168/3000 frames: 38240256
mean_rewards:  [-44.06] last_mean_rewards:  -43.79206
fps step: 9966 fps step and policy inference: 9473 fps total: 7445 epoch: 1169/3000 frames: 38273024
mean_rewards:  [-44.71] last_mean_rewards:  -43.79206
fps step: 20431 fps step and policy inference: 19331 fps total: 12473 epoch: 1170/3000 frames: 38305792
mean_rewards:  [-44.76] last_mean_rewards:  -43.79206
fps step: 9898 fps step and policy inference: 9393 fps total: 7390 epoch: 1171/3000 frames: 38338560
mean_rewards:  [-45.68] last_mean_rewards:  -43.79206
fps step: 20626 fps step and policy inference: 19494 fps total: 12548 epoch: 1172/3000 frames: 38371328
mean_rewards:  [-44.94] last_mean_rewards:  -43.79206
fps step: 10201 fps step and policy inference: 9683 fps total: 7582 epoch: 1173/3000 frames: 38404096
mean_rewards:  [-45.74] last_mean_rewards:  -43.79206
fps step: 20473 fps step and policy inference: 19392 fps total: 12457 epoch: 1174/3000 frames: 38436864
mean_rewards:  [-44.24] last_mean_rewards:  -43.79206
fps step: 10225 fps step and policy inference: 9706 fps total: 7609 epoch: 1175/3000 frames: 38469632
mean_rewards:  [-44.35] last_mean_rewards:  -43.79206
fps step: 20799 fps step and policy inference: 19582 fps total: 12556 epoch: 1176/3000 frames: 38502400
mean_rewards:  [-44.91] last_mean_rewards:  -43.79206
fps step: 10152 fps step and policy inference: 9659 fps total: 7546 epoch: 1177/3000 frames: 38535168
mean_rewards:  [-45.15] last_mean_rewards:  -43.79206
fps step: 20505 fps step and policy inference: 19321 fps total: 12431 epoch: 1178/3000 frames: 38567936
mean_rewards:  [-44.63] last_mean_rewards:  -43.79206
fps step: 10522 fps step and policy inference: 9988 fps total: 7777 epoch: 1179/3000 frames: 38600704
mean_rewards:  [-44.5] last_mean_rewards:  -43.79206
fps step: 20675 fps step and policy inference: 19595 fps total: 12558 epoch: 1180/3000 frames: 38633472
mean_rewards:  [-46.58] last_mean_rewards:  -43.79206
fps step: 10481 fps step and policy inference: 9967 fps total: 7757 epoch: 1181/3000 frames: 38666240
mean_rewards:  [-45.07] last_mean_rewards:  -43.79206
fps step: 20821 fps step and policy inference: 19737 fps total: 12619 epoch: 1182/3000 frames: 38699008
mean_rewards:  [-44.32] last_mean_rewards:  -43.79206
fps step: 9947 fps step and policy inference: 9454 fps total: 7438 epoch: 1183/3000 frames: 38731776
mean_rewards:  [-45.88] last_mean_rewards:  -43.79206
fps step: 20469 fps step and policy inference: 19357 fps total: 12483 epoch: 1184/3000 frames: 38764544
mean_rewards:  [-44.77] last_mean_rewards:  -43.79206
fps step: 10185 fps step and policy inference: 9690 fps total: 7596 epoch: 1185/3000 frames: 38797312
mean_rewards:  [-45.36] last_mean_rewards:  -43.79206
fps step: 20955 fps step and policy inference: 19755 fps total: 12574 epoch: 1186/3000 frames: 38830080
mean_rewards:  [-44.48] last_mean_rewards:  -43.79206
fps step: 10163 fps step and policy inference: 9665 fps total: 7564 epoch: 1187/3000 frames: 38862848
mean_rewards:  [-45.7] last_mean_rewards:  -43.79206
fps step: 20844 fps step and policy inference: 19692 fps total: 12525 epoch: 1188/3000 frames: 38895616
mean_rewards:  [-46.21] last_mean_rewards:  -43.79206
fps step: 10503 fps step and policy inference: 9984 fps total: 7737 epoch: 1189/3000 frames: 38928384
mean_rewards:  [-45.57] last_mean_rewards:  -43.79206
fps step: 21001 fps step and policy inference: 19733 fps total: 12537 epoch: 1190/3000 frames: 38961152
mean_rewards:  [-46.43] last_mean_rewards:  -43.79206
fps step: 10340 fps step and policy inference: 9867 fps total: 7689 epoch: 1191/3000 frames: 38993920
mean_rewards:  [-45.3] last_mean_rewards:  -43.79206
fps step: 20827 fps step and policy inference: 19731 fps total: 12587 epoch: 1192/3000 frames: 39026688
mean_rewards:  [-44.57] last_mean_rewards:  -43.79206
fps step: 10073 fps step and policy inference: 9602 fps total: 7542 epoch: 1193/3000 frames: 39059456
mean_rewards:  [-45.15] last_mean_rewards:  -43.79206
fps step: 20753 fps step and policy inference: 19533 fps total: 12587 epoch: 1194/3000 frames: 39092224
mean_rewards:  [-46.86] last_mean_rewards:  -43.79206
fps step: 9923 fps step and policy inference: 9413 fps total: 7444 epoch: 1195/3000 frames: 39124992
mean_rewards:  [-45.96] last_mean_rewards:  -43.79206
fps step: 21046 fps step and policy inference: 19874 fps total: 12642 epoch: 1196/3000 frames: 39157760
mean_rewards:  [-45.82] last_mean_rewards:  -43.79206
fps step: 9866 fps step and policy inference: 9391 fps total: 7404 epoch: 1197/3000 frames: 39190528
mean_rewards:  [-45.46] last_mean_rewards:  -43.79206
fps step: 20844 fps step and policy inference: 19602 fps total: 12574 epoch: 1198/3000 frames: 39223296
mean_rewards:  [-46.47] last_mean_rewards:  -43.79206
fps step: 10169 fps step and policy inference: 9669 fps total: 7569 epoch: 1199/3000 frames: 39256064
mean_rewards:  [-45.88] last_mean_rewards:  -43.79206
fps step: 21032 fps step and policy inference: 19912 fps total: 12722 epoch: 1200/3000 frames: 39288832
mean_rewards:  [-45.9] last_mean_rewards:  -43.79206
getting weights with keys: dict_keys(['scaler', 'model'])
=> saving checkpoint './logs/scratch_cube_scratch/tracking_ori_grab_s2_cubesmall_inspect_1_nf_300_obs_pure_state_wref_wdelta_density_500.0_trans_0.5_rot_0.5_goalcond_False__18-02-24-37/nn/last_tracking_ori_grab_s2_cubesmall_inspect_1_nf_300_obs_pure_state_wref_wdelta_density_500.0_trans_0.5_rot_0.5_goalcond_False__ep_1200_rew_-45.8954.pth'
fps step: 10116 fps step and policy inference: 9622 fps total: 7552 epoch: 1201/3000 frames: 39321600
mean_rewards:  [-46.7] last_mean_rewards:  -43.79206
fps step: 21003 fps step and policy inference: 19821 fps total: 12633 epoch: 1202/3000 frames: 39354368
mean_rewards:  [-45.38] last_mean_rewards:  -43.79206
fps step: 10457 fps step and policy inference: 9941 fps total: 7743 epoch: 1203/3000 frames: 39387136
mean_rewards:  [-45.11] last_mean_rewards:  -43.79206
fps step: 21053 fps step and policy inference: 19794 fps total: 12625 epoch: 1204/3000 frames: 39419904
mean_rewards:  [-46.2] last_mean_rewards:  -43.79206
fps step: 10400 fps step and policy inference: 9883 fps total: 7707 epoch: 1205/3000 frames: 39452672
mean_rewards:  [-45.62] last_mean_rewards:  -43.79206
fps step: 21055 fps step and policy inference: 19853 fps total: 12678 epoch: 1206/3000 frames: 39485440
mean_rewards:  [-45.58] last_mean_rewards:  -43.79206
fps step: 10182 fps step and policy inference: 9697 fps total: 7590 epoch: 1207/3000 frames: 39518208
mean_rewards:  [-46.84] last_mean_rewards:  -43.79206
fps step: 20452 fps step and policy inference: 19355 fps total: 12394 epoch: 1208/3000 frames: 39550976
mean_rewards:  [-46.01] last_mean_rewards:  -43.79206
fps step: 10405 fps step and policy inference: 9858 fps total: 7674 epoch: 1209/3000 frames: 39583744
mean_rewards:  [-46.06] last_mean_rewards:  -43.79206
fps step: 21219 fps step and policy inference: 19975 fps total: 12709 epoch: 1210/3000 frames: 39616512
mean_rewards:  [-45.8] last_mean_rewards:  -43.79206
fps step: 10197 fps step and policy inference: 9718 fps total: 7603 epoch: 1211/3000 frames: 39649280
mean_rewards:  [-45.5] last_mean_rewards:  -43.79206
fps step: 20403 fps step and policy inference: 19317 fps total: 12475 epoch: 1212/3000 frames: 39682048
mean_rewards:  [-46.97] last_mean_rewards:  -43.79206
fps step: 11153 fps step and policy inference: 10590 fps total: 8144 epoch: 1213/3000 frames: 39714816
mean_rewards:  [-46.7] last_mean_rewards:  -43.79206
fps step: 21127 fps step and policy inference: 19993 fps total: 12733 epoch: 1214/3000 frames: 39747584
mean_rewards:  [-46.1] last_mean_rewards:  -43.79206
fps step: 10565 fps step and policy inference: 10042 fps total: 7815 epoch: 1215/3000 frames: 39780352
mean_rewards:  [-45.5] last_mean_rewards:  -43.79206
fps step: 20788 fps step and policy inference: 19667 fps total: 12570 epoch: 1216/3000 frames: 39813120
mean_rewards:  [-45.32] last_mean_rewards:  -43.79206
fps step: 10296 fps step and policy inference: 9784 fps total: 7636 epoch: 1217/3000 frames: 39845888
mean_rewards:  [-45.46] last_mean_rewards:  -43.79206
fps step: 21018 fps step and policy inference: 19771 fps total: 12617 epoch: 1218/3000 frames: 39878656
mean_rewards:  [-47.42] last_mean_rewards:  -43.79206
fps step: 10150 fps step and policy inference: 9646 fps total: 7565 epoch: 1219/3000 frames: 39911424
mean_rewards:  [-47.37] last_mean_rewards:  -43.79206
fps step: 20984 fps step and policy inference: 19795 fps total: 12690 epoch: 1220/3000 frames: 39944192
mean_rewards:  [-45.84] last_mean_rewards:  -43.79206
fps step: 10060 fps step and policy inference: 9555 fps total: 7506 epoch: 1221/3000 frames: 39976960
mean_rewards:  [-45.87] last_mean_rewards:  -43.79206
fps step: 20711 fps step and policy inference: 19531 fps total: 12582 epoch: 1222/3000 frames: 40009728
mean_rewards:  [-46.26] last_mean_rewards:  -43.79206
fps step: 10401 fps step and policy inference: 9862 fps total: 7713 epoch: 1223/3000 frames: 40042496
mean_rewards:  [-46.54] last_mean_rewards:  -43.79206
fps step: 21058 fps step and policy inference: 19984 fps total: 12734 epoch: 1224/3000 frames: 40075264
mean_rewards:  [-45.03] last_mean_rewards:  -43.79206
fps step: 10031 fps step and policy inference: 9518 fps total: 7476 epoch: 1225/3000 frames: 40108032
mean_rewards:  [-45.09] last_mean_rewards:  -43.79206
fps step: 20737 fps step and policy inference: 19524 fps total: 12086 epoch: 1226/3000 frames: 40140800
mean_rewards:  [-45.54] last_mean_rewards:  -43.79206
fps step: 11202 fps step and policy inference: 10631 fps total: 7994 epoch: 1227/3000 frames: 40173568
mean_rewards:  [-46.3] last_mean_rewards:  -43.79206
fps step: 20767 fps step and policy inference: 19662 fps total: 12134 epoch: 1228/3000 frames: 40206336
mean_rewards:  [-45.7] last_mean_rewards:  -43.79206
fps step: 12124 fps step and policy inference: 11499 fps total: 8452 epoch: 1229/3000 frames: 40239104
mean_rewards:  [-46.36] last_mean_rewards:  -43.79206
fps step: 20807 fps step and policy inference: 19685 fps total: 12232 epoch: 1230/3000 frames: 40271872
mean_rewards:  [-45.46] last_mean_rewards:  -43.79206
fps step: 12085 fps step and policy inference: 11470 fps total: 8652 epoch: 1231/3000 frames: 40304640
mean_rewards:  [-45.24] last_mean_rewards:  -43.79206
fps step: 21129 fps step and policy inference: 19934 fps total: 12777 epoch: 1232/3000 frames: 40337408
mean_rewards:  [-45.41] last_mean_rewards:  -43.79206
fps step: 10792 fps step and policy inference: 10266 fps total: 7936 epoch: 1233/3000 frames: 40370176
mean_rewards:  [-45.52] last_mean_rewards:  -43.79206
fps step: 20956 fps step and policy inference: 19828 fps total: 12638 epoch: 1234/3000 frames: 40402944
mean_rewards:  [-45.39] last_mean_rewards:  -43.79206
fps step: 10091 fps step and policy inference: 9615 fps total: 7534 epoch: 1235/3000 frames: 40435712
mean_rewards:  [-45.1] last_mean_rewards:  -43.79206
fps step: 20623 fps step and policy inference: 19518 fps total: 12562 epoch: 1236/3000 frames: 40468480
mean_rewards:  [-45.59] last_mean_rewards:  -43.79206
fps step: 10111 fps step and policy inference: 9624 fps total: 7544 epoch: 1237/3000 frames: 40501248
mean_rewards:  [-46.24] last_mean_rewards:  -43.79206
fps step: 20930 fps step and policy inference: 19772 fps total: 12653 epoch: 1238/3000 frames: 40534016
mean_rewards:  [-45.81] last_mean_rewards:  -43.79206
fps step: 9910 fps step and policy inference: 9464 fps total: 7462 epoch: 1239/3000 frames: 40566784
mean_rewards:  [-45.25] last_mean_rewards:  -43.79206
fps step: 20756 fps step and policy inference: 19624 fps total: 12588 epoch: 1240/3000 frames: 40599552
mean_rewards:  [-46.07] last_mean_rewards:  -43.79206
fps step: 9979 fps step and policy inference: 9520 fps total: 7463 epoch: 1241/3000 frames: 40632320
mean_rewards:  [-45.13] last_mean_rewards:  -43.79206
fps step: 21042 fps step and policy inference: 19759 fps total: 12604 epoch: 1242/3000 frames: 40665088
mean_rewards:  [-45.07] last_mean_rewards:  -43.79206
fps step: 9999 fps step and policy inference: 9533 fps total: 7511 epoch: 1243/3000 frames: 40697856
mean_rewards:  [-45.08] last_mean_rewards:  -43.79206
fps step: 20977 fps step and policy inference: 19858 fps total: 12707 epoch: 1244/3000 frames: 40730624
mean_rewards:  [-45.44] last_mean_rewards:  -43.79206
fps step: 10337 fps step and policy inference: 9840 fps total: 7594 epoch: 1245/3000 frames: 40763392
mean_rewards:  [-45.75] last_mean_rewards:  -43.79206
fps step: 20761 fps step and policy inference: 19612 fps total: 12490 epoch: 1246/3000 frames: 40796160
mean_rewards:  [-45.08] last_mean_rewards:  -43.79206
fps step: 11112 fps step and policy inference: 10580 fps total: 7793 epoch: 1247/3000 frames: 40828928
mean_rewards:  [-45.31] last_mean_rewards:  -43.79206
fps step: 21135 fps step and policy inference: 19897 fps total: 12714 epoch: 1248/3000 frames: 40861696
mean_rewards:  [-45.45] last_mean_rewards:  -43.79206
fps step: 12690 fps step and policy inference: 12058 fps total: 8067 epoch: 1249/3000 frames: 40894464
mean_rewards:  [-44.39] last_mean_rewards:  -43.79206
fps step: 20814 fps step and policy inference: 19653 fps total: 12625 epoch: 1250/3000 frames: 40927232
mean_rewards:  [-45.59] last_mean_rewards:  -43.79206
fps step: 18500 fps step and policy inference: 17447 fps total: 9917 epoch: 1251/3000 frames: 40960000
mean_rewards:  [-44.86] last_mean_rewards:  -43.79206
fps step: 20884 fps step and policy inference: 19766 fps total: 12686 epoch: 1252/3000 frames: 40992768
mean_rewards:  [-44.03] last_mean_rewards:  -43.79206
fps step: 20754 fps step and policy inference: 19551 fps total: 11309 epoch: 1253/3000 frames: 41025536
mean_rewards:  [-44.11] last_mean_rewards:  -43.79206
fps step: 20640 fps step and policy inference: 19487 fps total: 12546 epoch: 1254/3000 frames: 41058304
mean_rewards:  [-45.2] last_mean_rewards:  -43.79206
fps step: 20714 fps step and policy inference: 19611 fps total: 11786 epoch: 1255/3000 frames: 41091072
mean_rewards:  [-44.84] last_mean_rewards:  -43.79206
fps step: 20963 fps step and policy inference: 19862 fps total: 12677 epoch: 1256/3000 frames: 41123840
mean_rewards:  [-43.67] last_mean_rewards:  -43.79206
saving next best rewards:  [-43.67]
getting weights with keys: dict_keys(['scaler', 'model'])
=> saving checkpoint './logs/scratch_cube_scratch/tracking_ori_grab_s2_cubesmall_inspect_1_nf_300_obs_pure_state_wref_wdelta_density_500.0_trans_0.5_rot_0.5_goalcond_False__18-02-24-37/nn/tracking_ori_grab_s2_cubesmall_inspect_1_nf_300_obs_pure_state_wref_wdelta_density_500.0_trans_0.5_rot_0.5_goalcond_False_.pth'
fps step: 20968 fps step and policy inference: 19723 fps total: 12287 epoch: 1257/3000 frames: 41156608
mean_rewards:  [-43.91] last_mean_rewards:  -43.674076
fps step: 20954 fps step and policy inference: 19853 fps total: 12711 epoch: 1258/3000 frames: 41189376
mean_rewards:  [-44.49] last_mean_rewards:  -43.674076
fps step: 21213 fps step and policy inference: 20075 fps total: 12713 epoch: 1259/3000 frames: 41222144
mean_rewards:  [-43.87] last_mean_rewards:  -43.674076
fps step: 20792 fps step and policy inference: 19724 fps total: 12281 epoch: 1260/3000 frames: 41254912
mean_rewards:  [-44.28] last_mean_rewards:  -43.674076
fps step: 21151 fps step and policy inference: 19902 fps total: 11738 epoch: 1261/3000 frames: 41287680
mean_rewards:  [-44.26] last_mean_rewards:  -43.674076
fps step: 20931 fps step and policy inference: 19798 fps total: 12421 epoch: 1262/3000 frames: 41320448
mean_rewards:  [-44.16] last_mean_rewards:  -43.674076
fps step: 20789 fps step and policy inference: 19777 fps total: 11970 epoch: 1263/3000 frames: 41353216
mean_rewards:  [-43.44] last_mean_rewards:  -43.674076
saving next best rewards:  [-43.44]
getting weights with keys: dict_keys(['scaler', 'model'])
=> saving checkpoint './logs/scratch_cube_scratch/tracking_ori_grab_s2_cubesmall_inspect_1_nf_300_obs_pure_state_wref_wdelta_density_500.0_trans_0.5_rot_0.5_goalcond_False__18-02-24-37/nn/tracking_ori_grab_s2_cubesmall_inspect_1_nf_300_obs_pure_state_wref_wdelta_density_500.0_trans_0.5_rot_0.5_goalcond_False_.pth'
fps step: 20673 fps step and policy inference: 19458 fps total: 12445 epoch: 1264/3000 frames: 41385984
mean_rewards:  [-44.81] last_mean_rewards:  -43.437767
fps step: 21092 fps step and policy inference: 19998 fps total: 12079 epoch: 1265/3000 frames: 41418752
mean_rewards:  [-44.41] last_mean_rewards:  -43.437767
fps step: 21085 fps step and policy inference: 19943 fps total: 12710 epoch: 1266/3000 frames: 41451520
mean_rewards:  [-44.2] last_mean_rewards:  -43.437767
fps step: 20601 fps step and policy inference: 19437 fps total: 12223 epoch: 1267/3000 frames: 41484288
mean_rewards:  [-44.92] last_mean_rewards:  -43.437767
fps step: 20937 fps step and policy inference: 19732 fps total: 12637 epoch: 1268/3000 frames: 41517056
mean_rewards:  [-44.95] last_mean_rewards:  -43.437767
fps step: 20786 fps step and policy inference: 19682 fps total: 12446 epoch: 1269/3000 frames: 41549824
mean_rewards:  [-45.33] last_mean_rewards:  -43.437767
fps step: 20982 fps step and policy inference: 19785 fps total: 12586 epoch: 1270/3000 frames: 41582592
mean_rewards:  [-44.81] last_mean_rewards:  -43.437767
fps step: 20798 fps step and policy inference: 19723 fps total: 12361 epoch: 1271/3000 frames: 41615360
mean_rewards:  [-44.18] last_mean_rewards:  -43.437767
fps step: 21074 fps step and policy inference: 19753 fps total: 12612 epoch: 1272/3000 frames: 41648128
mean_rewards:  [-43.53] last_mean_rewards:  -43.437767
fps step: 20977 fps step and policy inference: 19768 fps total: 12379 epoch: 1273/3000 frames: 41680896
mean_rewards:  [-43.76] last_mean_rewards:  -43.437767
fps step: 21166 fps step and policy inference: 19962 fps total: 12724 epoch: 1274/3000 frames: 41713664
mean_rewards:  [-44.58] last_mean_rewards:  -43.437767
fps step: 21075 fps step and policy inference: 19806 fps total: 12688 epoch: 1275/3000 frames: 41746432
mean_rewards:  [-44.25] last_mean_rewards:  -43.437767
fps step: 21098 fps step and policy inference: 19977 fps total: 12637 epoch: 1276/3000 frames: 41779200
mean_rewards:  [-44.06] last_mean_rewards:  -43.437767
fps step: 20864 fps step and policy inference: 19600 fps total: 12257 epoch: 1277/3000 frames: 41811968
mean_rewards:  [-43.86] last_mean_rewards:  -43.437767
fps step: 20423 fps step and policy inference: 19274 fps total: 12365 epoch: 1278/3000 frames: 41844736
mean_rewards:  [-44.93] last_mean_rewards:  -43.437767
fps step: 20992 fps step and policy inference: 19802 fps total: 12075 epoch: 1279/3000 frames: 41877504
mean_rewards:  [-44.] last_mean_rewards:  -43.437767
fps step: 20906 fps step and policy inference: 19645 fps total: 12436 epoch: 1280/3000 frames: 41910272
mean_rewards:  [-43.63] last_mean_rewards:  -43.437767
fps step: 20733 fps step and policy inference: 19600 fps total: 11566 epoch: 1281/3000 frames: 41943040
mean_rewards:  [-44.08] last_mean_rewards:  -43.437767
fps step: 20924 fps step and policy inference: 19725 fps total: 12110 epoch: 1282/3000 frames: 41975808
mean_rewards:  [-44.88] last_mean_rewards:  -43.437767
fps step: 20815 fps step and policy inference: 19664 fps total: 11163 epoch: 1283/3000 frames: 42008576
mean_rewards:  [-44.32] last_mean_rewards:  -43.437767
fps step: 20643 fps step and policy inference: 19546 fps total: 12004 epoch: 1284/3000 frames: 42041344
mean_rewards:  [-43.73] last_mean_rewards:  -43.437767
fps step: 20563 fps step and policy inference: 19363 fps total: 10726 epoch: 1285/3000 frames: 42074112
mean_rewards:  [-44.11] last_mean_rewards:  -43.437767
fps step: 20588 fps step and policy inference: 19480 fps total: 12056 epoch: 1286/3000 frames: 42106880
mean_rewards:  [-44.05] last_mean_rewards:  -43.437767
fps step: 20524 fps step and policy inference: 19373 fps total: 10585 epoch: 1287/3000 frames: 42139648
mean_rewards:  [-44.04] last_mean_rewards:  -43.437767
fps step: 20797 fps step and policy inference: 19558 fps total: 12142 epoch: 1288/3000 frames: 42172416
mean_rewards:  [-44.41] last_mean_rewards:  -43.437767
fps step: 20613 fps step and policy inference: 19408 fps total: 10610 epoch: 1289/3000 frames: 42205184
mean_rewards:  [-44.25] last_mean_rewards:  -43.437767
fps step: 34604 fps step and policy inference: 32372 fps total: 17024 epoch: 1290/3000 frames: 42237952
mean_rewards:  [-44.3] last_mean_rewards:  -43.437767
fps step: 32667 fps step and policy inference: 30653 fps total: 16574 epoch: 1291/3000 frames: 42270720
mean_rewards:  [-44.17] last_mean_rewards:  -43.437767
fps step: 34390 fps step and policy inference: 32119 fps total: 17071 epoch: 1292/3000 frames: 42303488
mean_rewards:  [-45.15] last_mean_rewards:  -43.437767
fps step: 32314 fps step and policy inference: 30466 fps total: 15448 epoch: 1293/3000 frames: 42336256
mean_rewards:  [-44.6] last_mean_rewards:  -43.437767
fps step: 17315 fps step and policy inference: 16432 fps total: 10446 epoch: 1294/3000 frames: 42369024
mean_rewards:  [-43.93] last_mean_rewards:  -43.437767
fps step: 17156 fps step and policy inference: 16299 fps total: 10380 epoch: 1295/3000 frames: 42401792
mean_rewards:  [-44.34] last_mean_rewards:  -43.437767
fps step: 17369 fps step and policy inference: 16282 fps total: 10478 epoch: 1296/3000 frames: 42434560
mean_rewards:  [-44.56] last_mean_rewards:  -43.437767
fps step: 18063 fps step and policy inference: 16977 fps total: 10731 epoch: 1297/3000 frames: 42467328
mean_rewards:  [-45.05] last_mean_rewards:  -43.437767
fps step: 17931 fps step and policy inference: 17054 fps total: 10800 epoch: 1298/3000 frames: 42500096
mean_rewards:  [-44.05] last_mean_rewards:  -43.437767
fps step: 28858 fps step and policy inference: 27218 fps total: 14789 epoch: 1299/3000 frames: 42532864
mean_rewards:  [-44.2] last_mean_rewards:  -43.437767
fps step: 35397 fps step and policy inference: 32847 fps total: 17915 epoch: 1300/3000 frames: 42565632
mean_rewards:  [-43.77] last_mean_rewards:  -43.437767
fps step: 34719 fps step and policy inference: 32350 fps total: 17779 epoch: 1301/3000 frames: 42598400
mean_rewards:  [-43.81] last_mean_rewards:  -43.437767
fps step: 26878 fps step and policy inference: 25400 fps total: 15453 epoch: 1302/3000 frames: 42631168
mean_rewards:  [-43.87] last_mean_rewards:  -43.437767
fps step: 16850 fps step and policy inference: 15827 fps total: 10371 epoch: 1303/3000 frames: 42663936
mean_rewards:  [-43.77] last_mean_rewards:  -43.437767
fps step: 16457 fps step and policy inference: 15604 fps total: 10188 epoch: 1304/3000 frames: 42696704
mean_rewards:  [-44.25] last_mean_rewards:  -43.437767
fps step: 16380 fps step and policy inference: 15358 fps total: 10074 epoch: 1305/3000 frames: 42729472
mean_rewards:  [-44.58] last_mean_rewards:  -43.437767
fps step: 32177 fps step and policy inference: 30261 fps total: 17089 epoch: 1306/3000 frames: 42762240
mean_rewards:  [-45.89] last_mean_rewards:  -43.437767
fps step: 35018 fps step and policy inference: 32765 fps total: 17908 epoch: 1307/3000 frames: 42795008
mean_rewards:  [-44.3] last_mean_rewards:  -43.437767
fps step: 34908 fps step and policy inference: 32671 fps total: 17922 epoch: 1308/3000 frames: 42827776
mean_rewards:  [-44.64] last_mean_rewards:  -43.437767
fps step: 35041 fps step and policy inference: 33000 fps total: 18190 epoch: 1309/3000 frames: 42860544
mean_rewards:  [-43.92] last_mean_rewards:  -43.437767
fps step: 35529 fps step and policy inference: 33427 fps total: 18291 epoch: 1310/3000 frames: 42893312
mean_rewards:  [-44.61] last_mean_rewards:  -43.437767
fps step: 35763 fps step and policy inference: 33668 fps total: 18397 epoch: 1311/3000 frames: 42926080
mean_rewards:  [-44.01] last_mean_rewards:  -43.437767
fps step: 35853 fps step and policy inference: 33738 fps total: 18409 epoch: 1312/3000 frames: 42958848
mean_rewards:  [-43.82] last_mean_rewards:  -43.437767
fps step: 35651 fps step and policy inference: 33553 fps total: 18341 epoch: 1313/3000 frames: 42991616
mean_rewards:  [-44.43] last_mean_rewards:  -43.437767
fps step: 35285 fps step and policy inference: 33215 fps total: 18227 epoch: 1314/3000 frames: 43024384
mean_rewards:  [-43.96] last_mean_rewards:  -43.437767
fps step: 35184 fps step and policy inference: 33132 fps total: 18227 epoch: 1315/3000 frames: 43057152
mean_rewards:  [-44.] last_mean_rewards:  -43.437767
fps step: 36024 fps step and policy inference: 33891 fps total: 18454 epoch: 1316/3000 frames: 43089920
mean_rewards:  [-43.9] last_mean_rewards:  -43.437767
fps step: 35817 fps step and policy inference: 33694 fps total: 18384 epoch: 1317/3000 frames: 43122688
mean_rewards:  [-43.85] last_mean_rewards:  -43.437767
fps step: 34925 fps step and policy inference: 32883 fps total: 18123 epoch: 1318/3000 frames: 43155456
mean_rewards:  [-43.42] last_mean_rewards:  -43.437767
saving next best rewards:  [-43.42]
getting weights with keys: dict_keys(['scaler', 'model'])
=> saving checkpoint './logs/scratch_cube_scratch/tracking_ori_grab_s2_cubesmall_inspect_1_nf_300_obs_pure_state_wref_wdelta_density_500.0_trans_0.5_rot_0.5_goalcond_False__18-02-24-37/nn/tracking_ori_grab_s2_cubesmall_inspect_1_nf_300_obs_pure_state_wref_wdelta_density_500.0_trans_0.5_rot_0.5_goalcond_False_.pth'
fps step: 35060 fps step and policy inference: 32996 fps total: 18184 epoch: 1319/3000 frames: 43188224
mean_rewards:  [-44.05] last_mean_rewards:  -43.42306
fps step: 35512 fps step and policy inference: 33414 fps total: 18308 epoch: 1320/3000 frames: 43220992
mean_rewards:  [-45.04] last_mean_rewards:  -43.42306
fps step: 35496 fps step and policy inference: 33421 fps total: 17981 epoch: 1321/3000 frames: 43253760
mean_rewards:  [-44.22] last_mean_rewards:  -43.42306
fps step: 34972 fps step and policy inference: 32705 fps total: 17336 epoch: 1322/3000 frames: 43286528
mean_rewards:  [-44.26] last_mean_rewards:  -43.42306
fps step: 34880 fps step and policy inference: 32594 fps total: 17320 epoch: 1323/3000 frames: 43319296
mean_rewards:  [-44.33] last_mean_rewards:  -43.42306
fps step: 34561 fps step and policy inference: 32112 fps total: 17162 epoch: 1324/3000 frames: 43352064
mean_rewards:  [-44.54] last_mean_rewards:  -43.42306
fps step: 34773 fps step and policy inference: 32411 fps total: 17224 epoch: 1325/3000 frames: 43384832
mean_rewards:  [-44.34] last_mean_rewards:  -43.42306
fps step: 35419 fps step and policy inference: 33095 fps total: 17426 epoch: 1326/3000 frames: 43417600
mean_rewards:  [-44.61] last_mean_rewards:  -43.42306
fps step: 34814 fps step and policy inference: 32595 fps total: 17258 epoch: 1327/3000 frames: 43450368
mean_rewards:  [-43.39] last_mean_rewards:  -43.42306
saving next best rewards:  [-43.39]
getting weights with keys: dict_keys(['scaler', 'model'])
=> saving checkpoint './logs/scratch_cube_scratch/tracking_ori_grab_s2_cubesmall_inspect_1_nf_300_obs_pure_state_wref_wdelta_density_500.0_trans_0.5_rot_0.5_goalcond_False__18-02-24-37/nn/tracking_ori_grab_s2_cubesmall_inspect_1_nf_300_obs_pure_state_wref_wdelta_density_500.0_trans_0.5_rot_0.5_goalcond_False_.pth'
fps step: 35081 fps step and policy inference: 32896 fps total: 17444 epoch: 1328/3000 frames: 43483136
mean_rewards:  [-44.31] last_mean_rewards:  -43.394722
fps step: 34850 fps step and policy inference: 32597 fps total: 17857 epoch: 1329/3000 frames: 43515904
mean_rewards:  [-45.96] last_mean_rewards:  -43.394722
fps step: 35109 fps step and policy inference: 32848 fps total: 17939 epoch: 1330/3000 frames: 43548672
mean_rewards:  [-44.06] last_mean_rewards:  -43.394722
fps step: 35139 fps step and policy inference: 32865 fps total: 17972 epoch: 1331/3000 frames: 43581440
mean_rewards:  [-44.07] last_mean_rewards:  -43.394722
fps step: 34755 fps step and policy inference: 32560 fps total: 17865 epoch: 1332/3000 frames: 43614208
mean_rewards:  [-43.99] last_mean_rewards:  -43.394722
fps step: 34693 fps step and policy inference: 32467 fps total: 17774 epoch: 1333/3000 frames: 43646976
mean_rewards:  [-44.36] last_mean_rewards:  -43.394722
fps step: 34817 fps step and policy inference: 32586 fps total: 17741 epoch: 1334/3000 frames: 43679744
mean_rewards:  [-44.82] last_mean_rewards:  -43.394722
fps step: 34892 fps step and policy inference: 32652 fps total: 17824 epoch: 1335/3000 frames: 43712512
mean_rewards:  [-44.86] last_mean_rewards:  -43.394722
fps step: 34677 fps step and policy inference: 32416 fps total: 17676 epoch: 1336/3000 frames: 43745280
mean_rewards:  [-44.43] last_mean_rewards:  -43.394722
fps step: 34693 fps step and policy inference: 32469 fps total: 17732 epoch: 1337/3000 frames: 43778048
mean_rewards:  [-44.57] last_mean_rewards:  -43.394722
fps step: 35167 fps step and policy inference: 32893 fps total: 17843 epoch: 1338/3000 frames: 43810816
mean_rewards:  [-45.] last_mean_rewards:  -43.394722
fps step: 35240 fps step and policy inference: 32926 fps total: 17851 epoch: 1339/3000 frames: 43843584
mean_rewards:  [-44.23] last_mean_rewards:  -43.394722
fps step: 35217 fps step and policy inference: 32967 fps total: 17857 epoch: 1340/3000 frames: 43876352
mean_rewards:  [-43.67] last_mean_rewards:  -43.394722
fps step: 35175 fps step and policy inference: 32906 fps total: 17965 epoch: 1341/3000 frames: 43909120
mean_rewards:  [-43.56] last_mean_rewards:  -43.394722
fps step: 35112 fps step and policy inference: 32953 fps total: 18072 epoch: 1342/3000 frames: 43941888
mean_rewards:  [-44.31] last_mean_rewards:  -43.394722
fps step: 35373 fps step and policy inference: 33200 fps total: 18191 epoch: 1343/3000 frames: 43974656
mean_rewards:  [-45.4] last_mean_rewards:  -43.394722
fps step: 36091 fps step and policy inference: 33892 fps total: 18371 epoch: 1344/3000 frames: 44007424
mean_rewards:  [-43.79] last_mean_rewards:  -43.394722
fps step: 35764 fps step and policy inference: 33715 fps total: 18154 epoch: 1345/3000 frames: 44040192
mean_rewards:  [-43.96] last_mean_rewards:  -43.394722
fps step: 35321 fps step and policy inference: 33303 fps total: 18167 epoch: 1346/3000 frames: 44072960
mean_rewards:  [-43.63] last_mean_rewards:  -43.394722
fps step: 35115 fps step and policy inference: 33088 fps total: 18111 epoch: 1347/3000 frames: 44105728
mean_rewards:  [-43.56] last_mean_rewards:  -43.394722
fps step: 35246 fps step and policy inference: 33200 fps total: 17459 epoch: 1348/3000 frames: 44138496
mean_rewards:  [-44.54] last_mean_rewards:  -43.394722
fps step: 35862 fps step and policy inference: 33692 fps total: 17683 epoch: 1349/3000 frames: 44171264
mean_rewards:  [-43.52] last_mean_rewards:  -43.394722
fps step: 35583 fps step and policy inference: 33436 fps total: 18092 epoch: 1350/3000 frames: 44204032
mean_rewards:  [-44.11] last_mean_rewards:  -43.394722
fps step: 35131 fps step and policy inference: 33062 fps total: 18010 epoch: 1351/3000 frames: 44236800
mean_rewards:  [-44.1] last_mean_rewards:  -43.394722
fps step: 35521 fps step and policy inference: 33405 fps total: 18106 epoch: 1352/3000 frames: 44269568
mean_rewards:  [-44.23] last_mean_rewards:  -43.394722
fps step: 35406 fps step and policy inference: 33312 fps total: 18074 epoch: 1353/3000 frames: 44302336
mean_rewards:  [-43.86] last_mean_rewards:  -43.394722
fps step: 35851 fps step and policy inference: 33711 fps total: 18207 epoch: 1354/3000 frames: 44335104
mean_rewards:  [-45.04] last_mean_rewards:  -43.394722
fps step: 35580 fps step and policy inference: 33459 fps total: 18102 epoch: 1355/3000 frames: 44367872
mean_rewards:  [-44.52] last_mean_rewards:  -43.394722
fps step: 35308 fps step and policy inference: 33203 fps total: 18040 epoch: 1356/3000 frames: 44400640
mean_rewards:  [-43.8] last_mean_rewards:  -43.394722
fps step: 35327 fps step and policy inference: 33208 fps total: 18047 epoch: 1357/3000 frames: 44433408
mean_rewards:  [-44.6] last_mean_rewards:  -43.394722
fps step: 35886 fps step and policy inference: 33739 fps total: 18160 epoch: 1358/3000 frames: 44466176
mean_rewards:  [-44.24] last_mean_rewards:  -43.394722
fps step: 35904 fps step and policy inference: 33750 fps total: 18184 epoch: 1359/3000 frames: 44498944
mean_rewards:  [-44.15] last_mean_rewards:  -43.394722
fps step: 35453 fps step and policy inference: 33324 fps total: 18049 epoch: 1360/3000 frames: 44531712
mean_rewards:  [-43.99] last_mean_rewards:  -43.394722
fps step: 35329 fps step and policy inference: 33222 fps total: 18073 epoch: 1361/3000 frames: 44564480
mean_rewards:  [-44.1] last_mean_rewards:  -43.394722
fps step: 35101 fps step and policy inference: 33024 fps total: 17936 epoch: 1362/3000 frames: 44597248
mean_rewards:  [-46.09] last_mean_rewards:  -43.394722
fps step: 36080 fps step and policy inference: 33912 fps total: 18259 epoch: 1363/3000 frames: 44630016
mean_rewards:  [-44.67] last_mean_rewards:  -43.394722
fps step: 35091 fps step and policy inference: 32897 fps total: 17963 epoch: 1364/3000 frames: 44662784
mean_rewards:  [-45.11] last_mean_rewards:  -43.394722
fps step: 34640 fps step and policy inference: 32251 fps total: 17764 epoch: 1365/3000 frames: 44695552
mean_rewards:  [-44.15] last_mean_rewards:  -43.394722
fps step: 35131 fps step and policy inference: 32860 fps total: 17978 epoch: 1366/3000 frames: 44728320
mean_rewards:  [-45.13] last_mean_rewards:  -43.394722
fps step: 35213 fps step and policy inference: 33051 fps total: 17950 epoch: 1367/3000 frames: 44761088
mean_rewards:  [-44.95] last_mean_rewards:  -43.394722
fps step: 35222 fps step and policy inference: 33071 fps total: 17967 epoch: 1368/3000 frames: 44793856
mean_rewards:  [-44.51] last_mean_rewards:  -43.394722
fps step: 35167 fps step and policy inference: 33022 fps total: 17936 epoch: 1369/3000 frames: 44826624
mean_rewards:  [-44.22] last_mean_rewards:  -43.394722
fps step: 34624 fps step and policy inference: 32522 fps total: 17778 epoch: 1370/3000 frames: 44859392
mean_rewards:  [-44.22] last_mean_rewards:  -43.394722
fps step: 34831 fps step and policy inference: 32705 fps total: 17873 epoch: 1371/3000 frames: 44892160
mean_rewards:  [-45.84] last_mean_rewards:  -43.394722
fps step: 35429 fps step and policy inference: 33263 fps total: 18050 epoch: 1372/3000 frames: 44924928
mean_rewards:  [-45.07] last_mean_rewards:  -43.394722
fps step: 35950 fps step and policy inference: 33799 fps total: 18174 epoch: 1373/3000 frames: 44957696
mean_rewards:  [-44.17] last_mean_rewards:  -43.394722
fps step: 35169 fps step and policy inference: 33096 fps total: 18006 epoch: 1374/3000 frames: 44990464
mean_rewards:  [-44.13] last_mean_rewards:  -43.394722
fps step: 34839 fps step and policy inference: 32802 fps total: 17910 epoch: 1375/3000 frames: 45023232
mean_rewards:  [-45.29] last_mean_rewards:  -43.394722
fps step: 35292 fps step and policy inference: 33269 fps total: 18154 epoch: 1376/3000 frames: 45056000
mean_rewards:  [-44.87] last_mean_rewards:  -43.394722
fps step: 35448 fps step and policy inference: 33420 fps total: 18237 epoch: 1377/3000 frames: 45088768
mean_rewards:  [-44.75] last_mean_rewards:  -43.394722
fps step: 35809 fps step and policy inference: 33749 fps total: 18081 epoch: 1378/3000 frames: 45121536
mean_rewards:  [-44.02] last_mean_rewards:  -43.394722
fps step: 35342 fps step and policy inference: 33248 fps total: 18070 epoch: 1379/3000 frames: 45154304
mean_rewards:  [-43.88] last_mean_rewards:  -43.394722
fps step: 35581 fps step and policy inference: 33463 fps total: 18115 epoch: 1380/3000 frames: 45187072
mean_rewards:  [-44.1] last_mean_rewards:  -43.394722
fps step: 35464 fps step and policy inference: 33300 fps total: 18075 epoch: 1381/3000 frames: 45219840
mean_rewards:  [-43.93] last_mean_rewards:  -43.394722
fps step: 35759 fps step and policy inference: 33644 fps total: 18027 epoch: 1382/3000 frames: 45252608
mean_rewards:  [-44.74] last_mean_rewards:  -43.394722
fps step: 35453 fps step and policy inference: 33202 fps total: 18057 epoch: 1383/3000 frames: 45285376
mean_rewards:  [-44.31] last_mean_rewards:  -43.394722
fps step: 33951 fps step and policy inference: 31620 fps total: 17549 epoch: 1384/3000 frames: 45318144
mean_rewards:  [-44.85] last_mean_rewards:  -43.394722
fps step: 35521 fps step and policy inference: 33465 fps total: 18210 epoch: 1385/3000 frames: 45350912
mean_rewards:  [-45.63] last_mean_rewards:  -43.394722
fps step: 36190 fps step and policy inference: 34044 fps total: 18399 epoch: 1386/3000 frames: 45383680
mean_rewards:  [-45.37] last_mean_rewards:  -43.394722
fps step: 35839 fps step and policy inference: 33699 fps total: 18293 epoch: 1387/3000 frames: 45416448
mean_rewards:  [-44.71] last_mean_rewards:  -43.394722
fps step: 34841 fps step and policy inference: 32722 fps total: 17907 epoch: 1388/3000 frames: 45449216
mean_rewards:  [-44.38] last_mean_rewards:  -43.394722
fps step: 34820 fps step and policy inference: 32611 fps total: 17874 epoch: 1389/3000 frames: 45481984
mean_rewards:  [-44.88] last_mean_rewards:  -43.394722
fps step: 35333 fps step and policy inference: 33251 fps total: 18228 epoch: 1390/3000 frames: 45514752
mean_rewards:  [-44.87] last_mean_rewards:  -43.394722
fps step: 35731 fps step and policy inference: 33648 fps total: 18236 epoch: 1391/3000 frames: 45547520
mean_rewards:  [-43.87] last_mean_rewards:  -43.394722
fps step: 36324 fps step and policy inference: 34153 fps total: 18396 epoch: 1392/3000 frames: 45580288
mean_rewards:  [-44.11] last_mean_rewards:  -43.394722
fps step: 35399 fps step and policy inference: 33320 fps total: 18106 epoch: 1393/3000 frames: 45613056
mean_rewards:  [-43.51] last_mean_rewards:  -43.394722
fps step: 35471 fps step and policy inference: 33380 fps total: 18160 epoch: 1394/3000 frames: 45645824
mean_rewards:  [-44.38] last_mean_rewards:  -43.394722
fps step: 35557 fps step and policy inference: 33475 fps total: 18192 epoch: 1395/3000 frames: 45678592
mean_rewards:  [-43.91] last_mean_rewards:  -43.394722
fps step: 35694 fps step and policy inference: 33609 fps total: 18238 epoch: 1396/3000 frames: 45711360
mean_rewards:  [-43.9] last_mean_rewards:  -43.394722
fps step: 35356 fps step and policy inference: 33282 fps total: 18138 epoch: 1397/3000 frames: 45744128
mean_rewards:  [-44.35] last_mean_rewards:  -43.394722
fps step: 35782 fps step and policy inference: 33714 fps total: 18263 epoch: 1398/3000 frames: 45776896
mean_rewards:  [-43.36] last_mean_rewards:  -43.394722
saving next best rewards:  [-43.36]
getting weights with keys: dict_keys(['scaler', 'model'])
=> saving checkpoint './logs/scratch_cube_scratch/tracking_ori_grab_s2_cubesmall_inspect_1_nf_300_obs_pure_state_wref_wdelta_density_500.0_trans_0.5_rot_0.5_goalcond_False__18-02-24-37/nn/tracking_ori_grab_s2_cubesmall_inspect_1_nf_300_obs_pure_state_wref_wdelta_density_500.0_trans_0.5_rot_0.5_goalcond_False_.pth'
fps step: 35813 fps step and policy inference: 33749 fps total: 18314 epoch: 1399/3000 frames: 45809664
mean_rewards:  [-44.28] last_mean_rewards:  -43.361504
fps step: 35941 fps step and policy inference: 33786 fps total: 18218 epoch: 1400/3000 frames: 45842432
mean_rewards:  [-44.49] last_mean_rewards:  -43.361504
getting weights with keys: dict_keys(['scaler', 'model'])
=> saving checkpoint './logs/scratch_cube_scratch/tracking_ori_grab_s2_cubesmall_inspect_1_nf_300_obs_pure_state_wref_wdelta_density_500.0_trans_0.5_rot_0.5_goalcond_False__18-02-24-37/nn/last_tracking_ori_grab_s2_cubesmall_inspect_1_nf_300_obs_pure_state_wref_wdelta_density_500.0_trans_0.5_rot_0.5_goalcond_False__ep_1400_rew_-44.490417.pth'
fps step: 35727 fps step and policy inference: 33653 fps total: 18288 epoch: 1401/3000 frames: 45875200
mean_rewards:  [-44.02] last_mean_rewards:  -43.361504
fps step: 34900 fps step and policy inference: 32925 fps total: 18093 epoch: 1402/3000 frames: 45907968
mean_rewards:  [-43.55] last_mean_rewards:  -43.361504
fps step: 35048 fps step and policy inference: 33057 fps total: 18114 epoch: 1403/3000 frames: 45940736
mean_rewards:  [-43.91] last_mean_rewards:  -43.361504
fps step: 35930 fps step and policy inference: 33862 fps total: 18369 epoch: 1404/3000 frames: 45973504
mean_rewards:  [-45.23] last_mean_rewards:  -43.361504
fps step: 35747 fps step and policy inference: 33694 fps total: 18326 epoch: 1405/3000 frames: 46006272
mean_rewards:  [-44.34] last_mean_rewards:  -43.361504
fps step: 35432 fps step and policy inference: 33381 fps total: 18002 epoch: 1406/3000 frames: 46039040
mean_rewards:  [-43.92] last_mean_rewards:  -43.361504
fps step: 35251 fps step and policy inference: 33157 fps total: 17424 epoch: 1407/3000 frames: 46071808
mean_rewards:  [-44.11] last_mean_rewards:  -43.361504
fps step: 35591 fps step and policy inference: 33458 fps total: 17500 epoch: 1408/3000 frames: 46104576
mean_rewards:  [-44.07] last_mean_rewards:  -43.361504
fps step: 34729 fps step and policy inference: 32438 fps total: 17236 epoch: 1409/3000 frames: 46137344
mean_rewards:  [-44.43] last_mean_rewards:  -43.361504
fps step: 35148 fps step and policy inference: 33074 fps total: 17396 epoch: 1410/3000 frames: 46170112
mean_rewards:  [-43.75] last_mean_rewards:  -43.361504
fps step: 34870 fps step and policy inference: 32747 fps total: 17865 epoch: 1411/3000 frames: 46202880
mean_rewards:  [-44.4] last_mean_rewards:  -43.361504
fps step: 34749 fps step and policy inference: 32578 fps total: 17814 epoch: 1412/3000 frames: 46235648
mean_rewards:  [-44.12] last_mean_rewards:  -43.361504
fps step: 34192 fps step and policy inference: 32063 fps total: 17758 epoch: 1413/3000 frames: 46268416
mean_rewards:  [-44.81] last_mean_rewards:  -43.361504
fps step: 35501 fps step and policy inference: 33425 fps total: 18277 epoch: 1414/3000 frames: 46301184
mean_rewards:  [-43.83] last_mean_rewards:  -43.361504
fps step: 35655 fps step and policy inference: 33559 fps total: 18253 epoch: 1415/3000 frames: 46333952
mean_rewards:  [-43.67] last_mean_rewards:  -43.361504
fps step: 34816 fps step and policy inference: 32779 fps total: 18019 epoch: 1416/3000 frames: 46366720
mean_rewards:  [-44.08] last_mean_rewards:  -43.361504
fps step: 35292 fps step and policy inference: 33212 fps total: 18222 epoch: 1417/3000 frames: 46399488
mean_rewards:  [-44.17] last_mean_rewards:  -43.361504
fps step: 35646 fps step and policy inference: 33559 fps total: 18326 epoch: 1418/3000 frames: 46432256
mean_rewards:  [-43.79] last_mean_rewards:  -43.361504
fps step: 35382 fps step and policy inference: 33321 fps total: 18254 epoch: 1419/3000 frames: 46465024
mean_rewards:  [-44.07] last_mean_rewards:  -43.361504
fps step: 35036 fps step and policy inference: 32998 fps total: 18140 epoch: 1420/3000 frames: 46497792
mean_rewards:  [-44.2] last_mean_rewards:  -43.361504
fps step: 35220 fps step and policy inference: 33080 fps total: 18105 epoch: 1421/3000 frames: 46530560
mean_rewards:  [-43.96] last_mean_rewards:  -43.361504
fps step: 35122 fps step and policy inference: 32973 fps total: 18080 epoch: 1422/3000 frames: 46563328
mean_rewards:  [-44.01] last_mean_rewards:  -43.361504
fps step: 35528 fps step and policy inference: 33424 fps total: 18254 epoch: 1423/3000 frames: 46596096
mean_rewards:  [-43.5] last_mean_rewards:  -43.361504
fps step: 35365 fps step and policy inference: 33307 fps total: 18265 epoch: 1424/3000 frames: 46628864
mean_rewards:  [-44.43] last_mean_rewards:  -43.361504
fps step: 35525 fps step and policy inference: 33456 fps total: 18352 epoch: 1425/3000 frames: 46661632
mean_rewards:  [-45.32] last_mean_rewards:  -43.361504
fps step: 34863 fps step and policy inference: 32863 fps total: 18129 epoch: 1426/3000 frames: 46694400
mean_rewards:  [-45.15] last_mean_rewards:  -43.361504
fps step: 35006 fps step and policy inference: 32974 fps total: 18174 epoch: 1427/3000 frames: 46727168
mean_rewards:  [-45.93] last_mean_rewards:  -43.361504
fps step: 35430 fps step and policy inference: 33377 fps total: 18293 epoch: 1428/3000 frames: 46759936
mean_rewards:  [-44.84] last_mean_rewards:  -43.361504
fps step: 35327 fps step and policy inference: 33282 fps total: 18263 epoch: 1429/3000 frames: 46792704
mean_rewards:  [-44.99] last_mean_rewards:  -43.361504
fps step: 35113 fps step and policy inference: 33079 fps total: 18130 epoch: 1430/3000 frames: 46825472
mean_rewards:  [-45.45] last_mean_rewards:  -43.361504
fps step: 34880 fps step and policy inference: 32743 fps total: 17889 epoch: 1431/3000 frames: 46858240
mean_rewards:  [-45.07] last_mean_rewards:  -43.361504
fps step: 35112 fps step and policy inference: 33072 fps total: 18101 epoch: 1432/3000 frames: 46891008
mean_rewards:  [-45.58] last_mean_rewards:  -43.361504
fps step: 35204 fps step and policy inference: 33158 fps total: 18115 epoch: 1433/3000 frames: 46923776
mean_rewards:  [-45.07] last_mean_rewards:  -43.361504
fps step: 35034 fps step and policy inference: 32878 fps total: 17957 epoch: 1434/3000 frames: 46956544
mean_rewards:  [-45.9] last_mean_rewards:  -43.361504
fps step: 34941 fps step and policy inference: 32810 fps total: 18030 epoch: 1435/3000 frames: 46989312
mean_rewards:  [-44.64] last_mean_rewards:  -43.361504
fps step: 35324 fps step and policy inference: 33245 fps total: 18085 epoch: 1436/3000 frames: 47022080
mean_rewards:  [-44.77] last_mean_rewards:  -43.361504
fps step: 35259 fps step and policy inference: 33201 fps total: 18019 epoch: 1437/3000 frames: 47054848
mean_rewards:  [-44.71] last_mean_rewards:  -43.361504
fps step: 34804 fps step and policy inference: 32682 fps total: 17935 epoch: 1438/3000 frames: 47087616
mean_rewards:  [-45.44] last_mean_rewards:  -43.361504
fps step: 35130 fps step and policy inference: 33004 fps total: 18016 epoch: 1439/3000 frames: 47120384
mean_rewards:  [-45.65] last_mean_rewards:  -43.361504
fps step: 34871 fps step and policy inference: 32859 fps total: 17966 epoch: 1440/3000 frames: 47153152
mean_rewards:  [-44.35] last_mean_rewards:  -43.361504
fps step: 35103 fps step and policy inference: 33031 fps total: 18021 epoch: 1441/3000 frames: 47185920
mean_rewards:  [-45.42] last_mean_rewards:  -43.361504
fps step: 35345 fps step and policy inference: 33280 fps total: 18107 epoch: 1442/3000 frames: 47218688
mean_rewards:  [-45.4] last_mean_rewards:  -43.361504
fps step: 35437 fps step and policy inference: 33292 fps total: 18178 epoch: 1443/3000 frames: 47251456
mean_rewards:  [-44.89] last_mean_rewards:  -43.361504
fps step: 35233 fps step and policy inference: 33120 fps total: 18239 epoch: 1444/3000 frames: 47284224
mean_rewards:  [-44.72] last_mean_rewards:  -43.361504
fps step: 35243 fps step and policy inference: 33141 fps total: 18143 epoch: 1445/3000 frames: 47316992
mean_rewards:  [-44.44] last_mean_rewards:  -43.361504
fps step: 35164 fps step and policy inference: 32995 fps total: 18159 epoch: 1446/3000 frames: 47349760
mean_rewards:  [-44.77] last_mean_rewards:  -43.361504
fps step: 35153 fps step and policy inference: 33138 fps total: 18125 epoch: 1447/3000 frames: 47382528
mean_rewards:  [-45.1] last_mean_rewards:  -43.361504
fps step: 34724 fps step and policy inference: 32721 fps total: 17947 epoch: 1448/3000 frames: 47415296
mean_rewards:  [-44.72] last_mean_rewards:  -43.361504
fps step: 34707 fps step and policy inference: 32688 fps total: 17929 epoch: 1449/3000 frames: 47448064
mean_rewards:  [-45.12] last_mean_rewards:  -43.361504
fps step: 35217 fps step and policy inference: 33142 fps total: 18090 epoch: 1450/3000 frames: 47480832
mean_rewards:  [-44.26] last_mean_rewards:  -43.361504
fps step: 35346 fps step and policy inference: 33291 fps total: 18108 epoch: 1451/3000 frames: 47513600
mean_rewards:  [-45.41] last_mean_rewards:  -43.361504
fps step: 35094 fps step and policy inference: 33035 fps total: 18055 epoch: 1452/3000 frames: 47546368
mean_rewards:  [-45.92] last_mean_rewards:  -43.361504
fps step: 34894 fps step and policy inference: 32855 fps total: 17964 epoch: 1453/3000 frames: 47579136
mean_rewards:  [-44.54] last_mean_rewards:  -43.361504
fps step: 34380 fps step and policy inference: 32386 fps total: 17944 epoch: 1454/3000 frames: 47611904
mean_rewards:  [-44.55] last_mean_rewards:  -43.361504
fps step: 34421 fps step and policy inference: 32116 fps total: 17627 epoch: 1455/3000 frames: 47644672
mean_rewards:  [-45.52] last_mean_rewards:  -43.361504
fps step: 34595 fps step and policy inference: 32407 fps total: 17739 epoch: 1456/3000 frames: 47677440
mean_rewards:  [-44.52] last_mean_rewards:  -43.361504
fps step: 35458 fps step and policy inference: 33394 fps total: 18127 epoch: 1457/3000 frames: 47710208
mean_rewards:  [-46.27] last_mean_rewards:  -43.361504
fps step: 34843 fps step and policy inference: 32823 fps total: 17931 epoch: 1458/3000 frames: 47742976
mean_rewards:  [-47.19] last_mean_rewards:  -43.361504
fps step: 34998 fps step and policy inference: 32968 fps total: 18022 epoch: 1459/3000 frames: 47775744
mean_rewards:  [-46.65] last_mean_rewards:  -43.361504
fps step: 35389 fps step and policy inference: 33322 fps total: 18191 epoch: 1460/3000 frames: 47808512
mean_rewards:  [-46.66] last_mean_rewards:  -43.361504
fps step: 35613 fps step and policy inference: 33537 fps total: 18044 epoch: 1461/3000 frames: 47841280
mean_rewards:  [-46.19] last_mean_rewards:  -43.361504
fps step: 34800 fps step and policy inference: 32567 fps total: 17759 epoch: 1462/3000 frames: 47874048
mean_rewards:  [-45.72] last_mean_rewards:  -43.361504
fps step: 34679 fps step and policy inference: 32681 fps total: 17920 epoch: 1463/3000 frames: 47906816
mean_rewards:  [-46.28] last_mean_rewards:  -43.361504
fps step: 34767 fps step and policy inference: 32754 fps total: 18063 epoch: 1464/3000 frames: 47939584
mean_rewards:  [-45.08] last_mean_rewards:  -43.361504
fps step: 35519 fps step and policy inference: 33469 fps total: 18242 epoch: 1465/3000 frames: 47972352
mean_rewards:  [-45.55] last_mean_rewards:  -43.361504
fps step: 34895 fps step and policy inference: 32873 fps total: 18134 epoch: 1466/3000 frames: 48005120
mean_rewards:  [-45.56] last_mean_rewards:  -43.361504
fps step: 34950 fps step and policy inference: 32926 fps total: 18064 epoch: 1467/3000 frames: 48037888
mean_rewards:  [-47.94] last_mean_rewards:  -43.361504
fps step: 34556 fps step and policy inference: 32563 fps total: 17996 epoch: 1468/3000 frames: 48070656
mean_rewards:  [-45.35] last_mean_rewards:  -43.361504
fps step: 34686 fps step and policy inference: 32707 fps total: 18076 epoch: 1469/3000 frames: 48103424
mean_rewards:  [-46.7] last_mean_rewards:  -43.361504
fps step: 35033 fps step and policy inference: 33012 fps total: 18146 epoch: 1470/3000 frames: 48136192
mean_rewards:  [-45.54] last_mean_rewards:  -43.361504
fps step: 34997 fps step and policy inference: 32983 fps total: 18115 epoch: 1471/3000 frames: 48168960
mean_rewards:  [-46.4] last_mean_rewards:  -43.361504
fps step: 34955 fps step and policy inference: 32930 fps total: 18195 epoch: 1472/3000 frames: 48201728
mean_rewards:  [-45.5] last_mean_rewards:  -43.361504
fps step: 35139 fps step and policy inference: 33093 fps total: 18205 epoch: 1473/3000 frames: 48234496
mean_rewards:  [-45.14] last_mean_rewards:  -43.361504
fps step: 35121 fps step and policy inference: 33091 fps total: 18174 epoch: 1474/3000 frames: 48267264
mean_rewards:  [-46.08] last_mean_rewards:  -43.361504
fps step: 35396 fps step and policy inference: 33345 fps total: 18284 epoch: 1475/3000 frames: 48300032
mean_rewards:  [-45.19] last_mean_rewards:  -43.361504
fps step: 35031 fps step and policy inference: 32998 fps total: 18191 epoch: 1476/3000 frames: 48332800
mean_rewards:  [-46.06] last_mean_rewards:  -43.361504
fps step: 35194 fps step and policy inference: 33165 fps total: 18266 epoch: 1477/3000 frames: 48365568
mean_rewards:  [-45.32] last_mean_rewards:  -43.361504
fps step: 34699 fps step and policy inference: 32699 fps total: 18109 epoch: 1478/3000 frames: 48398336
mean_rewards:  [-47.01] last_mean_rewards:  -43.361504
fps step: 35223 fps step and policy inference: 33202 fps total: 18256 epoch: 1479/3000 frames: 48431104
mean_rewards:  [-46.09] last_mean_rewards:  -43.361504
fps step: 34899 fps step and policy inference: 32933 fps total: 18197 epoch: 1480/3000 frames: 48463872
mean_rewards:  [-45.7] last_mean_rewards:  -43.361504
fps step: 34470 fps step and policy inference: 32396 fps total: 17196 epoch: 1481/3000 frames: 48496640
mean_rewards:  [-45.32] last_mean_rewards:  -43.361504
fps step: 33572 fps step and policy inference: 31455 fps total: 16890 epoch: 1482/3000 frames: 48529408
mean_rewards:  [-45.5] last_mean_rewards:  -43.361504
fps step: 33902 fps step and policy inference: 31754 fps total: 17017 epoch: 1483/3000 frames: 48562176
mean_rewards:  [-45.95] last_mean_rewards:  -43.361504
fps step: 34341 fps step and policy inference: 32215 fps total: 17150 epoch: 1484/3000 frames: 48594944
mean_rewards:  [-45.5] last_mean_rewards:  -43.361504
fps step: 34137 fps step and policy inference: 31976 fps total: 17122 epoch: 1485/3000 frames: 48627712
mean_rewards:  [-45.27] last_mean_rewards:  -43.361504
fps step: 33992 fps step and policy inference: 31847 fps total: 17033 epoch: 1486/3000 frames: 48660480
mean_rewards:  [-44.96] last_mean_rewards:  -43.361504
fps step: 34159 fps step and policy inference: 32047 fps total: 17115 epoch: 1487/3000 frames: 48693248
mean_rewards:  [-44.96] last_mean_rewards:  -43.361504
fps step: 35108 fps step and policy inference: 33034 fps total: 17384 epoch: 1488/3000 frames: 48726016
mean_rewards:  [-45.65] last_mean_rewards:  -43.361504
fps step: 35217 fps step and policy inference: 33147 fps total: 17403 epoch: 1489/3000 frames: 48758784
mean_rewards:  [-45.17] last_mean_rewards:  -43.361504
fps step: 34387 fps step and policy inference: 32212 fps total: 17144 epoch: 1490/3000 frames: 48791552
mean_rewards:  [-45.62] last_mean_rewards:  -43.361504
fps step: 34181 fps step and policy inference: 32052 fps total: 17154 epoch: 1491/3000 frames: 48824320
mean_rewards:  [-45.24] last_mean_rewards:  -43.361504
fps step: 34627 fps step and policy inference: 32637 fps total: 17358 epoch: 1492/3000 frames: 48857088
mean_rewards:  [-46.55] last_mean_rewards:  -43.361504
fps step: 34963 fps step and policy inference: 32941 fps total: 17439 epoch: 1493/3000 frames: 48889856
mean_rewards:  [-45.39] last_mean_rewards:  -43.361504
fps step: 34510 fps step and policy inference: 32428 fps total: 17287 epoch: 1494/3000 frames: 48922624
mean_rewards:  [-45.9] last_mean_rewards:  -43.361504
fps step: 34075 fps step and policy inference: 32066 fps total: 17169 epoch: 1495/3000 frames: 48955392
mean_rewards:  [-45.88] last_mean_rewards:  -43.361504
fps step: 34103 fps step and policy inference: 31914 fps total: 17124 epoch: 1496/3000 frames: 48988160
mean_rewards:  [-45.16] last_mean_rewards:  -43.361504
fps step: 34023 fps step and policy inference: 31814 fps total: 16972 epoch: 1497/3000 frames: 49020928
mean_rewards:  [-45.8] last_mean_rewards:  -43.361504
fps step: 34452 fps step and policy inference: 32273 fps total: 17036 epoch: 1498/3000 frames: 49053696
mean_rewards:  [-45.14] last_mean_rewards:  -43.361504
fps step: 34160 fps step and policy inference: 31990 fps total: 16986 epoch: 1499/3000 frames: 49086464
mean_rewards:  [-44.87] last_mean_rewards:  -43.361504
fps step: 33949 fps step and policy inference: 31835 fps total: 16947 epoch: 1500/3000 frames: 49119232
mean_rewards:  [-45.6] last_mean_rewards:  -43.361504
fps step: 34186 fps step and policy inference: 32024 fps total: 17025 epoch: 1501/3000 frames: 49152000
mean_rewards:  [-45.01] last_mean_rewards:  -43.361504
fps step: 34057 fps step and policy inference: 31909 fps total: 16966 epoch: 1502/3000 frames: 49184768
mean_rewards:  [-45.8] last_mean_rewards:  -43.361504
fps step: 34526 fps step and policy inference: 32327 fps total: 17061 epoch: 1503/3000 frames: 49217536
mean_rewards:  [-45.28] last_mean_rewards:  -43.361504
fps step: 34088 fps step and policy inference: 31953 fps total: 17012 epoch: 1504/3000 frames: 49250304
mean_rewards:  [-44.99] last_mean_rewards:  -43.361504
fps step: 33794 fps step and policy inference: 31659 fps total: 16878 epoch: 1505/3000 frames: 49283072
mean_rewards:  [-45.85] last_mean_rewards:  -43.361504
fps step: 34012 fps step and policy inference: 31875 fps total: 16975 epoch: 1506/3000 frames: 49315840
mean_rewards:  [-46.83] last_mean_rewards:  -43.361504
fps step: 34363 fps step and policy inference: 32186 fps total: 17069 epoch: 1507/3000 frames: 49348608
mean_rewards:  [-44.98] last_mean_rewards:  -43.361504
fps step: 34819 fps step and policy inference: 32608 fps total: 17030 epoch: 1508/3000 frames: 49381376
mean_rewards:  [-45.45] last_mean_rewards:  -43.361504
fps step: 34424 fps step and policy inference: 32274 fps total: 17204 epoch: 1509/3000 frames: 49414144
mean_rewards:  [-45.78] last_mean_rewards:  -43.361504
fps step: 33917 fps step and policy inference: 31787 fps total: 17108 epoch: 1510/3000 frames: 49446912
mean_rewards:  [-45.97] last_mean_rewards:  -43.361504
fps step: 34469 fps step and policy inference: 32404 fps total: 17254 epoch: 1511/3000 frames: 49479680
mean_rewards:  [-46.06] last_mean_rewards:  -43.361504
fps step: 34898 fps step and policy inference: 32687 fps total: 17270 epoch: 1512/3000 frames: 49512448
mean_rewards:  [-45.63] last_mean_rewards:  -43.361504
fps step: 35063 fps step and policy inference: 32944 fps total: 17480 epoch: 1513/3000 frames: 49545216
mean_rewards:  [-46.36] last_mean_rewards:  -43.361504
fps step: 34510 fps step and policy inference: 32452 fps total: 17272 epoch: 1514/3000 frames: 49577984
mean_rewards:  [-46.71] last_mean_rewards:  -43.361504
fps step: 34864 fps step and policy inference: 32723 fps total: 17347 epoch: 1515/3000 frames: 49610752
mean_rewards:  [-45.62] last_mean_rewards:  -43.361504
fps step: 34560 fps step and policy inference: 32554 fps total: 17271 epoch: 1516/3000 frames: 49643520
mean_rewards:  [-45.19] last_mean_rewards:  -43.361504
fps step: 34638 fps step and policy inference: 32485 fps total: 17185 epoch: 1517/3000 frames: 49676288
mean_rewards:  [-46.55] last_mean_rewards:  -43.361504
fps step: 35106 fps step and policy inference: 33094 fps total: 17404 epoch: 1518/3000 frames: 49709056
mean_rewards:  [-45.88] last_mean_rewards:  -43.361504
fps step: 34585 fps step and policy inference: 32612 fps total: 17189 epoch: 1519/3000 frames: 49741824
mean_rewards:  [-46.13] last_mean_rewards:  -43.361504
fps step: 34934 fps step and policy inference: 32916 fps total: 17221 epoch: 1520/3000 frames: 49774592
mean_rewards:  [-46.48] last_mean_rewards:  -43.361504
fps step: 35113 fps step and policy inference: 33098 fps total: 17230 epoch: 1521/3000 frames: 49807360
mean_rewards:  [-44.88] last_mean_rewards:  -43.361504
fps step: 34991 fps step and policy inference: 32909 fps total: 17174 epoch: 1522/3000 frames: 49840128
mean_rewards:  [-46.23] last_mean_rewards:  -43.361504
fps step: 34599 fps step and policy inference: 32540 fps total: 17069 epoch: 1523/3000 frames: 49872896
mean_rewards:  [-45.17] last_mean_rewards:  -43.361504
fps step: 34190 fps step and policy inference: 32183 fps total: 16956 epoch: 1524/3000 frames: 49905664
mean_rewards:  [-45.68] last_mean_rewards:  -43.361504
fps step: 34141 fps step and policy inference: 32140 fps total: 16972 epoch: 1525/3000 frames: 49938432
mean_rewards:  [-45.6] last_mean_rewards:  -43.361504
fps step: 34825 fps step and policy inference: 32759 fps total: 17208 epoch: 1526/3000 frames: 49971200
mean_rewards:  [-45.75] last_mean_rewards:  -43.361504
fps step: 34908 fps step and policy inference: 32825 fps total: 17128 epoch: 1527/3000 frames: 50003968
mean_rewards:  [-45.41] last_mean_rewards:  -43.361504
fps step: 34455 fps step and policy inference: 32422 fps total: 17049 epoch: 1528/3000 frames: 50036736
mean_rewards:  [-44.9] last_mean_rewards:  -43.361504
fps step: 34973 fps step and policy inference: 32903 fps total: 17813 epoch: 1529/3000 frames: 50069504
mean_rewards:  [-44.83] last_mean_rewards:  -43.361504
fps step: 35106 fps step and policy inference: 33025 fps total: 17801 epoch: 1530/3000 frames: 50102272
mean_rewards:  [-45.28] last_mean_rewards:  -43.361504
fps step: 35357 fps step and policy inference: 33256 fps total: 17886 epoch: 1531/3000 frames: 50135040
mean_rewards:  [-45.41] last_mean_rewards:  -43.361504
fps step: 35276 fps step and policy inference: 33197 fps total: 17972 epoch: 1532/3000 frames: 50167808
mean_rewards:  [-45.33] last_mean_rewards:  -43.361504
fps step: 34583 fps step and policy inference: 32623 fps total: 17785 epoch: 1533/3000 frames: 50200576
mean_rewards:  [-45.4] last_mean_rewards:  -43.361504
fps step: 34644 fps step and policy inference: 32665 fps total: 17802 epoch: 1534/3000 frames: 50233344
mean_rewards:  [-46.11] last_mean_rewards:  -43.361504
fps step: 34714 fps step and policy inference: 32711 fps total: 17504 epoch: 1535/3000 frames: 50266112
mean_rewards:  [-45.46] last_mean_rewards:  -43.361504
fps step: 34618 fps step and policy inference: 32574 fps total: 17133 epoch: 1536/3000 frames: 50298880
mean_rewards:  [-45.88] last_mean_rewards:  -43.361504
fps step: 34748 fps step and policy inference: 32754 fps total: 17302 epoch: 1537/3000 frames: 50331648
mean_rewards:  [-45.19] last_mean_rewards:  -43.361504
fps step: 34752 fps step and policy inference: 32759 fps total: 17308 epoch: 1538/3000 frames: 50364416
mean_rewards:  [-45.09] last_mean_rewards:  -43.361504
fps step: 36129 fps step and policy inference: 34000 fps total: 17526 epoch: 1539/3000 frames: 50397184
mean_rewards:  [-45.68] last_mean_rewards:  -43.361504
fps step: 35873 fps step and policy inference: 33661 fps total: 17485 epoch: 1540/3000 frames: 50429952
mean_rewards:  [-45.47] last_mean_rewards:  -43.361504
fps step: 35085 fps step and policy inference: 33017 fps total: 17227 epoch: 1541/3000 frames: 50462720
mean_rewards:  [-45.19] last_mean_rewards:  -43.361504
fps step: 34323 fps step and policy inference: 32307 fps total: 17065 epoch: 1542/3000 frames: 50495488
mean_rewards:  [-45.15] last_mean_rewards:  -43.361504
fps step: 35136 fps step and policy inference: 33081 fps total: 18075 epoch: 1543/3000 frames: 50528256
mean_rewards:  [-45.04] last_mean_rewards:  -43.361504
fps step: 35291 fps step and policy inference: 33286 fps total: 18172 epoch: 1544/3000 frames: 50561024
mean_rewards:  [-45.35] last_mean_rewards:  -43.361504
fps step: 35310 fps step and policy inference: 33310 fps total: 18145 epoch: 1545/3000 frames: 50593792
mean_rewards:  [-45.88] last_mean_rewards:  -43.361504
fps step: 35035 fps step and policy inference: 33046 fps total: 18083 epoch: 1546/3000 frames: 50626560
mean_rewards:  [-45.34] last_mean_rewards:  -43.361504
fps step: 34591 fps step and policy inference: 32651 fps total: 17997 epoch: 1547/3000 frames: 50659328
mean_rewards:  [-45.36] last_mean_rewards:  -43.361504
fps step: 34751 fps step and policy inference: 32790 fps total: 18010 epoch: 1548/3000 frames: 50692096
mean_rewards:  [-45.95] last_mean_rewards:  -43.361504
fps step: 35764 fps step and policy inference: 33705 fps total: 18214 epoch: 1549/3000 frames: 50724864
mean_rewards:  [-45.63] last_mean_rewards:  -43.361504
fps step: 35027 fps step and policy inference: 33050 fps total: 18111 epoch: 1550/3000 frames: 50757632
mean_rewards:  [-46.02] last_mean_rewards:  -43.361504
fps step: 34528 fps step and policy inference: 32576 fps total: 17913 epoch: 1551/3000 frames: 50790400
mean_rewards:  [-45.27] last_mean_rewards:  -43.361504
fps step: 34907 fps step and policy inference: 32925 fps total: 18008 epoch: 1552/3000 frames: 50823168
mean_rewards:  [-45.7] last_mean_rewards:  -43.361504
fps step: 34959 fps step and policy inference: 32986 fps total: 17954 epoch: 1553/3000 frames: 50855936
mean_rewards:  [-46.43] last_mean_rewards:  -43.361504
fps step: 35047 fps step and policy inference: 33042 fps total: 17969 epoch: 1554/3000 frames: 50888704
mean_rewards:  [-45.58] last_mean_rewards:  -43.361504
fps step: 34982 fps step and policy inference: 32984 fps total: 17979 epoch: 1555/3000 frames: 50921472
mean_rewards:  [-45.95] last_mean_rewards:  -43.361504
fps step: 34895 fps step and policy inference: 32921 fps total: 18005 epoch: 1556/3000 frames: 50954240
mean_rewards:  [-45.2] last_mean_rewards:  -43.361504
fps step: 34904 fps step and policy inference: 32921 fps total: 17960 epoch: 1557/3000 frames: 50987008
mean_rewards:  [-45.41] last_mean_rewards:  -43.361504
fps step: 34968 fps step and policy inference: 32994 fps total: 18084 epoch: 1558/3000 frames: 51019776
mean_rewards:  [-45.59] last_mean_rewards:  -43.361504
fps step: 34651 fps step and policy inference: 32520 fps total: 17976 epoch: 1559/3000 frames: 51052544
mean_rewards:  [-45.79] last_mean_rewards:  -43.361504
fps step: 34120 fps step and policy inference: 31833 fps total: 17683 epoch: 1560/3000 frames: 51085312
mean_rewards:  [-45.41] last_mean_rewards:  -43.361504
fps step: 34170 fps step and policy inference: 31972 fps total: 17714 epoch: 1561/3000 frames: 51118080
mean_rewards:  [-45.75] last_mean_rewards:  -43.361504
fps step: 34273 fps step and policy inference: 32295 fps total: 17799 epoch: 1562/3000 frames: 51150848
mean_rewards:  [-46.08] last_mean_rewards:  -43.361504
fps step: 34849 fps step and policy inference: 32842 fps total: 18054 epoch: 1563/3000 frames: 51183616
mean_rewards:  [-45.41] last_mean_rewards:  -43.361504
fps step: 34920 fps step and policy inference: 32911 fps total: 18164 epoch: 1564/3000 frames: 51216384
mean_rewards:  [-44.85] last_mean_rewards:  -43.361504
fps step: 34057 fps step and policy inference: 32125 fps total: 17872 epoch: 1565/3000 frames: 51249152
mean_rewards:  [-45.58] last_mean_rewards:  -43.361504
fps step: 34621 fps step and policy inference: 32631 fps total: 18058 epoch: 1566/3000 frames: 51281920
mean_rewards:  [-46.53] last_mean_rewards:  -43.361504
fps step: 34557 fps step and policy inference: 32585 fps total: 18061 epoch: 1567/3000 frames: 51314688
mean_rewards:  [-45.72] last_mean_rewards:  -43.361504
fps step: 34410 fps step and policy inference: 32265 fps total: 17884 epoch: 1568/3000 frames: 51347456
mean_rewards:  [-45.5] last_mean_rewards:  -43.361504
fps step: 34438 fps step and policy inference: 32451 fps total: 17943 epoch: 1569/3000 frames: 51380224
mean_rewards:  [-46.08] last_mean_rewards:  -43.361504
fps step: 34386 fps step and policy inference: 32447 fps total: 17945 epoch: 1570/3000 frames: 51412992
mean_rewards:  [-46.18] last_mean_rewards:  -43.361504
fps step: 34862 fps step and policy inference: 32774 fps total: 18056 epoch: 1571/3000 frames: 51445760
mean_rewards:  [-45.96] last_mean_rewards:  -43.361504
fps step: 34901 fps step and policy inference: 32759 fps total: 18036 epoch: 1572/3000 frames: 51478528
mean_rewards:  [-45.41] last_mean_rewards:  -43.361504
fps step: 34812 fps step and policy inference: 32737 fps total: 18006 epoch: 1573/3000 frames: 51511296
mean_rewards:  [-45.03] last_mean_rewards:  -43.361504
fps step: 34427 fps step and policy inference: 32392 fps total: 17853 epoch: 1574/3000 frames: 51544064
mean_rewards:  [-44.98] last_mean_rewards:  -43.361504
fps step: 34121 fps step and policy inference: 32055 fps total: 17791 epoch: 1575/3000 frames: 51576832
mean_rewards:  [-45.36] last_mean_rewards:  -43.361504
fps step: 34207 fps step and policy inference: 32149 fps total: 17838 epoch: 1576/3000 frames: 51609600
mean_rewards:  [-47.28] last_mean_rewards:  -43.361504
fps step: 34865 fps step and policy inference: 32793 fps total: 17988 epoch: 1577/3000 frames: 51642368
mean_rewards:  [-45.79] last_mean_rewards:  -43.361504
fps step: 34579 fps step and policy inference: 32505 fps total: 17904 epoch: 1578/3000 frames: 51675136
mean_rewards:  [-45.75] last_mean_rewards:  -43.361504
fps step: 34115 fps step and policy inference: 32067 fps total: 17806 epoch: 1579/3000 frames: 51707904
mean_rewards:  [-45.62] last_mean_rewards:  -43.361504
fps step: 34600 fps step and policy inference: 32529 fps total: 17935 epoch: 1580/3000 frames: 51740672
mean_rewards:  [-45.11] last_mean_rewards:  -43.361504
fps step: 34592 fps step and policy inference: 32503 fps total: 17940 epoch: 1581/3000 frames: 51773440
mean_rewards:  [-45.73] last_mean_rewards:  -43.361504
fps step: 34234 fps step and policy inference: 32194 fps total: 17873 epoch: 1582/3000 frames: 51806208
mean_rewards:  [-46.02] last_mean_rewards:  -43.361504
fps step: 34330 fps step and policy inference: 32258 fps total: 17875 epoch: 1583/3000 frames: 51838976
mean_rewards:  [-45.96] last_mean_rewards:  -43.361504
fps step: 34094 fps step and policy inference: 32055 fps total: 17807 epoch: 1584/3000 frames: 51871744
mean_rewards:  [-45.45] last_mean_rewards:  -43.361504
fps step: 34507 fps step and policy inference: 32442 fps total: 17902 epoch: 1585/3000 frames: 51904512
mean_rewards:  [-46.44] last_mean_rewards:  -43.361504
fps step: 34684 fps step and policy inference: 32611 fps total: 17979 epoch: 1586/3000 frames: 51937280
mean_rewards:  [-46.39] last_mean_rewards:  -43.361504
fps step: 34520 fps step and policy inference: 32538 fps total: 18032 epoch: 1587/3000 frames: 51970048
mean_rewards:  [-46.37] last_mean_rewards:  -43.361504
fps step: 34456 fps step and policy inference: 32507 fps total: 18029 epoch: 1588/3000 frames: 52002816
mean_rewards:  [-45.96] last_mean_rewards:  -43.361504
fps step: 34216 fps step and policy inference: 32262 fps total: 17953 epoch: 1589/3000 frames: 52035584
mean_rewards:  [-46.3] last_mean_rewards:  -43.361504
fps step: 34311 fps step and policy inference: 32358 fps total: 17945 epoch: 1590/3000 frames: 52068352
mean_rewards:  [-47.] last_mean_rewards:  -43.361504
fps step: 34530 fps step and policy inference: 32574 fps total: 18060 epoch: 1591/3000 frames: 52101120
mean_rewards:  [-45.95] last_mean_rewards:  -43.361504
fps step: 34521 fps step and policy inference: 32559 fps total: 18035 epoch: 1592/3000 frames: 52133888
mean_rewards:  [-45.77] last_mean_rewards:  -43.361504
fps step: 34302 fps step and policy inference: 32361 fps total: 17958 epoch: 1593/3000 frames: 52166656
mean_rewards:  [-46.21] last_mean_rewards:  -43.361504
fps step: 34390 fps step and policy inference: 32429 fps total: 18006 epoch: 1594/3000 frames: 52199424
mean_rewards:  [-46.23] last_mean_rewards:  -43.361504
fps step: 34607 fps step and policy inference: 32654 fps total: 18084 epoch: 1595/3000 frames: 52232192
mean_rewards:  [-46.] last_mean_rewards:  -43.361504
fps step: 34603 fps step and policy inference: 32524 fps total: 17929 epoch: 1596/3000 frames: 52264960
mean_rewards:  [-45.54] last_mean_rewards:  -43.361504
fps step: 33940 fps step and policy inference: 31745 fps total: 17541 epoch: 1597/3000 frames: 52297728
mean_rewards:  [-45.61] last_mean_rewards:  -43.361504
fps step: 33863 fps step and policy inference: 31607 fps total: 17565 epoch: 1598/3000 frames: 52330496
mean_rewards:  [-45.8] last_mean_rewards:  -43.361504
fps step: 33902 fps step and policy inference: 31744 fps total: 17634 epoch: 1599/3000 frames: 52363264
mean_rewards:  [-45.93] last_mean_rewards:  -43.361504
fps step: 34706 fps step and policy inference: 32570 fps total: 17865 epoch: 1600/3000 frames: 52396032
mean_rewards:  [-46.04] last_mean_rewards:  -43.361504
getting weights with keys: dict_keys(['scaler', 'model'])
=> saving checkpoint './logs/scratch_cube_scratch/tracking_ori_grab_s2_cubesmall_inspect_1_nf_300_obs_pure_state_wref_wdelta_density_500.0_trans_0.5_rot_0.5_goalcond_False__18-02-24-37/nn/last_tracking_ori_grab_s2_cubesmall_inspect_1_nf_300_obs_pure_state_wref_wdelta_density_500.0_trans_0.5_rot_0.5_goalcond_False__ep_1600_rew_-46.039223.pth'
fps step: 34469 fps step and policy inference: 32459 fps total: 17312 epoch: 1601/3000 frames: 52428800
mean_rewards:  [-45.9] last_mean_rewards:  -43.361504
fps step: 34725 fps step and policy inference: 32674 fps total: 17352 epoch: 1602/3000 frames: 52461568
mean_rewards:  [-45.72] last_mean_rewards:  -43.361504
fps step: 34373 fps step and policy inference: 32358 fps total: 17251 epoch: 1603/3000 frames: 52494336
mean_rewards:  [-45.24] last_mean_rewards:  -43.361504
fps step: 34680 fps step and policy inference: 32601 fps total: 17325 epoch: 1604/3000 frames: 52527104
mean_rewards:  [-45.46] last_mean_rewards:  -43.361504
fps step: 34857 fps step and policy inference: 32823 fps total: 17373 epoch: 1605/3000 frames: 52559872
mean_rewards:  [-44.9] last_mean_rewards:  -43.361504
fps step: 34715 fps step and policy inference: 32681 fps total: 17355 epoch: 1606/3000 frames: 52592640
mean_rewards:  [-45.42] last_mean_rewards:  -43.361504
fps step: 34415 fps step and policy inference: 32412 fps total: 17241 epoch: 1607/3000 frames: 52625408
mean_rewards:  [-46.48] last_mean_rewards:  -43.361504
fps step: 34817 fps step and policy inference: 32769 fps total: 17371 epoch: 1608/3000 frames: 52658176
mean_rewards:  [-46.43] last_mean_rewards:  -43.361504
fps step: 34570 fps step and policy inference: 32557 fps total: 17317 epoch: 1609/3000 frames: 52690944
mean_rewards:  [-46.33] last_mean_rewards:  -43.361504
fps step: 34646 fps step and policy inference: 32640 fps total: 17319 epoch: 1610/3000 frames: 52723712
mean_rewards:  [-45.93] last_mean_rewards:  -43.361504
fps step: 34683 fps step and policy inference: 32655 fps total: 17365 epoch: 1611/3000 frames: 52756480
mean_rewards:  [-45.53] last_mean_rewards:  -43.361504
fps step: 34314 fps step and policy inference: 32201 fps total: 17628 epoch: 1612/3000 frames: 52789248
mean_rewards:  [-45.89] last_mean_rewards:  -43.361504
fps step: 34352 fps step and policy inference: 32211 fps total: 17648 epoch: 1613/3000 frames: 52822016
mean_rewards:  [-45.11] last_mean_rewards:  -43.361504
fps step: 34589 fps step and policy inference: 32411 fps total: 17717 epoch: 1614/3000 frames: 52854784
mean_rewards:  [-45.88] last_mean_rewards:  -43.361504
fps step: 34802 fps step and policy inference: 32794 fps total: 17990 epoch: 1615/3000 frames: 52887552
mean_rewards:  [-45.58] last_mean_rewards:  -43.361504
fps step: 34376 fps step and policy inference: 32431 fps total: 17891 epoch: 1616/3000 frames: 52920320
mean_rewards:  [-45.1] last_mean_rewards:  -43.361504
fps step: 34063 fps step and policy inference: 32131 fps total: 17807 epoch: 1617/3000 frames: 52953088
mean_rewards:  [-46.] last_mean_rewards:  -43.361504
fps step: 34645 fps step and policy inference: 32652 fps total: 17950 epoch: 1618/3000 frames: 52985856
mean_rewards:  [-46.1] last_mean_rewards:  -43.361504
fps step: 34719 fps step and policy inference: 32727 fps total: 17953 epoch: 1619/3000 frames: 53018624
mean_rewards:  [-45.87] last_mean_rewards:  -43.361504
fps step: 35402 fps step and policy inference: 33297 fps total: 18013 epoch: 1620/3000 frames: 53051392
mean_rewards:  [-46.1] last_mean_rewards:  -43.361504
fps step: 33643 fps step and policy inference: 31733 fps total: 17554 epoch: 1621/3000 frames: 53084160
mean_rewards:  [-45.84] last_mean_rewards:  -43.361504
fps step: 34300 fps step and policy inference: 32356 fps total: 17760 epoch: 1622/3000 frames: 53116928
mean_rewards:  [-45.21] last_mean_rewards:  -43.361504
fps step: 34080 fps step and policy inference: 31899 fps total: 17016 epoch: 1623/3000 frames: 53149696
mean_rewards:  [-46.22] last_mean_rewards:  -43.361504
fps step: 34097 fps step and policy inference: 31982 fps total: 17015 epoch: 1624/3000 frames: 53182464
mean_rewards:  [-45.99] last_mean_rewards:  -43.361504
fps step: 33963 fps step and policy inference: 31837 fps total: 16882 epoch: 1625/3000 frames: 53215232
mean_rewards:  [-46.31] last_mean_rewards:  -43.361504
fps step: 33137 fps step and policy inference: 31094 fps total: 16131 epoch: 1626/3000 frames: 53248000
mean_rewards:  [-45.7] last_mean_rewards:  -43.361504
fps step: 34165 fps step and policy inference: 32256 fps total: 17210 epoch: 1627/3000 frames: 53280768
mean_rewards:  [-47.33] last_mean_rewards:  -43.361504
fps step: 34743 fps step and policy inference: 32803 fps total: 17404 epoch: 1628/3000 frames: 53313536
mean_rewards:  [-45.8] last_mean_rewards:  -43.361504
fps step: 34586 fps step and policy inference: 32649 fps total: 16890 epoch: 1629/3000 frames: 53346304
mean_rewards:  [-45.74] last_mean_rewards:  -43.361504
fps step: 34213 fps step and policy inference: 32155 fps total: 17172 epoch: 1630/3000 frames: 53379072
mean_rewards:  [-45.38] last_mean_rewards:  -43.361504
fps step: 33841 fps step and policy inference: 31803 fps total: 17040 epoch: 1631/3000 frames: 53411840
mean_rewards:  [-46.18] last_mean_rewards:  -43.361504
fps step: 34040 fps step and policy inference: 31893 fps total: 16949 epoch: 1632/3000 frames: 53444608
mean_rewards:  [-46.22] last_mean_rewards:  -43.361504
fps step: 34324 fps step and policy inference: 32280 fps total: 17191 epoch: 1633/3000 frames: 53477376
mean_rewards:  [-46.48] last_mean_rewards:  -43.361504
fps step: 34168 fps step and policy inference: 32137 fps total: 17145 epoch: 1634/3000 frames: 53510144
mean_rewards:  [-45.28] last_mean_rewards:  -43.361504
fps step: 33986 fps step and policy inference: 32023 fps total: 17216 epoch: 1635/3000 frames: 53542912
mean_rewards:  [-45.6] last_mean_rewards:  -43.361504
fps step: 34488 fps step and policy inference: 32509 fps total: 17352 epoch: 1636/3000 frames: 53575680
mean_rewards:  [-45.01] last_mean_rewards:  -43.361504
fps step: 34392 fps step and policy inference: 32420 fps total: 17283 epoch: 1637/3000 frames: 53608448
mean_rewards:  [-46.23] last_mean_rewards:  -43.361504
fps step: 34313 fps step and policy inference: 32247 fps total: 17261 epoch: 1638/3000 frames: 53641216
mean_rewards:  [-46.29] last_mean_rewards:  -43.361504
fps step: 34608 fps step and policy inference: 32605 fps total: 17299 epoch: 1639/3000 frames: 53673984
mean_rewards:  [-45.95] last_mean_rewards:  -43.361504
fps step: 34278 fps step and policy inference: 32325 fps total: 17201 epoch: 1640/3000 frames: 53706752
mean_rewards:  [-46.29] last_mean_rewards:  -43.361504
fps step: 34315 fps step and policy inference: 32232 fps total: 17238 epoch: 1641/3000 frames: 53739520
mean_rewards:  [-46.39] last_mean_rewards:  -43.361504
fps step: 34777 fps step and policy inference: 32761 fps total: 17363 epoch: 1642/3000 frames: 53772288
mean_rewards:  [-45.55] last_mean_rewards:  -43.361504
fps step: 34814 fps step and policy inference: 32798 fps total: 17440 epoch: 1643/3000 frames: 53805056
mean_rewards:  [-46.06] last_mean_rewards:  -43.361504
fps step: 34180 fps step and policy inference: 32156 fps total: 17281 epoch: 1644/3000 frames: 53837824
mean_rewards:  [-45.86] last_mean_rewards:  -43.361504
fps step: 33895 fps step and policy inference: 31933 fps total: 17146 epoch: 1645/3000 frames: 53870592
mean_rewards:  [-45.07] last_mean_rewards:  -43.361504
fps step: 34472 fps step and policy inference: 32486 fps total: 17322 epoch: 1646/3000 frames: 53903360
mean_rewards:  [-46.26] last_mean_rewards:  -43.361504
fps step: 34592 fps step and policy inference: 32509 fps total: 17339 epoch: 1647/3000 frames: 53936128
mean_rewards:  [-46.06] last_mean_rewards:  -43.361504
fps step: 34437 fps step and policy inference: 32418 fps total: 17175 epoch: 1648/3000 frames: 53968896
mean_rewards:  [-46.37] last_mean_rewards:  -43.361504
fps step: 34351 fps step and policy inference: 32316 fps total: 17269 epoch: 1649/3000 frames: 54001664
mean_rewards:  [-46.2] last_mean_rewards:  -43.361504
fps step: 34858 fps step and policy inference: 32848 fps total: 17419 epoch: 1650/3000 frames: 54034432
mean_rewards:  [-46.06] last_mean_rewards:  -43.361504
fps step: 34915 fps step and policy inference: 32945 fps total: 17441 epoch: 1651/3000 frames: 54067200
mean_rewards:  [-45.98] last_mean_rewards:  -43.361504
fps step: 35488 fps step and policy inference: 33470 fps total: 17484 epoch: 1652/3000 frames: 54099968
mean_rewards:  [-46.52] last_mean_rewards:  -43.361504
fps step: 35141 fps step and policy inference: 33099 fps total: 17381 epoch: 1653/3000 frames: 54132736
mean_rewards:  [-45.83] last_mean_rewards:  -43.361504
fps step: 34614 fps step and policy inference: 32619 fps total: 17290 epoch: 1654/3000 frames: 54165504
mean_rewards:  [-45.76] last_mean_rewards:  -43.361504
fps step: 34031 fps step and policy inference: 31975 fps total: 17159 epoch: 1655/3000 frames: 54198272
mean_rewards:  [-46.35] last_mean_rewards:  -43.361504
fps step: 34789 fps step and policy inference: 32774 fps total: 17351 epoch: 1656/3000 frames: 54231040
mean_rewards:  [-45.85] last_mean_rewards:  -43.361504
fps step: 34945 fps step and policy inference: 32714 fps total: 17289 epoch: 1657/3000 frames: 54263808
mean_rewards:  [-45.94] last_mean_rewards:  -43.361504
fps step: 34895 fps step and policy inference: 32777 fps total: 17229 epoch: 1658/3000 frames: 54296576
mean_rewards:  [-45.36] last_mean_rewards:  -43.361504
fps step: 34298 fps step and policy inference: 32156 fps total: 17201 epoch: 1659/3000 frames: 54329344
mean_rewards:  [-45.71] last_mean_rewards:  -43.361504
fps step: 34059 fps step and policy inference: 31977 fps total: 17189 epoch: 1660/3000 frames: 54362112
mean_rewards:  [-45.82] last_mean_rewards:  -43.361504
fps step: 35547 fps step and policy inference: 33360 fps total: 17418 epoch: 1661/3000 frames: 54394880
mean_rewards:  [-45.5] last_mean_rewards:  -43.361504
fps step: 35849 fps step and policy inference: 33268 fps total: 16222 epoch: 1662/3000 frames: 54427648
mean_rewards:  [-44.71] last_mean_rewards:  -43.361504
fps step: 35916 fps step and policy inference: 33469 fps total: 18294 epoch: 1663/3000 frames: 54460416
mean_rewards:  [-45.42] last_mean_rewards:  -43.361504
fps step: 35407 fps step and policy inference: 33132 fps total: 18211 epoch: 1664/3000 frames: 54493184
mean_rewards:  [-45.33] last_mean_rewards:  -43.361504
fps step: 34711 fps step and policy inference: 32604 fps total: 17987 epoch: 1665/3000 frames: 54525952
mean_rewards:  [-44.69] last_mean_rewards:  -43.361504
fps step: 34508 fps step and policy inference: 32479 fps total: 17948 epoch: 1666/3000 frames: 54558720
mean_rewards:  [-44.97] last_mean_rewards:  -43.361504
fps step: 34257 fps step and policy inference: 32320 fps total: 17770 epoch: 1667/3000 frames: 54591488
mean_rewards:  [-44.73] last_mean_rewards:  -43.361504
fps step: 34320 fps step and policy inference: 32334 fps total: 17157 epoch: 1668/3000 frames: 54624256
mean_rewards:  [-45.2] last_mean_rewards:  -43.361504
fps step: 34979 fps step and policy inference: 32983 fps total: 17324 epoch: 1669/3000 frames: 54657024
mean_rewards:  [-45.92] last_mean_rewards:  -43.361504
fps step: 35085 fps step and policy inference: 33086 fps total: 17497 epoch: 1670/3000 frames: 54689792
mean_rewards:  [-44.95] last_mean_rewards:  -43.361504
fps step: 34827 fps step and policy inference: 32852 fps total: 17278 epoch: 1671/3000 frames: 54722560
mean_rewards:  [-44.8] last_mean_rewards:  -43.361504
fps step: 34799 fps step and policy inference: 32846 fps total: 17265 epoch: 1672/3000 frames: 54755328
mean_rewards:  [-45.07] last_mean_rewards:  -43.361504
fps step: 34861 fps step and policy inference: 32861 fps total: 17681 epoch: 1673/3000 frames: 54788096
mean_rewards:  [-44.93] last_mean_rewards:  -43.361504
fps step: 34861 fps step and policy inference: 32894 fps total: 18016 epoch: 1674/3000 frames: 54820864
mean_rewards:  [-45.65] last_mean_rewards:  -43.361504
fps step: 34792 fps step and policy inference: 32838 fps total: 18040 epoch: 1675/3000 frames: 54853632
mean_rewards:  [-45.32] last_mean_rewards:  -43.361504
fps step: 34884 fps step and policy inference: 32951 fps total: 18034 epoch: 1676/3000 frames: 54886400
mean_rewards:  [-44.51] last_mean_rewards:  -43.361504
fps step: 34676 fps step and policy inference: 32711 fps total: 17918 epoch: 1677/3000 frames: 54919168
mean_rewards:  [-44.33] last_mean_rewards:  -43.361504
fps step: 34958 fps step and policy inference: 32975 fps total: 17611 epoch: 1678/3000 frames: 54951936
mean_rewards:  [-44.52] last_mean_rewards:  -43.361504
fps step: 34139 fps step and policy inference: 32137 fps total: 17218 epoch: 1679/3000 frames: 54984704
mean_rewards:  [-45.06] last_mean_rewards:  -43.361504
fps step: 34030 fps step and policy inference: 31779 fps total: 17013 epoch: 1680/3000 frames: 55017472
mean_rewards:  [-44.84] last_mean_rewards:  -43.361504
fps step: 34371 fps step and policy inference: 32196 fps total: 17856 epoch: 1681/3000 frames: 55050240
mean_rewards:  [-44.17] last_mean_rewards:  -43.361504
fps step: 34339 fps step and policy inference: 32169 fps total: 17153 epoch: 1682/3000 frames: 55083008
mean_rewards:  [-44.76] last_mean_rewards:  -43.361504
fps step: 34922 fps step and policy inference: 32952 fps total: 17414 epoch: 1683/3000 frames: 55115776
mean_rewards:  [-45.14] last_mean_rewards:  -43.361504
fps step: 35309 fps step and policy inference: 33309 fps total: 17476 epoch: 1684/3000 frames: 55148544
mean_rewards:  [-44.54] last_mean_rewards:  -43.361504
fps step: 35002 fps step and policy inference: 33009 fps total: 17500 epoch: 1685/3000 frames: 55181312
mean_rewards:  [-44.03] last_mean_rewards:  -43.361504
fps step: 34660 fps step and policy inference: 32699 fps total: 17294 epoch: 1686/3000 frames: 55214080
mean_rewards:  [-43.96] last_mean_rewards:  -43.361504
fps step: 34877 fps step and policy inference: 32876 fps total: 17338 epoch: 1687/3000 frames: 55246848
mean_rewards:  [-44.27] last_mean_rewards:  -43.361504
fps step: 34345 fps step and policy inference: 32415 fps total: 17206 epoch: 1688/3000 frames: 55279616
mean_rewards:  [-44.51] last_mean_rewards:  -43.361504
fps step: 34704 fps step and policy inference: 32672 fps total: 17397 epoch: 1689/3000 frames: 55312384
mean_rewards:  [-44.01] last_mean_rewards:  -43.361504
fps step: 34758 fps step and policy inference: 32790 fps total: 17376 epoch: 1690/3000 frames: 55345152
mean_rewards:  [-44.49] last_mean_rewards:  -43.361504
fps step: 34897 fps step and policy inference: 32896 fps total: 17450 epoch: 1691/3000 frames: 55377920
mean_rewards:  [-44.29] last_mean_rewards:  -43.361504
fps step: 34875 fps step and policy inference: 32886 fps total: 17431 epoch: 1692/3000 frames: 55410688
mean_rewards:  [-44.09] last_mean_rewards:  -43.361504
fps step: 34678 fps step and policy inference: 32656 fps total: 17190 epoch: 1693/3000 frames: 55443456
mean_rewards:  [-44.8] last_mean_rewards:  -43.361504
fps step: 34852 fps step and policy inference: 32808 fps total: 17275 epoch: 1694/3000 frames: 55476224
mean_rewards:  [-43.93] last_mean_rewards:  -43.361504
fps step: 34693 fps step and policy inference: 32681 fps total: 17185 epoch: 1695/3000 frames: 55508992
mean_rewards:  [-44.34] last_mean_rewards:  -43.361504
fps step: 34618 fps step and policy inference: 32599 fps total: 17102 epoch: 1696/3000 frames: 55541760
mean_rewards:  [-44.39] last_mean_rewards:  -43.361504
fps step: 34639 fps step and policy inference: 32654 fps total: 17255 epoch: 1697/3000 frames: 55574528
mean_rewards:  [-45.32] last_mean_rewards:  -43.361504
fps step: 34763 fps step and policy inference: 32751 fps total: 17260 epoch: 1698/3000 frames: 55607296
mean_rewards:  [-44.21] last_mean_rewards:  -43.361504
fps step: 34929 fps step and policy inference: 32893 fps total: 17225 epoch: 1699/3000 frames: 55640064
mean_rewards:  [-44.04] last_mean_rewards:  -43.361504
fps step: 33830 fps step and policy inference: 31790 fps total: 17107 epoch: 1700/3000 frames: 55672832
mean_rewards:  [-43.71] last_mean_rewards:  -43.361504
fps step: 34389 fps step and policy inference: 32355 fps total: 17156 epoch: 1701/3000 frames: 55705600
mean_rewards:  [-43.82] last_mean_rewards:  -43.361504
fps step: 34635 fps step and policy inference: 32580 fps total: 17111 epoch: 1702/3000 frames: 55738368
mean_rewards:  [-44.12] last_mean_rewards:  -43.361504
fps step: 34852 fps step and policy inference: 32835 fps total: 17245 epoch: 1703/3000 frames: 55771136
mean_rewards:  [-44.12] last_mean_rewards:  -43.361504
fps step: 34975 fps step and policy inference: 32979 fps total: 17250 epoch: 1704/3000 frames: 55803904
mean_rewards:  [-43.9] last_mean_rewards:  -43.361504
fps step: 35054 fps step and policy inference: 33073 fps total: 17268 epoch: 1705/3000 frames: 55836672
mean_rewards:  [-44.44] last_mean_rewards:  -43.361504
fps step: 34732 fps step and policy inference: 32796 fps total: 17241 epoch: 1706/3000 frames: 55869440
mean_rewards:  [-43.73] last_mean_rewards:  -43.361504
fps step: 34836 fps step and policy inference: 32851 fps total: 17226 epoch: 1707/3000 frames: 55902208
mean_rewards:  [-43.94] last_mean_rewards:  -43.361504
fps step: 34590 fps step and policy inference: 32637 fps total: 17205 epoch: 1708/3000 frames: 55934976
mean_rewards:  [-44.1] last_mean_rewards:  -43.361504
fps step: 34565 fps step and policy inference: 32483 fps total: 17127 epoch: 1709/3000 frames: 55967744
mean_rewards:  [-43.75] last_mean_rewards:  -43.361504
fps step: 33945 fps step and policy inference: 31923 fps total: 17057 epoch: 1710/3000 frames: 56000512
mean_rewards:  [-44.59] last_mean_rewards:  -43.361504
fps step: 34217 fps step and policy inference: 32247 fps total: 17153 epoch: 1711/3000 frames: 56033280
mean_rewards:  [-44.21] last_mean_rewards:  -43.361504
fps step: 34307 fps step and policy inference: 32250 fps total: 17196 epoch: 1712/3000 frames: 56066048
mean_rewards:  [-43.62] last_mean_rewards:  -43.361504
fps step: 34545 fps step and policy inference: 32535 fps total: 17157 epoch: 1713/3000 frames: 56098816
mean_rewards:  [-43.42] last_mean_rewards:  -43.361504
fps step: 34029 fps step and policy inference: 32067 fps total: 17021 epoch: 1714/3000 frames: 56131584
mean_rewards:  [-43.81] last_mean_rewards:  -43.361504
fps step: 33998 fps step and policy inference: 31990 fps total: 16995 epoch: 1715/3000 frames: 56164352
mean_rewards:  [-44.3] last_mean_rewards:  -43.361504
fps step: 34636 fps step and policy inference: 32697 fps total: 17240 epoch: 1716/3000 frames: 56197120
mean_rewards:  [-44.41] last_mean_rewards:  -43.361504
fps step: 34913 fps step and policy inference: 32920 fps total: 17230 epoch: 1717/3000 frames: 56229888
mean_rewards:  [-44.6] last_mean_rewards:  -43.361504
fps step: 34501 fps step and policy inference: 32539 fps total: 17276 epoch: 1718/3000 frames: 56262656
mean_rewards:  [-44.36] last_mean_rewards:  -43.361504
fps step: 34815 fps step and policy inference: 32854 fps total: 17264 epoch: 1719/3000 frames: 56295424
mean_rewards:  [-44.68] last_mean_rewards:  -43.361504
fps step: 34945 fps step and policy inference: 32937 fps total: 17246 epoch: 1720/3000 frames: 56328192
mean_rewards:  [-44.31] last_mean_rewards:  -43.361504
fps step: 34936 fps step and policy inference: 32957 fps total: 17313 epoch: 1721/3000 frames: 56360960
mean_rewards:  [-43.94] last_mean_rewards:  -43.361504
fps step: 34869 fps step and policy inference: 32893 fps total: 17292 epoch: 1722/3000 frames: 56393728
mean_rewards:  [-44.08] last_mean_rewards:  -43.361504
fps step: 34429 fps step and policy inference: 32497 fps total: 17214 epoch: 1723/3000 frames: 56426496
mean_rewards:  [-44.44] last_mean_rewards:  -43.361504
fps step: 34244 fps step and policy inference: 32313 fps total: 17179 epoch: 1724/3000 frames: 56459264
mean_rewards:  [-44.57] last_mean_rewards:  -43.361504
fps step: 34523 fps step and policy inference: 32584 fps total: 17315 epoch: 1725/3000 frames: 56492032
mean_rewards:  [-44.68] last_mean_rewards:  -43.361504
fps step: 34716 fps step and policy inference: 32769 fps total: 17261 epoch: 1726/3000 frames: 56524800
mean_rewards:  [-44.22] last_mean_rewards:  -43.361504
fps step: 34746 fps step and policy inference: 32784 fps total: 17275 epoch: 1727/3000 frames: 56557568
mean_rewards:  [-44.41] last_mean_rewards:  -43.361504
fps step: 34310 fps step and policy inference: 32305 fps total: 17299 epoch: 1728/3000 frames: 56590336
mean_rewards:  [-43.86] last_mean_rewards:  -43.361504
fps step: 34521 fps step and policy inference: 32530 fps total: 17402 epoch: 1729/3000 frames: 56623104
mean_rewards:  [-44.08] last_mean_rewards:  -43.361504
fps step: 34364 fps step and policy inference: 32387 fps total: 17445 epoch: 1730/3000 frames: 56655872
mean_rewards:  [-44.87] last_mean_rewards:  -43.361504
fps step: 34321 fps step and policy inference: 32180 fps total: 17412 epoch: 1731/3000 frames: 56688640
mean_rewards:  [-44.89] last_mean_rewards:  -43.361504
fps step: 34381 fps step and policy inference: 32417 fps total: 17415 epoch: 1732/3000 frames: 56721408
mean_rewards:  [-44.73] last_mean_rewards:  -43.361504
fps step: 34012 fps step and policy inference: 31872 fps total: 17118 epoch: 1733/3000 frames: 56754176
mean_rewards:  [-44.53] last_mean_rewards:  -43.361504
fps step: 34631 fps step and policy inference: 32583 fps total: 17377 epoch: 1734/3000 frames: 56786944
mean_rewards:  [-44.43] last_mean_rewards:  -43.361504
fps step: 34442 fps step and policy inference: 32473 fps total: 17331 epoch: 1735/3000 frames: 56819712
mean_rewards:  [-43.9] last_mean_rewards:  -43.361504
fps step: 34412 fps step and policy inference: 32409 fps total: 17306 epoch: 1736/3000 frames: 56852480
mean_rewards:  [-44.66] last_mean_rewards:  -43.361504
fps step: 34257 fps step and policy inference: 32164 fps total: 17031 epoch: 1737/3000 frames: 56885248
mean_rewards:  [-43.8] last_mean_rewards:  -43.361504
fps step: 34035 fps step and policy inference: 32021 fps total: 16925 epoch: 1738/3000 frames: 56918016
mean_rewards:  [-43.93] last_mean_rewards:  -43.361504
fps step: 34262 fps step and policy inference: 32276 fps total: 17131 epoch: 1739/3000 frames: 56950784
mean_rewards:  [-44.56] last_mean_rewards:  -43.361504
fps step: 34699 fps step and policy inference: 32670 fps total: 17153 epoch: 1740/3000 frames: 56983552
mean_rewards:  [-44.28] last_mean_rewards:  -43.361504
fps step: 34286 fps step and policy inference: 32330 fps total: 17061 epoch: 1741/3000 frames: 57016320
mean_rewards:  [-43.55] last_mean_rewards:  -43.361504
fps step: 34091 fps step and policy inference: 32120 fps total: 17149 epoch: 1742/3000 frames: 57049088
mean_rewards:  [-44.58] last_mean_rewards:  -43.361504
fps step: 34119 fps step and policy inference: 32141 fps total: 17060 epoch: 1743/3000 frames: 57081856
mean_rewards:  [-45.17] last_mean_rewards:  -43.361504
fps step: 34161 fps step and policy inference: 32170 fps total: 17088 epoch: 1744/3000 frames: 57114624
mean_rewards:  [-44.87] last_mean_rewards:  -43.361504
fps step: 34391 fps step and policy inference: 32395 fps total: 17132 epoch: 1745/3000 frames: 57147392
mean_rewards:  [-44.51] last_mean_rewards:  -43.361504
fps step: 34079 fps step and policy inference: 32054 fps total: 17070 epoch: 1746/3000 frames: 57180160
mean_rewards:  [-45.28] last_mean_rewards:  -43.361504
fps step: 34124 fps step and policy inference: 32085 fps total: 17128 epoch: 1747/3000 frames: 57212928
mean_rewards:  [-44.86] last_mean_rewards:  -43.361504
fps step: 34364 fps step and policy inference: 32375 fps total: 17147 epoch: 1748/3000 frames: 57245696
mean_rewards:  [-44.69] last_mean_rewards:  -43.361504
fps step: 34826 fps step and policy inference: 32801 fps total: 17295 epoch: 1749/3000 frames: 57278464
mean_rewards:  [-45.3] last_mean_rewards:  -43.361504
fps step: 34615 fps step and policy inference: 32620 fps total: 17257 epoch: 1750/3000 frames: 57311232
mean_rewards:  [-44.56] last_mean_rewards:  -43.361504
fps step: 34564 fps step and policy inference: 32558 fps total: 17203 epoch: 1751/3000 frames: 57344000
mean_rewards:  [-45.23] last_mean_rewards:  -43.361504
fps step: 34250 fps step and policy inference: 32282 fps total: 17132 epoch: 1752/3000 frames: 57376768
mean_rewards:  [-44.32] last_mean_rewards:  -43.361504
fps step: 33509 fps step and policy inference: 31496 fps total: 16842 epoch: 1753/3000 frames: 57409536
mean_rewards:  [-45.88] last_mean_rewards:  -43.361504
fps step: 34098 fps step and policy inference: 32048 fps total: 17079 epoch: 1754/3000 frames: 57442304
mean_rewards:  [-44.82] last_mean_rewards:  -43.361504
fps step: 34103 fps step and policy inference: 32167 fps total: 17074 epoch: 1755/3000 frames: 57475072
mean_rewards:  [-43.99] last_mean_rewards:  -43.361504
fps step: 33967 fps step and policy inference: 31932 fps total: 16937 epoch: 1756/3000 frames: 57507840
mean_rewards:  [-45.07] last_mean_rewards:  -43.361504
fps step: 34231 fps step and policy inference: 32249 fps total: 17103 epoch: 1757/3000 frames: 57540608
mean_rewards:  [-44.56] last_mean_rewards:  -43.361504
fps step: 34414 fps step and policy inference: 32427 fps total: 17176 epoch: 1758/3000 frames: 57573376
mean_rewards:  [-45.14] last_mean_rewards:  -43.361504
fps step: 34766 fps step and policy inference: 32740 fps total: 17187 epoch: 1759/3000 frames: 57606144
mean_rewards:  [-43.98] last_mean_rewards:  -43.361504
fps step: 34241 fps step and policy inference: 32263 fps total: 17124 epoch: 1760/3000 frames: 57638912
mean_rewards:  [-44.04] last_mean_rewards:  -43.361504
fps step: 34710 fps step and policy inference: 32734 fps total: 17974 epoch: 1761/3000 frames: 57671680
mean_rewards:  [-44.54] last_mean_rewards:  -43.361504
fps step: 34216 fps step and policy inference: 32309 fps total: 17863 epoch: 1762/3000 frames: 57704448
mean_rewards:  [-44.22] last_mean_rewards:  -43.361504
fps step: 35132 fps step and policy inference: 33123 fps total: 18203 epoch: 1763/3000 frames: 57737216
mean_rewards:  [-44.7] last_mean_rewards:  -43.361504
fps step: 34901 fps step and policy inference: 32929 fps total: 17969 epoch: 1764/3000 frames: 57769984
mean_rewards:  [-44.32] last_mean_rewards:  -43.361504
fps step: 34449 fps step and policy inference: 32492 fps total: 17918 epoch: 1765/3000 frames: 57802752
mean_rewards:  [-44.67] last_mean_rewards:  -43.361504
fps step: 34569 fps step and policy inference: 32590 fps total: 17874 epoch: 1766/3000 frames: 57835520
mean_rewards:  [-44.35] last_mean_rewards:  -43.361504
fps step: 34843 fps step and policy inference: 32836 fps total: 18046 epoch: 1767/3000 frames: 57868288
mean_rewards:  [-45.53] last_mean_rewards:  -43.361504
fps step: 34614 fps step and policy inference: 32671 fps total: 18044 epoch: 1768/3000 frames: 57901056
mean_rewards:  [-44.4] last_mean_rewards:  -43.361504
fps step: 34977 fps step and policy inference: 32990 fps total: 17970 epoch: 1769/3000 frames: 57933824
mean_rewards:  [-44.09] last_mean_rewards:  -43.361504
fps step: 34543 fps step and policy inference: 32607 fps total: 18027 epoch: 1770/3000 frames: 57966592
mean_rewards:  [-44.47] last_mean_rewards:  -43.361504
fps step: 34294 fps step and policy inference: 32379 fps total: 17991 epoch: 1771/3000 frames: 57999360
mean_rewards:  [-44.42] last_mean_rewards:  -43.361504
fps step: 34374 fps step and policy inference: 32454 fps total: 18008 epoch: 1772/3000 frames: 58032128
mean_rewards:  [-45.1] last_mean_rewards:  -43.361504
fps step: 35227 fps step and policy inference: 33234 fps total: 18146 epoch: 1773/3000 frames: 58064896
mean_rewards:  [-44.52] last_mean_rewards:  -43.361504
fps step: 34616 fps step and policy inference: 32673 fps total: 18055 epoch: 1774/3000 frames: 58097664
mean_rewards:  [-44.25] last_mean_rewards:  -43.361504
fps step: 34758 fps step and policy inference: 32810 fps total: 18107 epoch: 1775/3000 frames: 58130432
mean_rewards:  [-44.44] last_mean_rewards:  -43.361504
fps step: 34943 fps step and policy inference: 32940 fps total: 17950 epoch: 1776/3000 frames: 58163200
mean_rewards:  [-45.91] last_mean_rewards:  -43.361504
fps step: 35243 fps step and policy inference: 33255 fps total: 18099 epoch: 1777/3000 frames: 58195968
mean_rewards:  [-45.05] last_mean_rewards:  -43.361504
fps step: 34211 fps step and policy inference: 32104 fps total: 17680 epoch: 1778/3000 frames: 58228736
mean_rewards:  [-44.2] last_mean_rewards:  -43.361504
fps step: 34289 fps step and policy inference: 32266 fps total: 17824 epoch: 1779/3000 frames: 58261504
mean_rewards:  [-44.71] last_mean_rewards:  -43.361504
fps step: 33939 fps step and policy inference: 31932 fps total: 17692 epoch: 1780/3000 frames: 58294272
mean_rewards:  [-43.93] last_mean_rewards:  -43.361504
fps step: 34327 fps step and policy inference: 32355 fps total: 17804 epoch: 1781/3000 frames: 58327040
mean_rewards:  [-44.94] last_mean_rewards:  -43.361504
fps step: 34462 fps step and policy inference: 32444 fps total: 17846 epoch: 1782/3000 frames: 58359808
mean_rewards:  [-44.67] last_mean_rewards:  -43.361504
fps step: 34180 fps step and policy inference: 32212 fps total: 17733 epoch: 1783/3000 frames: 58392576
mean_rewards:  [-44.25] last_mean_rewards:  -43.361504
fps step: 34016 fps step and policy inference: 32005 fps total: 17732 epoch: 1784/3000 frames: 58425344
mean_rewards:  [-44.23] last_mean_rewards:  -43.361504
fps step: 34163 fps step and policy inference: 32195 fps total: 17850 epoch: 1785/3000 frames: 58458112
mean_rewards:  [-44.75] last_mean_rewards:  -43.361504
fps step: 33990 fps step and policy inference: 31953 fps total: 17704 epoch: 1786/3000 frames: 58490880
mean_rewards:  [-45.32] last_mean_rewards:  -43.361504
fps step: 34942 fps step and policy inference: 32833 fps total: 17993 epoch: 1787/3000 frames: 58523648
mean_rewards:  [-44.42] last_mean_rewards:  -43.361504
fps step: 34380 fps step and policy inference: 32281 fps total: 17861 epoch: 1788/3000 frames: 58556416
mean_rewards:  [-44.41] last_mean_rewards:  -43.361504
fps step: 34268 fps step and policy inference: 32289 fps total: 17843 epoch: 1789/3000 frames: 58589184
mean_rewards:  [-44.57] last_mean_rewards:  -43.361504
fps step: 34479 fps step and policy inference: 32487 fps total: 17786 epoch: 1790/3000 frames: 58621952
mean_rewards:  [-45.52] last_mean_rewards:  -43.361504
fps step: 35504 fps step and policy inference: 33492 fps total: 18230 epoch: 1791/3000 frames: 58654720
mean_rewards:  [-44.31] last_mean_rewards:  -43.361504
fps step: 35194 fps step and policy inference: 33194 fps total: 18126 epoch: 1792/3000 frames: 58687488
mean_rewards:  [-44.69] last_mean_rewards:  -43.361504
fps step: 34299 fps step and policy inference: 32380 fps total: 17895 epoch: 1793/3000 frames: 58720256
mean_rewards:  [-45.09] last_mean_rewards:  -43.361504
fps step: 34680 fps step and policy inference: 32708 fps total: 18046 epoch: 1794/3000 frames: 58753024
mean_rewards:  [-44.31] last_mean_rewards:  -43.361504
fps step: 34318 fps step and policy inference: 32395 fps total: 17936 epoch: 1795/3000 frames: 58785792
mean_rewards:  [-44.69] last_mean_rewards:  -43.361504
fps step: 34542 fps step and policy inference: 32636 fps total: 18045 epoch: 1796/3000 frames: 58818560
mean_rewards:  [-44.15] last_mean_rewards:  -43.361504
fps step: 34623 fps step and policy inference: 32675 fps total: 17984 epoch: 1797/3000 frames: 58851328
mean_rewards:  [-43.73] last_mean_rewards:  -43.361504
fps step: 34603 fps step and policy inference: 32665 fps total: 17869 epoch: 1798/3000 frames: 58884096
mean_rewards:  [-45.02] last_mean_rewards:  -43.361504
fps step: 34963 fps step and policy inference: 32991 fps total: 18077 epoch: 1799/3000 frames: 58916864
mean_rewards:  [-44.66] last_mean_rewards:  -43.361504
fps step: 34619 fps step and policy inference: 32663 fps total: 17912 epoch: 1800/3000 frames: 58949632
mean_rewards:  [-45.44] last_mean_rewards:  -43.361504
getting weights with keys: dict_keys(['scaler', 'model'])
=> saving checkpoint './logs/scratch_cube_scratch/tracking_ori_grab_s2_cubesmall_inspect_1_nf_300_obs_pure_state_wref_wdelta_density_500.0_trans_0.5_rot_0.5_goalcond_False__18-02-24-37/nn/last_tracking_ori_grab_s2_cubesmall_inspect_1_nf_300_obs_pure_state_wref_wdelta_density_500.0_trans_0.5_rot_0.5_goalcond_False__ep_1800_rew_-45.44298.pth'
fps step: 35100 fps step and policy inference: 33117 fps total: 18096 epoch: 1801/3000 frames: 58982400
mean_rewards:  [-44.3] last_mean_rewards:  -43.361504
fps step: 34664 fps step and policy inference: 32699 fps total: 17889 epoch: 1802/3000 frames: 59015168
mean_rewards:  [-44.73] last_mean_rewards:  -43.361504
fps step: 34552 fps step and policy inference: 32608 fps total: 17924 epoch: 1803/3000 frames: 59047936
mean_rewards:  [-44.47] last_mean_rewards:  -43.361504
fps step: 34442 fps step and policy inference: 32517 fps total: 18006 epoch: 1804/3000 frames: 59080704
mean_rewards:  [-45.78] last_mean_rewards:  -43.361504
fps step: 34335 fps step and policy inference: 32234 fps total: 16991 epoch: 1805/3000 frames: 59113472
mean_rewards:  [-45.45] last_mean_rewards:  -43.361504
fps step: 34739 fps step and policy inference: 32553 fps total: 17107 epoch: 1806/3000 frames: 59146240
mean_rewards:  [-44.12] last_mean_rewards:  -43.361504
fps step: 34375 fps step and policy inference: 32337 fps total: 17192 epoch: 1807/3000 frames: 59179008
mean_rewards:  [-43.88] last_mean_rewards:  -43.361504
fps step: 34355 fps step and policy inference: 32306 fps total: 17184 epoch: 1808/3000 frames: 59211776
mean_rewards:  [-43.73] last_mean_rewards:  -43.361504
fps step: 34712 fps step and policy inference: 32627 fps total: 17340 epoch: 1809/3000 frames: 59244544
mean_rewards:  [-44.77] last_mean_rewards:  -43.361504
fps step: 35244 fps step and policy inference: 33101 fps total: 17436 epoch: 1810/3000 frames: 59277312
mean_rewards:  [-44.23] last_mean_rewards:  -43.361504
fps step: 34477 fps step and policy inference: 32400 fps total: 17101 epoch: 1811/3000 frames: 59310080
mean_rewards:  [-43.76] last_mean_rewards:  -43.361504
fps step: 34358 fps step and policy inference: 32292 fps total: 17178 epoch: 1812/3000 frames: 59342848
mean_rewards:  [-43.87] last_mean_rewards:  -43.361504
fps step: 34678 fps step and policy inference: 32571 fps total: 17200 epoch: 1813/3000 frames: 59375616
mean_rewards:  [-43.93] last_mean_rewards:  -43.361504
fps step: 34210 fps step and policy inference: 32041 fps total: 17080 epoch: 1814/3000 frames: 59408384
mean_rewards:  [-43.64] last_mean_rewards:  -43.361504
fps step: 34641 fps step and policy inference: 32394 fps total: 17237 epoch: 1815/3000 frames: 59441152
mean_rewards:  [-43.53] last_mean_rewards:  -43.361504
fps step: 34791 fps step and policy inference: 32764 fps total: 17251 epoch: 1816/3000 frames: 59473920
mean_rewards:  [-43.58] last_mean_rewards:  -43.361504
fps step: 33801 fps step and policy inference: 31733 fps total: 16931 epoch: 1817/3000 frames: 59506688
mean_rewards:  [-43.62] last_mean_rewards:  -43.361504
fps step: 34325 fps step and policy inference: 32367 fps total: 17307 epoch: 1818/3000 frames: 59539456
mean_rewards:  [-44.03] last_mean_rewards:  -43.361504
fps step: 34446 fps step and policy inference: 32464 fps total: 17354 epoch: 1819/3000 frames: 59572224
mean_rewards:  [-43.47] last_mean_rewards:  -43.361504
fps step: 34850 fps step and policy inference: 32819 fps total: 17498 epoch: 1820/3000 frames: 59604992
mean_rewards:  [-43.35] last_mean_rewards:  -43.361504
saving next best rewards:  [-43.35]
getting weights with keys: dict_keys(['scaler', 'model'])
=> saving checkpoint './logs/scratch_cube_scratch/tracking_ori_grab_s2_cubesmall_inspect_1_nf_300_obs_pure_state_wref_wdelta_density_500.0_trans_0.5_rot_0.5_goalcond_False__18-02-24-37/nn/tracking_ori_grab_s2_cubesmall_inspect_1_nf_300_obs_pure_state_wref_wdelta_density_500.0_trans_0.5_rot_0.5_goalcond_False_.pth'
fps step: 34292 fps step and policy inference: 32308 fps total: 17282 epoch: 1821/3000 frames: 59637760
mean_rewards:  [-44.02] last_mean_rewards:  -43.353626
fps step: 33981 fps step and policy inference: 31840 fps total: 17270 epoch: 1822/3000 frames: 59670528
mean_rewards:  [-43.71] last_mean_rewards:  -43.353626
fps step: 34654 fps step and policy inference: 32461 fps total: 17349 epoch: 1823/3000 frames: 59703296
mean_rewards:  [-43.6] last_mean_rewards:  -43.353626
fps step: 34351 fps step and policy inference: 32179 fps total: 17282 epoch: 1824/3000 frames: 59736064
mean_rewards:  [-44.33] last_mean_rewards:  -43.353626
fps step: 35040 fps step and policy inference: 33062 fps total: 17631 epoch: 1825/3000 frames: 59768832
mean_rewards:  [-44.55] last_mean_rewards:  -43.353626
fps step: 34934 fps step and policy inference: 32942 fps total: 17618 epoch: 1826/3000 frames: 59801600
mean_rewards:  [-44.15] last_mean_rewards:  -43.353626
fps step: 35198 fps step and policy inference: 33191 fps total: 17605 epoch: 1827/3000 frames: 59834368
mean_rewards:  [-44.5] last_mean_rewards:  -43.353626
fps step: 34750 fps step and policy inference: 32792 fps total: 17436 epoch: 1828/3000 frames: 59867136
mean_rewards:  [-43.81] last_mean_rewards:  -43.353626
fps step: 35038 fps step and policy inference: 33059 fps total: 17501 epoch: 1829/3000 frames: 59899904
mean_rewards:  [-43.16] last_mean_rewards:  -43.353626
saving next best rewards:  [-43.16]
getting weights with keys: dict_keys(['scaler', 'model'])
=> saving checkpoint './logs/scratch_cube_scratch/tracking_ori_grab_s2_cubesmall_inspect_1_nf_300_obs_pure_state_wref_wdelta_density_500.0_trans_0.5_rot_0.5_goalcond_False__18-02-24-37/nn/tracking_ori_grab_s2_cubesmall_inspect_1_nf_300_obs_pure_state_wref_wdelta_density_500.0_trans_0.5_rot_0.5_goalcond_False_.pth'
fps step: 35054 fps step and policy inference: 33074 fps total: 17506 epoch: 1830/3000 frames: 59932672
mean_rewards:  [-43.95] last_mean_rewards:  -43.15803
fps step: 34735 fps step and policy inference: 32773 fps total: 17504 epoch: 1831/3000 frames: 59965440
mean_rewards:  [-44.01] last_mean_rewards:  -43.15803
fps step: 34614 fps step and policy inference: 32663 fps total: 17390 epoch: 1832/3000 frames: 59998208
mean_rewards:  [-45.36] last_mean_rewards:  -43.15803
fps step: 34834 fps step and policy inference: 32876 fps total: 17577 epoch: 1833/3000 frames: 60030976
mean_rewards:  [-44.34] last_mean_rewards:  -43.15803
fps step: 34637 fps step and policy inference: 32691 fps total: 17455 epoch: 1834/3000 frames: 60063744
mean_rewards:  [-44.12] last_mean_rewards:  -43.15803
fps step: 34225 fps step and policy inference: 32299 fps total: 17334 epoch: 1835/3000 frames: 60096512
mean_rewards:  [-44.38] last_mean_rewards:  -43.15803
fps step: 34598 fps step and policy inference: 32639 fps total: 17408 epoch: 1836/3000 frames: 60129280
mean_rewards:  [-43.99] last_mean_rewards:  -43.15803
fps step: 34823 fps step and policy inference: 32893 fps total: 17513 epoch: 1837/3000 frames: 60162048
mean_rewards:  [-44.6] last_mean_rewards:  -43.15803
fps step: 35520 fps step and policy inference: 33470 fps total: 17666 epoch: 1838/3000 frames: 60194816
mean_rewards:  [-43.5] last_mean_rewards:  -43.15803
fps step: 35325 fps step and policy inference: 33300 fps total: 17433 epoch: 1839/3000 frames: 60227584
mean_rewards:  [-43.59] last_mean_rewards:  -43.15803
fps step: 34917 fps step and policy inference: 32837 fps total: 17408 epoch: 1840/3000 frames: 60260352
mean_rewards:  [-43.85] last_mean_rewards:  -43.15803
fps step: 34302 fps step and policy inference: 32250 fps total: 17243 epoch: 1841/3000 frames: 60293120
mean_rewards:  [-43.79] last_mean_rewards:  -43.15803
fps step: 34463 fps step and policy inference: 32482 fps total: 17318 epoch: 1842/3000 frames: 60325888
mean_rewards:  [-44.03] last_mean_rewards:  -43.15803
fps step: 34933 fps step and policy inference: 32913 fps total: 17406 epoch: 1843/3000 frames: 60358656
mean_rewards:  [-44.04] last_mean_rewards:  -43.15803
fps step: 34313 fps step and policy inference: 32259 fps total: 17309 epoch: 1844/3000 frames: 60391424
mean_rewards:  [-44.82] last_mean_rewards:  -43.15803
fps step: 33923 fps step and policy inference: 31942 fps total: 17181 epoch: 1845/3000 frames: 60424192
mean_rewards:  [-44.55] last_mean_rewards:  -43.15803
fps step: 34248 fps step and policy inference: 32072 fps total: 17291 epoch: 1846/3000 frames: 60456960
mean_rewards:  [-45.01] last_mean_rewards:  -43.15803
fps step: 34292 fps step and policy inference: 32043 fps total: 17323 epoch: 1847/3000 frames: 60489728
mean_rewards:  [-44.06] last_mean_rewards:  -43.15803
fps step: 34221 fps step and policy inference: 31945 fps total: 17714 epoch: 1848/3000 frames: 60522496
mean_rewards:  [-44.4] last_mean_rewards:  -43.15803
fps step: 34100 fps step and policy inference: 31941 fps total: 17689 epoch: 1849/3000 frames: 60555264
mean_rewards:  [-44.3] last_mean_rewards:  -43.15803
fps step: 34549 fps step and policy inference: 32355 fps total: 17929 epoch: 1850/3000 frames: 60588032
mean_rewards:  [-44.81] last_mean_rewards:  -43.15803
fps step: 35050 fps step and policy inference: 32994 fps total: 18100 epoch: 1851/3000 frames: 60620800
mean_rewards:  [-44.71] last_mean_rewards:  -43.15803
fps step: 34784 fps step and policy inference: 32788 fps total: 18046 epoch: 1852/3000 frames: 60653568
mean_rewards:  [-44.18] last_mean_rewards:  -43.15803
fps step: 34778 fps step and policy inference: 32748 fps total: 18056 epoch: 1853/3000 frames: 60686336
mean_rewards:  [-43.75] last_mean_rewards:  -43.15803
fps step: 34482 fps step and policy inference: 32417 fps total: 17876 epoch: 1854/3000 frames: 60719104
mean_rewards:  [-43.9] last_mean_rewards:  -43.15803
fps step: 33729 fps step and policy inference: 31842 fps total: 17653 epoch: 1855/3000 frames: 60751872
mean_rewards:  [-44.24] last_mean_rewards:  -43.15803
fps step: 34324 fps step and policy inference: 32339 fps total: 18020 epoch: 1856/3000 frames: 60784640
mean_rewards:  [-43.73] last_mean_rewards:  -43.15803
fps step: 34478 fps step and policy inference: 32505 fps total: 18035 epoch: 1857/3000 frames: 60817408
mean_rewards:  [-43.97] last_mean_rewards:  -43.15803
fps step: 34674 fps step and policy inference: 32668 fps total: 18039 epoch: 1858/3000 frames: 60850176
mean_rewards:  [-43.84] last_mean_rewards:  -43.15803
fps step: 34147 fps step and policy inference: 32189 fps total: 17923 epoch: 1859/3000 frames: 60882944
mean_rewards:  [-43.95] last_mean_rewards:  -43.15803
fps step: 34696 fps step and policy inference: 32739 fps total: 18095 epoch: 1860/3000 frames: 60915712
mean_rewards:  [-44.16] last_mean_rewards:  -43.15803
fps step: 35023 fps step and policy inference: 33059 fps total: 18189 epoch: 1861/3000 frames: 60948480
mean_rewards:  [-44.31] last_mean_rewards:  -43.15803
fps step: 34142 fps step and policy inference: 32147 fps total: 17917 epoch: 1862/3000 frames: 60981248
mean_rewards:  [-44.12] last_mean_rewards:  -43.15803
fps step: 33967 fps step and policy inference: 32012 fps total: 17858 epoch: 1863/3000 frames: 61014016
mean_rewards:  [-44.55] last_mean_rewards:  -43.15803
fps step: 34060 fps step and policy inference: 32098 fps total: 17900 epoch: 1864/3000 frames: 61046784
mean_rewards:  [-44.63] last_mean_rewards:  -43.15803
fps step: 34410 fps step and policy inference: 32448 fps total: 17890 epoch: 1865/3000 frames: 61079552
mean_rewards:  [-44.96] last_mean_rewards:  -43.15803
fps step: 33682 fps step and policy inference: 31514 fps total: 17590 epoch: 1866/3000 frames: 61112320
mean_rewards:  [-43.84] last_mean_rewards:  -43.15803
fps step: 33712 fps step and policy inference: 31637 fps total: 17765 epoch: 1867/3000 frames: 61145088
mean_rewards:  [-44.25] last_mean_rewards:  -43.15803
fps step: 34173 fps step and policy inference: 32200 fps total: 17895 epoch: 1868/3000 frames: 61177856
mean_rewards:  [-44.11] last_mean_rewards:  -43.15803
fps step: 34176 fps step and policy inference: 32158 fps total: 17919 epoch: 1869/3000 frames: 61210624
mean_rewards:  [-43.96] last_mean_rewards:  -43.15803
fps step: 34842 fps step and policy inference: 32836 fps total: 18025 epoch: 1870/3000 frames: 61243392
mean_rewards:  [-44.18] last_mean_rewards:  -43.15803
fps step: 34839 fps step and policy inference: 32815 fps total: 17989 epoch: 1871/3000 frames: 61276160
mean_rewards:  [-44.24] last_mean_rewards:  -43.15803
fps step: 34348 fps step and policy inference: 32375 fps total: 17550 epoch: 1872/3000 frames: 61308928
mean_rewards:  [-44.39] last_mean_rewards:  -43.15803
fps step: 34252 fps step and policy inference: 32351 fps total: 17260 epoch: 1873/3000 frames: 61341696
mean_rewards:  [-43.79] last_mean_rewards:  -43.15803
fps step: 34341 fps step and policy inference: 32443 fps total: 17213 epoch: 1874/3000 frames: 61374464
mean_rewards:  [-44.31] last_mean_rewards:  -43.15803
fps step: 34904 fps step and policy inference: 32953 fps total: 17420 epoch: 1875/3000 frames: 61407232
mean_rewards:  [-44.2] last_mean_rewards:  -43.15803
fps step: 34490 fps step and policy inference: 32568 fps total: 17273 epoch: 1876/3000 frames: 61440000
mean_rewards:  [-44.04] last_mean_rewards:  -43.15803
fps step: 34541 fps step and policy inference: 32610 fps total: 17295 epoch: 1877/3000 frames: 61472768
mean_rewards:  [-43.98] last_mean_rewards:  -43.15803
fps step: 34442 fps step and policy inference: 32522 fps total: 17308 epoch: 1878/3000 frames: 61505536
mean_rewards:  [-43.88] last_mean_rewards:  -43.15803
fps step: 34629 fps step and policy inference: 32691 fps total: 17339 epoch: 1879/3000 frames: 61538304
mean_rewards:  [-43.76] last_mean_rewards:  -43.15803
fps step: 34399 fps step and policy inference: 32351 fps total: 17185 epoch: 1880/3000 frames: 61571072
mean_rewards:  [-43.85] last_mean_rewards:  -43.15803
fps step: 34336 fps step and policy inference: 32358 fps total: 17210 epoch: 1881/3000 frames: 61603840
mean_rewards:  [-43.88] last_mean_rewards:  -43.15803
fps step: 34185 fps step and policy inference: 32110 fps total: 17223 epoch: 1882/3000 frames: 61636608
mean_rewards:  [-43.68] last_mean_rewards:  -43.15803
fps step: 34682 fps step and policy inference: 32674 fps total: 17332 epoch: 1883/3000 frames: 61669376
mean_rewards:  [-44.19] last_mean_rewards:  -43.15803
fps step: 34566 fps step and policy inference: 32506 fps total: 17250 epoch: 1884/3000 frames: 61702144
mean_rewards:  [-44.13] last_mean_rewards:  -43.15803
fps step: 33923 fps step and policy inference: 31770 fps total: 17220 epoch: 1885/3000 frames: 61734912
mean_rewards:  [-43.39] last_mean_rewards:  -43.15803
fps step: 34225 fps step and policy inference: 32220 fps total: 17361 epoch: 1886/3000 frames: 61767680
mean_rewards:  [-44.1] last_mean_rewards:  -43.15803
fps step: 34063 fps step and policy inference: 32160 fps total: 17244 epoch: 1887/3000 frames: 61800448
mean_rewards:  [-43.34] last_mean_rewards:  -43.15803
fps step: 34937 fps step and policy inference: 32971 fps total: 17535 epoch: 1888/3000 frames: 61833216
mean_rewards:  [-44.12] last_mean_rewards:  -43.15803
fps step: 34870 fps step and policy inference: 32888 fps total: 17481 epoch: 1889/3000 frames: 61865984
mean_rewards:  [-43.57] last_mean_rewards:  -43.15803
fps step: 34355 fps step and policy inference: 32400 fps total: 17323 epoch: 1890/3000 frames: 61898752
mean_rewards:  [-43.59] last_mean_rewards:  -43.15803
fps step: 34630 fps step and policy inference: 32677 fps total: 17250 epoch: 1891/3000 frames: 61931520
mean_rewards:  [-43.6] last_mean_rewards:  -43.15803
fps step: 34173 fps step and policy inference: 32271 fps total: 17254 epoch: 1892/3000 frames: 61964288
mean_rewards:  [-43.81] last_mean_rewards:  -43.15803
fps step: 34664 fps step and policy inference: 32727 fps total: 17566 epoch: 1893/3000 frames: 61997056
mean_rewards:  [-43.79] last_mean_rewards:  -43.15803
fps step: 34530 fps step and policy inference: 32595 fps total: 17361 epoch: 1894/3000 frames: 62029824
mean_rewards:  [-44.55] last_mean_rewards:  -43.15803
fps step: 34451 fps step and policy inference: 32500 fps total: 17217 epoch: 1895/3000 frames: 62062592
mean_rewards:  [-44.02] last_mean_rewards:  -43.15803
fps step: 34785 fps step and policy inference: 32821 fps total: 17368 epoch: 1896/3000 frames: 62095360
mean_rewards:  [-43.88] last_mean_rewards:  -43.15803
fps step: 35253 fps step and policy inference: 33237 fps total: 17448 epoch: 1897/3000 frames: 62128128
mean_rewards:  [-44.02] last_mean_rewards:  -43.15803
fps step: 35246 fps step and policy inference: 33246 fps total: 17360 epoch: 1898/3000 frames: 62160896
mean_rewards:  [-43.9] last_mean_rewards:  -43.15803
fps step: 34632 fps step and policy inference: 32680 fps total: 17464 epoch: 1899/3000 frames: 62193664
mean_rewards:  [-43.38] last_mean_rewards:  -43.15803
fps step: 34713 fps step and policy inference: 32743 fps total: 17469 epoch: 1900/3000 frames: 62226432
mean_rewards:  [-44.86] last_mean_rewards:  -43.15803
fps step: 34354 fps step and policy inference: 32431 fps total: 17392 epoch: 1901/3000 frames: 62259200
mean_rewards:  [-43.23] last_mean_rewards:  -43.15803
fps step: 35080 fps step and policy inference: 33094 fps total: 17457 epoch: 1902/3000 frames: 62291968
mean_rewards:  [-44.28] last_mean_rewards:  -43.15803
fps step: 34957 fps step and policy inference: 32988 fps total: 17367 epoch: 1903/3000 frames: 62324736
mean_rewards:  [-42.74] last_mean_rewards:  -43.15803
saving next best rewards:  [-42.74]
getting weights with keys: dict_keys(['scaler', 'model'])
=> saving checkpoint './logs/scratch_cube_scratch/tracking_ori_grab_s2_cubesmall_inspect_1_nf_300_obs_pure_state_wref_wdelta_density_500.0_trans_0.5_rot_0.5_goalcond_False__18-02-24-37/nn/tracking_ori_grab_s2_cubesmall_inspect_1_nf_300_obs_pure_state_wref_wdelta_density_500.0_trans_0.5_rot_0.5_goalcond_False_.pth'
fps step: 35233 fps step and policy inference: 33215 fps total: 17489 epoch: 1904/3000 frames: 62357504
mean_rewards:  [-43.27] last_mean_rewards:  -42.743435
fps step: 35163 fps step and policy inference: 33117 fps total: 17414 epoch: 1905/3000 frames: 62390272
mean_rewards:  [-43.26] last_mean_rewards:  -42.743435
fps step: 35238 fps step and policy inference: 33234 fps total: 17462 epoch: 1906/3000 frames: 62423040
mean_rewards:  [-43.21] last_mean_rewards:  -42.743435
fps step: 35285 fps step and policy inference: 33267 fps total: 17425 epoch: 1907/3000 frames: 62455808
mean_rewards:  [-43.89] last_mean_rewards:  -42.743435
fps step: 35048 fps step and policy inference: 33058 fps total: 17402 epoch: 1908/3000 frames: 62488576
mean_rewards:  [-43.52] last_mean_rewards:  -42.743435
fps step: 34357 fps step and policy inference: 32461 fps total: 17222 epoch: 1909/3000 frames: 62521344
mean_rewards:  [-43.28] last_mean_rewards:  -42.743435
fps step: 34373 fps step and policy inference: 32453 fps total: 17041 epoch: 1910/3000 frames: 62554112
mean_rewards:  [-43.29] last_mean_rewards:  -42.743435
fps step: 34962 fps step and policy inference: 32965 fps total: 17190 epoch: 1911/3000 frames: 62586880
mean_rewards:  [-42.9] last_mean_rewards:  -42.743435
fps step: 35473 fps step and policy inference: 33441 fps total: 17399 epoch: 1912/3000 frames: 62619648
mean_rewards:  [-43.2] last_mean_rewards:  -42.743435
fps step: 34839 fps step and policy inference: 32890 fps total: 17353 epoch: 1913/3000 frames: 62652416
mean_rewards:  [-43.01] last_mean_rewards:  -42.743435
fps step: 34695 fps step and policy inference: 32706 fps total: 17240 epoch: 1914/3000 frames: 62685184
mean_rewards:  [-42.97] last_mean_rewards:  -42.743435
fps step: 34397 fps step and policy inference: 32455 fps total: 17177 epoch: 1915/3000 frames: 62717952
mean_rewards:  [-43.49] last_mean_rewards:  -42.743435
fps step: 34531 fps step and policy inference: 32575 fps total: 17360 epoch: 1916/3000 frames: 62750720
mean_rewards:  [-43.79] last_mean_rewards:  -42.743435
fps step: 34944 fps step and policy inference: 32969 fps total: 17505 epoch: 1917/3000 frames: 62783488
mean_rewards:  [-43.02] last_mean_rewards:  -42.743435
fps step: 35127 fps step and policy inference: 33147 fps total: 17469 epoch: 1918/3000 frames: 62816256
mean_rewards:  [-43.21] last_mean_rewards:  -42.743435
fps step: 34684 fps step and policy inference: 32743 fps total: 17348 epoch: 1919/3000 frames: 62849024
mean_rewards:  [-42.53] last_mean_rewards:  -42.743435
saving next best rewards:  [-42.53]
getting weights with keys: dict_keys(['scaler', 'model'])
=> saving checkpoint './logs/scratch_cube_scratch/tracking_ori_grab_s2_cubesmall_inspect_1_nf_300_obs_pure_state_wref_wdelta_density_500.0_trans_0.5_rot_0.5_goalcond_False__18-02-24-37/nn/tracking_ori_grab_s2_cubesmall_inspect_1_nf_300_obs_pure_state_wref_wdelta_density_500.0_trans_0.5_rot_0.5_goalcond_False_.pth'
fps step: 34797 fps step and policy inference: 32840 fps total: 17449 epoch: 1920/3000 frames: 62881792
mean_rewards:  [-43.48] last_mean_rewards:  -42.52839
fps step: 35187 fps step and policy inference: 33186 fps total: 17526 epoch: 1921/3000 frames: 62914560
mean_rewards:  [-43.35] last_mean_rewards:  -42.52839
fps step: 35070 fps step and policy inference: 33088 fps total: 17516 epoch: 1922/3000 frames: 62947328
mean_rewards:  [-42.34] last_mean_rewards:  -42.52839
saving next best rewards:  [-42.34]
getting weights with keys: dict_keys(['scaler', 'model'])
=> saving checkpoint './logs/scratch_cube_scratch/tracking_ori_grab_s2_cubesmall_inspect_1_nf_300_obs_pure_state_wref_wdelta_density_500.0_trans_0.5_rot_0.5_goalcond_False__18-02-24-37/nn/tracking_ori_grab_s2_cubesmall_inspect_1_nf_300_obs_pure_state_wref_wdelta_density_500.0_trans_0.5_rot_0.5_goalcond_False_.pth'
fps step: 35038 fps step and policy inference: 33090 fps total: 17468 epoch: 1923/3000 frames: 62980096
mean_rewards:  [-43.03] last_mean_rewards:  -42.340477
fps step: 34881 fps step and policy inference: 32926 fps total: 17493 epoch: 1924/3000 frames: 63012864
mean_rewards:  [-42.97] last_mean_rewards:  -42.340477
fps step: 34921 fps step and policy inference: 32960 fps total: 17384 epoch: 1925/3000 frames: 63045632
mean_rewards:  [-44.9] last_mean_rewards:  -42.340477
fps step: 35235 fps step and policy inference: 33236 fps total: 17659 epoch: 1926/3000 frames: 63078400
mean_rewards:  [-43.32] last_mean_rewards:  -42.340477
fps step: 35273 fps step and policy inference: 33144 fps total: 17554 epoch: 1927/3000 frames: 63111168
mean_rewards:  [-43.04] last_mean_rewards:  -42.340477
fps step: 34720 fps step and policy inference: 32634 fps total: 17344 epoch: 1928/3000 frames: 63143936
mean_rewards:  [-42.67] last_mean_rewards:  -42.340477
fps step: 34494 fps step and policy inference: 32444 fps total: 17223 epoch: 1929/3000 frames: 63176704
mean_rewards:  [-43.17] last_mean_rewards:  -42.340477
fps step: 34700 fps step and policy inference: 32677 fps total: 17344 epoch: 1930/3000 frames: 63209472
mean_rewards:  [-43.9] last_mean_rewards:  -42.340477
fps step: 34900 fps step and policy inference: 32751 fps total: 17302 epoch: 1931/3000 frames: 63242240
mean_rewards:  [-43.49] last_mean_rewards:  -42.340477
fps step: 34913 fps step and policy inference: 32759 fps total: 17430 epoch: 1932/3000 frames: 63275008
mean_rewards:  [-42.75] last_mean_rewards:  -42.340477
fps step: 34485 fps step and policy inference: 32480 fps total: 17331 epoch: 1933/3000 frames: 63307776
mean_rewards:  [-42.74] last_mean_rewards:  -42.340477
fps step: 34726 fps step and policy inference: 32684 fps total: 17397 epoch: 1934/3000 frames: 63340544
mean_rewards:  [-42.55] last_mean_rewards:  -42.340477
fps step: 34388 fps step and policy inference: 32403 fps total: 17354 epoch: 1935/3000 frames: 63373312
mean_rewards:  [-43.55] last_mean_rewards:  -42.340477
fps step: 34611 fps step and policy inference: 32584 fps total: 17300 epoch: 1936/3000 frames: 63406080
mean_rewards:  [-43.] last_mean_rewards:  -42.340477
fps step: 34353 fps step and policy inference: 32293 fps total: 17344 epoch: 1937/3000 frames: 63438848
mean_rewards:  [-42.06] last_mean_rewards:  -42.340477
saving next best rewards:  [-42.06]
getting weights with keys: dict_keys(['scaler', 'model'])
=> saving checkpoint './logs/scratch_cube_scratch/tracking_ori_grab_s2_cubesmall_inspect_1_nf_300_obs_pure_state_wref_wdelta_density_500.0_trans_0.5_rot_0.5_goalcond_False__18-02-24-37/nn/tracking_ori_grab_s2_cubesmall_inspect_1_nf_300_obs_pure_state_wref_wdelta_density_500.0_trans_0.5_rot_0.5_goalcond_False_.pth'
fps step: 34228 fps step and policy inference: 32272 fps total: 17375 epoch: 1938/3000 frames: 63471616
mean_rewards:  [-42.93] last_mean_rewards:  -42.057755
fps step: 34432 fps step and policy inference: 32253 fps total: 17280 epoch: 1939/3000 frames: 63504384
mean_rewards:  [-44.68] last_mean_rewards:  -42.057755
fps step: 35001 fps step and policy inference: 32978 fps total: 17531 epoch: 1940/3000 frames: 63537152
mean_rewards:  [-43.5] last_mean_rewards:  -42.057755
fps step: 35065 fps step and policy inference: 33044 fps total: 17456 epoch: 1941/3000 frames: 63569920
mean_rewards:  [-43.02] last_mean_rewards:  -42.057755
fps step: 34141 fps step and policy inference: 32188 fps total: 17381 epoch: 1942/3000 frames: 63602688
mean_rewards:  [-43.15] last_mean_rewards:  -42.057755
fps step: 34062 fps step and policy inference: 32016 fps total: 17301 epoch: 1943/3000 frames: 63635456
mean_rewards:  [-43.18] last_mean_rewards:  -42.057755
fps step: 34330 fps step and policy inference: 32324 fps total: 17350 epoch: 1944/3000 frames: 63668224
mean_rewards:  [-42.76] last_mean_rewards:  -42.057755
fps step: 34443 fps step and policy inference: 32449 fps total: 17398 epoch: 1945/3000 frames: 63700992
mean_rewards:  [-43.3] last_mean_rewards:  -42.057755
fps step: 34449 fps step and policy inference: 32354 fps total: 17383 epoch: 1946/3000 frames: 63733760
mean_rewards:  [-42.55] last_mean_rewards:  -42.057755
fps step: 33881 fps step and policy inference: 31819 fps total: 17224 epoch: 1947/3000 frames: 63766528
mean_rewards:  [-43.06] last_mean_rewards:  -42.057755
fps step: 34609 fps step and policy inference: 32587 fps total: 17270 epoch: 1948/3000 frames: 63799296
mean_rewards:  [-42.18] last_mean_rewards:  -42.057755
fps step: 34818 fps step and policy inference: 32787 fps total: 17299 epoch: 1949/3000 frames: 63832064
mean_rewards:  [-42.48] last_mean_rewards:  -42.057755
fps step: 34932 fps step and policy inference: 32836 fps total: 17306 epoch: 1950/3000 frames: 63864832
mean_rewards:  [-42.66] last_mean_rewards:  -42.057755
fps step: 34853 fps step and policy inference: 32822 fps total: 17304 epoch: 1951/3000 frames: 63897600
mean_rewards:  [-43.41] last_mean_rewards:  -42.057755
fps step: 33945 fps step and policy inference: 31995 fps total: 17031 epoch: 1952/3000 frames: 63930368
mean_rewards:  [-42.82] last_mean_rewards:  -42.057755
fps step: 34404 fps step and policy inference: 32374 fps total: 17336 epoch: 1953/3000 frames: 63963136
mean_rewards:  [-43.88] last_mean_rewards:  -42.057755
fps step: 35295 fps step and policy inference: 33302 fps total: 17466 epoch: 1954/3000 frames: 63995904
mean_rewards:  [-43.15] last_mean_rewards:  -42.057755
fps step: 35187 fps step and policy inference: 33188 fps total: 17386 epoch: 1955/3000 frames: 64028672
mean_rewards:  [-42.18] last_mean_rewards:  -42.057755
fps step: 34786 fps step and policy inference: 32814 fps total: 17229 epoch: 1956/3000 frames: 64061440
mean_rewards:  [-42.94] last_mean_rewards:  -42.057755
fps step: 34151 fps step and policy inference: 32213 fps total: 17231 epoch: 1957/3000 frames: 64094208
mean_rewards:  [-42.15] last_mean_rewards:  -42.057755
fps step: 34611 fps step and policy inference: 32632 fps total: 17282 epoch: 1958/3000 frames: 64126976
mean_rewards:  [-42.85] last_mean_rewards:  -42.057755
fps step: 35095 fps step and policy inference: 33103 fps total: 17479 epoch: 1959/3000 frames: 64159744
mean_rewards:  [-42.33] last_mean_rewards:  -42.057755
fps step: 34644 fps step and policy inference: 32677 fps total: 17344 epoch: 1960/3000 frames: 64192512
mean_rewards:  [-42.51] last_mean_rewards:  -42.057755
fps step: 35203 fps step and policy inference: 33212 fps total: 17502 epoch: 1961/3000 frames: 64225280
mean_rewards:  [-42.16] last_mean_rewards:  -42.057755
fps step: 34440 fps step and policy inference: 32080 fps total: 16988 epoch: 1962/3000 frames: 64258048
mean_rewards:  [-42.17] last_mean_rewards:  -42.057755
fps step: 33508 fps step and policy inference: 31090 fps total: 16840 epoch: 1963/3000 frames: 64290816
mean_rewards:  [-42.74] last_mean_rewards:  -42.057755
fps step: 34611 fps step and policy inference: 32595 fps total: 17448 epoch: 1964/3000 frames: 64323584
mean_rewards:  [-42.98] last_mean_rewards:  -42.057755
fps step: 34519 fps step and policy inference: 32495 fps total: 17310 epoch: 1965/3000 frames: 64356352
mean_rewards:  [-42.62] last_mean_rewards:  -42.057755
fps step: 34071 fps step and policy inference: 32055 fps total: 17205 epoch: 1966/3000 frames: 64389120
mean_rewards:  [-42.47] last_mean_rewards:  -42.057755
fps step: 34984 fps step and policy inference: 32881 fps total: 17381 epoch: 1967/3000 frames: 64421888
mean_rewards:  [-44.21] last_mean_rewards:  -42.057755
fps step: 34984 fps step and policy inference: 32949 fps total: 17376 epoch: 1968/3000 frames: 64454656
mean_rewards:  [-43.7] last_mean_rewards:  -42.057755
fps step: 35131 fps step and policy inference: 33076 fps total: 17463 epoch: 1969/3000 frames: 64487424
mean_rewards:  [-43.23] last_mean_rewards:  -42.057755
fps step: 34422 fps step and policy inference: 32362 fps total: 17352 epoch: 1970/3000 frames: 64520192
mean_rewards:  [-42.59] last_mean_rewards:  -42.057755
fps step: 34133 fps step and policy inference: 32059 fps total: 17174 epoch: 1971/3000 frames: 64552960
mean_rewards:  [-42.47] last_mean_rewards:  -42.057755
fps step: 34327 fps step and policy inference: 32324 fps total: 17246 epoch: 1972/3000 frames: 64585728
mean_rewards:  [-42.77] last_mean_rewards:  -42.057755
fps step: 34369 fps step and policy inference: 32376 fps total: 17271 epoch: 1973/3000 frames: 64618496
mean_rewards:  [-42.89] last_mean_rewards:  -42.057755
fps step: 34528 fps step and policy inference: 32521 fps total: 17384 epoch: 1974/3000 frames: 64651264
mean_rewards:  [-42.79] last_mean_rewards:  -42.057755
fps step: 34457 fps step and policy inference: 32412 fps total: 17318 epoch: 1975/3000 frames: 64684032
mean_rewards:  [-42.72] last_mean_rewards:  -42.057755
fps step: 34480 fps step and policy inference: 32439 fps total: 17169 epoch: 1976/3000 frames: 64716800
mean_rewards:  [-42.72] last_mean_rewards:  -42.057755
fps step: 34819 fps step and policy inference: 32773 fps total: 17272 epoch: 1977/3000 frames: 64749568
mean_rewards:  [-42.84] last_mean_rewards:  -42.057755
fps step: 35256 fps step and policy inference: 33206 fps total: 17379 epoch: 1978/3000 frames: 64782336
mean_rewards:  [-42.77] last_mean_rewards:  -42.057755
fps step: 33907 fps step and policy inference: 31891 fps total: 17148 epoch: 1979/3000 frames: 64815104
mean_rewards:  [-42.26] last_mean_rewards:  -42.057755
fps step: 33646 fps step and policy inference: 31615 fps total: 16863 epoch: 1980/3000 frames: 64847872
mean_rewards:  [-43.03] last_mean_rewards:  -42.057755
fps step: 34576 fps step and policy inference: 32512 fps total: 17265 epoch: 1981/3000 frames: 64880640
mean_rewards:  [-43.29] last_mean_rewards:  -42.057755
fps step: 34853 fps step and policy inference: 32833 fps total: 17318 epoch: 1982/3000 frames: 64913408
mean_rewards:  [-42.31] last_mean_rewards:  -42.057755
fps step: 34816 fps step and policy inference: 32775 fps total: 17310 epoch: 1983/3000 frames: 64946176
mean_rewards:  [-42.28] last_mean_rewards:  -42.057755
fps step: 34088 fps step and policy inference: 32080 fps total: 17144 epoch: 1984/3000 frames: 64978944
mean_rewards:  [-42.33] last_mean_rewards:  -42.057755
fps step: 34213 fps step and policy inference: 32243 fps total: 17261 epoch: 1985/3000 frames: 65011712
mean_rewards:  [-42.53] last_mean_rewards:  -42.057755
fps step: 34275 fps step and policy inference: 32284 fps total: 17169 epoch: 1986/3000 frames: 65044480
mean_rewards:  [-43.04] last_mean_rewards:  -42.057755
fps step: 34742 fps step and policy inference: 32745 fps total: 17276 epoch: 1987/3000 frames: 65077248
mean_rewards:  [-42.61] last_mean_rewards:  -42.057755
fps step: 34734 fps step and policy inference: 32693 fps total: 17251 epoch: 1988/3000 frames: 65110016
mean_rewards:  [-42.69] last_mean_rewards:  -42.057755
fps step: 34714 fps step and policy inference: 32738 fps total: 17327 epoch: 1989/3000 frames: 65142784
mean_rewards:  [-42.77] last_mean_rewards:  -42.057755
fps step: 35028 fps step and policy inference: 33071 fps total: 17423 epoch: 1990/3000 frames: 65175552
mean_rewards:  [-42.29] last_mean_rewards:  -42.057755
fps step: 35061 fps step and policy inference: 33041 fps total: 17392 epoch: 1991/3000 frames: 65208320
mean_rewards:  [-42.72] last_mean_rewards:  -42.057755
fps step: 35276 fps step and policy inference: 33272 fps total: 17333 epoch: 1992/3000 frames: 65241088
mean_rewards:  [-42.82] last_mean_rewards:  -42.057755
fps step: 35499 fps step and policy inference: 33454 fps total: 17401 epoch: 1993/3000 frames: 65273856
mean_rewards:  [-43.13] last_mean_rewards:  -42.057755
fps step: 34883 fps step and policy inference: 32893 fps total: 17284 epoch: 1994/3000 frames: 65306624
mean_rewards:  [-42.95] last_mean_rewards:  -42.057755
fps step: 35007 fps step and policy inference: 33004 fps total: 17274 epoch: 1995/3000 frames: 65339392
mean_rewards:  [-44.14] last_mean_rewards:  -42.057755
fps step: 35068 fps step and policy inference: 33004 fps total: 17254 epoch: 1996/3000 frames: 65372160
mean_rewards:  [-42.94] last_mean_rewards:  -42.057755
fps step: 34428 fps step and policy inference: 32219 fps total: 17110 epoch: 1997/3000 frames: 65404928
mean_rewards:  [-42.89] last_mean_rewards:  -42.057755
fps step: 34380 fps step and policy inference: 32359 fps total: 17181 epoch: 1998/3000 frames: 65437696
mean_rewards:  [-42.68] last_mean_rewards:  -42.057755
fps step: 34902 fps step and policy inference: 32838 fps total: 17340 epoch: 1999/3000 frames: 65470464
mean_rewards:  [-42.55] last_mean_rewards:  -42.057755
fps step: 34919 fps step and policy inference: 32836 fps total: 17377 epoch: 2000/3000 frames: 65503232
mean_rewards:  [-42.4] last_mean_rewards:  -42.057755
getting weights with keys: dict_keys(['scaler', 'model'])
=> saving checkpoint './logs/scratch_cube_scratch/tracking_ori_grab_s2_cubesmall_inspect_1_nf_300_obs_pure_state_wref_wdelta_density_500.0_trans_0.5_rot_0.5_goalcond_False__18-02-24-37/nn/last_tracking_ori_grab_s2_cubesmall_inspect_1_nf_300_obs_pure_state_wref_wdelta_density_500.0_trans_0.5_rot_0.5_goalcond_False__ep_2000_rew_-42.404217.pth'
fps step: 34469 fps step and policy inference: 32439 fps total: 17218 epoch: 2001/3000 frames: 65536000
mean_rewards:  [-42.57] last_mean_rewards:  -42.057755
fps step: 34702 fps step and policy inference: 32624 fps total: 17138 epoch: 2002/3000 frames: 65568768
mean_rewards:  [-43.56] last_mean_rewards:  -42.057755
fps step: 34101 fps step and policy inference: 31940 fps total: 16939 epoch: 2003/3000 frames: 65601536
mean_rewards:  [-42.58] last_mean_rewards:  -42.057755
fps step: 34590 fps step and policy inference: 32511 fps total: 17182 epoch: 2004/3000 frames: 65634304
mean_rewards:  [-42.21] last_mean_rewards:  -42.057755
fps step: 34232 fps step and policy inference: 32223 fps total: 17070 epoch: 2005/3000 frames: 65667072
mean_rewards:  [-42.82] last_mean_rewards:  -42.057755
fps step: 34841 fps step and policy inference: 32799 fps total: 17234 epoch: 2006/3000 frames: 65699840
mean_rewards:  [-42.5] last_mean_rewards:  -42.057755
fps step: 34632 fps step and policy inference: 32596 fps total: 17183 epoch: 2007/3000 frames: 65732608
mean_rewards:  [-41.94] last_mean_rewards:  -42.057755
saving next best rewards:  [-41.94]
getting weights with keys: dict_keys(['scaler', 'model'])
=> saving checkpoint './logs/scratch_cube_scratch/tracking_ori_grab_s2_cubesmall_inspect_1_nf_300_obs_pure_state_wref_wdelta_density_500.0_trans_0.5_rot_0.5_goalcond_False__18-02-24-37/nn/tracking_ori_grab_s2_cubesmall_inspect_1_nf_300_obs_pure_state_wref_wdelta_density_500.0_trans_0.5_rot_0.5_goalcond_False_.pth'
fps step: 34365 fps step and policy inference: 32363 fps total: 17069 epoch: 2008/3000 frames: 65765376
mean_rewards:  [-42.08] last_mean_rewards:  -41.941322
fps step: 35135 fps step and policy inference: 33117 fps total: 17280 epoch: 2009/3000 frames: 65798144
mean_rewards:  [-43.95] last_mean_rewards:  -41.941322
fps step: 35131 fps step and policy inference: 33144 fps total: 17295 epoch: 2010/3000 frames: 65830912
mean_rewards:  [-42.37] last_mean_rewards:  -41.941322
fps step: 35173 fps step and policy inference: 33177 fps total: 17995 epoch: 2011/3000 frames: 65863680
mean_rewards:  [-42.98] last_mean_rewards:  -41.941322
fps step: 35142 fps step and policy inference: 33136 fps total: 18030 epoch: 2012/3000 frames: 65896448
mean_rewards:  [-42.38] last_mean_rewards:  -41.941322
fps step: 35564 fps step and policy inference: 33515 fps total: 18118 epoch: 2013/3000 frames: 65929216
mean_rewards:  [-42.05] last_mean_rewards:  -41.941322
fps step: 35860 fps step and policy inference: 33810 fps total: 18238 epoch: 2014/3000 frames: 65961984
mean_rewards:  [-43.3] last_mean_rewards:  -41.941322
fps step: 35700 fps step and policy inference: 33635 fps total: 18199 epoch: 2015/3000 frames: 65994752
mean_rewards:  [-42.62] last_mean_rewards:  -41.941322
fps step: 34316 fps step and policy inference: 32143 fps total: 17835 epoch: 2016/3000 frames: 66027520
mean_rewards:  [-42.55] last_mean_rewards:  -41.941322
fps step: 35398 fps step and policy inference: 33379 fps total: 18162 epoch: 2017/3000 frames: 66060288
mean_rewards:  [-43.14] last_mean_rewards:  -41.941322
fps step: 35243 fps step and policy inference: 33228 fps total: 18178 epoch: 2018/3000 frames: 66093056
mean_rewards:  [-42.38] last_mean_rewards:  -41.941322
fps step: 35155 fps step and policy inference: 33147 fps total: 18097 epoch: 2019/3000 frames: 66125824
mean_rewards:  [-42.24] last_mean_rewards:  -41.941322
fps step: 35084 fps step and policy inference: 33084 fps total: 17906 epoch: 2020/3000 frames: 66158592
mean_rewards:  [-43.05] last_mean_rewards:  -41.941322
fps step: 35044 fps step and policy inference: 33038 fps total: 18069 epoch: 2021/3000 frames: 66191360
mean_rewards:  [-43.06] last_mean_rewards:  -41.941322
fps step: 34712 fps step and policy inference: 32723 fps total: 17917 epoch: 2022/3000 frames: 66224128
mean_rewards:  [-43.23] last_mean_rewards:  -41.941322
fps step: 35041 fps step and policy inference: 33038 fps total: 18030 epoch: 2023/3000 frames: 66256896
mean_rewards:  [-44.19] last_mean_rewards:  -41.941322
fps step: 35227 fps step and policy inference: 33231 fps total: 18164 epoch: 2024/3000 frames: 66289664
mean_rewards:  [-43.28] last_mean_rewards:  -41.941322
fps step: 34827 fps step and policy inference: 32838 fps total: 17896 epoch: 2025/3000 frames: 66322432
mean_rewards:  [-43.21] last_mean_rewards:  -41.941322
fps step: 34550 fps step and policy inference: 32596 fps total: 17892 epoch: 2026/3000 frames: 66355200
mean_rewards:  [-43.62] last_mean_rewards:  -41.941322
fps step: 34903 fps step and policy inference: 32920 fps total: 17933 epoch: 2027/3000 frames: 66387968
mean_rewards:  [-44.27] last_mean_rewards:  -41.941322
fps step: 35155 fps step and policy inference: 33147 fps total: 17994 epoch: 2028/3000 frames: 66420736
mean_rewards:  [-43.3] last_mean_rewards:  -41.941322
fps step: 35062 fps step and policy inference: 33059 fps total: 18118 epoch: 2029/3000 frames: 66453504
mean_rewards:  [-43.57] last_mean_rewards:  -41.941322
fps step: 34948 fps step and policy inference: 32951 fps total: 18048 epoch: 2030/3000 frames: 66486272
mean_rewards:  [-43.27] last_mean_rewards:  -41.941322
fps step: 34989 fps step and policy inference: 33007 fps total: 18021 epoch: 2031/3000 frames: 66519040
mean_rewards:  [-43.1] last_mean_rewards:  -41.941322
fps step: 35011 fps step and policy inference: 32960 fps total: 18078 epoch: 2032/3000 frames: 66551808
mean_rewards:  [-42.72] last_mean_rewards:  -41.941322
fps step: 35009 fps step and policy inference: 32980 fps total: 17970 epoch: 2033/3000 frames: 66584576
mean_rewards:  [-43.52] last_mean_rewards:  -41.941322
fps step: 35029 fps step and policy inference: 32899 fps total: 17983 epoch: 2034/3000 frames: 66617344
mean_rewards:  [-44.06] last_mean_rewards:  -41.941322
fps step: 34650 fps step and policy inference: 32352 fps total: 17945 epoch: 2035/3000 frames: 66650112
mean_rewards:  [-44.52] last_mean_rewards:  -41.941322
fps step: 34511 fps step and policy inference: 32338 fps total: 17902 epoch: 2036/3000 frames: 66682880
mean_rewards:  [-43.92] last_mean_rewards:  -41.941322
fps step: 34254 fps step and policy inference: 32010 fps total: 17756 epoch: 2037/3000 frames: 66715648
mean_rewards:  [-44.11] last_mean_rewards:  -41.941322
fps step: 34745 fps step and policy inference: 32633 fps total: 18011 epoch: 2038/3000 frames: 66748416
mean_rewards:  [-43.57] last_mean_rewards:  -41.941322
fps step: 34918 fps step and policy inference: 32850 fps total: 18024 epoch: 2039/3000 frames: 66781184
mean_rewards:  [-43.87] last_mean_rewards:  -41.941322
fps step: 34687 fps step and policy inference: 32655 fps total: 17811 epoch: 2040/3000 frames: 66813952
mean_rewards:  [-43.99] last_mean_rewards:  -41.941322
fps step: 34683 fps step and policy inference: 32661 fps total: 17955 epoch: 2041/3000 frames: 66846720
mean_rewards:  [-44.07] last_mean_rewards:  -41.941322
fps step: 35010 fps step and policy inference: 32884 fps total: 17982 epoch: 2042/3000 frames: 66879488
mean_rewards:  [-44.42] last_mean_rewards:  -41.941322
fps step: 34833 fps step and policy inference: 32680 fps total: 17993 epoch: 2043/3000 frames: 66912256
mean_rewards:  [-44.38] last_mean_rewards:  -41.941322
fps step: 34891 fps step and policy inference: 32860 fps total: 18018 epoch: 2044/3000 frames: 66945024
mean_rewards:  [-43.92] last_mean_rewards:  -41.941322
fps step: 34940 fps step and policy inference: 32915 fps total: 18075 epoch: 2045/3000 frames: 66977792
mean_rewards:  [-43.5] last_mean_rewards:  -41.941322
fps step: 35064 fps step and policy inference: 32994 fps total: 18058 epoch: 2046/3000 frames: 67010560
mean_rewards:  [-44.53] last_mean_rewards:  -41.941322
fps step: 35138 fps step and policy inference: 33114 fps total: 18102 epoch: 2047/3000 frames: 67043328
mean_rewards:  [-44.52] last_mean_rewards:  -41.941322
fps step: 34444 fps step and policy inference: 32460 fps total: 17929 epoch: 2048/3000 frames: 67076096
mean_rewards:  [-44.23] last_mean_rewards:  -41.941322
fps step: 34784 fps step and policy inference: 32741 fps total: 18064 epoch: 2049/3000 frames: 67108864
mean_rewards:  [-44.04] last_mean_rewards:  -41.941322
fps step: 34437 fps step and policy inference: 32434 fps total: 17883 epoch: 2050/3000 frames: 67141632
mean_rewards:  [-44.13] last_mean_rewards:  -41.941322
fps step: 34937 fps step and policy inference: 32872 fps total: 17996 epoch: 2051/3000 frames: 67174400
mean_rewards:  [-44.9] last_mean_rewards:  -41.941322
fps step: 34740 fps step and policy inference: 32736 fps total: 18122 epoch: 2052/3000 frames: 67207168
mean_rewards:  [-44.61] last_mean_rewards:  -41.941322
fps step: 34958 fps step and policy inference: 32933 fps total: 18073 epoch: 2053/3000 frames: 67239936
mean_rewards:  [-44.11] last_mean_rewards:  -41.941322
fps step: 34677 fps step and policy inference: 32665 fps total: 17968 epoch: 2054/3000 frames: 67272704
mean_rewards:  [-43.96] last_mean_rewards:  -41.941322
fps step: 34791 fps step and policy inference: 32764 fps total: 17996 epoch: 2055/3000 frames: 67305472
mean_rewards:  [-43.86] last_mean_rewards:  -41.941322
fps step: 34893 fps step and policy inference: 32711 fps total: 17993 epoch: 2056/3000 frames: 67338240
mean_rewards:  [-44.49] last_mean_rewards:  -41.941322
fps step: 34790 fps step and policy inference: 32690 fps total: 17855 epoch: 2057/3000 frames: 67371008
mean_rewards:  [-44.01] last_mean_rewards:  -41.941322
fps step: 35074 fps step and policy inference: 33024 fps total: 17942 epoch: 2058/3000 frames: 67403776
mean_rewards:  [-44.16] last_mean_rewards:  -41.941322
fps step: 34894 fps step and policy inference: 32811 fps total: 17966 epoch: 2059/3000 frames: 67436544
mean_rewards:  [-45.32] last_mean_rewards:  -41.941322
fps step: 34395 fps step and policy inference: 32343 fps total: 17948 epoch: 2060/3000 frames: 67469312
mean_rewards:  [-43.98] last_mean_rewards:  -41.941322
fps step: 35529 fps step and policy inference: 33430 fps total: 18156 epoch: 2061/3000 frames: 67502080
mean_rewards:  [-44.6] last_mean_rewards:  -41.941322
fps step: 34303 fps step and policy inference: 32137 fps total: 17769 epoch: 2062/3000 frames: 67534848
mean_rewards:  [-44.15] last_mean_rewards:  -41.941322
fps step: 34727 fps step and policy inference: 32612 fps total: 17951 epoch: 2063/3000 frames: 67567616
mean_rewards:  [-44.15] last_mean_rewards:  -41.941322
fps step: 34549 fps step and policy inference: 32472 fps total: 17874 epoch: 2064/3000 frames: 67600384
mean_rewards:  [-44.67] last_mean_rewards:  -41.941322
fps step: 34781 fps step and policy inference: 32639 fps total: 17874 epoch: 2065/3000 frames: 67633152
mean_rewards:  [-45.31] last_mean_rewards:  -41.941322
fps step: 35093 fps step and policy inference: 32943 fps total: 18100 epoch: 2066/3000 frames: 67665920
mean_rewards:  [-45.31] last_mean_rewards:  -41.941322
fps step: 35208 fps step and policy inference: 33082 fps total: 18110 epoch: 2067/3000 frames: 67698688
mean_rewards:  [-43.87] last_mean_rewards:  -41.941322
fps step: 34657 fps step and policy inference: 32543 fps total: 17987 epoch: 2068/3000 frames: 67731456
mean_rewards:  [-45.16] last_mean_rewards:  -41.941322
fps step: 34841 fps step and policy inference: 32775 fps total: 18035 epoch: 2069/3000 frames: 67764224
mean_rewards:  [-45.52] last_mean_rewards:  -41.941322
fps step: 35151 fps step and policy inference: 33060 fps total: 18088 epoch: 2070/3000 frames: 67796992
mean_rewards:  [-45.69] last_mean_rewards:  -41.941322
fps step: 34960 fps step and policy inference: 32938 fps total: 18149 epoch: 2071/3000 frames: 67829760
mean_rewards:  [-45.67] last_mean_rewards:  -41.941322
fps step: 34555 fps step and policy inference: 32570 fps total: 18007 epoch: 2072/3000 frames: 67862528
mean_rewards:  [-46.1] last_mean_rewards:  -41.941322
fps step: 35091 fps step and policy inference: 33029 fps total: 18100 epoch: 2073/3000 frames: 67895296
mean_rewards:  [-46.58] last_mean_rewards:  -41.941322
fps step: 35086 fps step and policy inference: 33038 fps total: 18101 epoch: 2074/3000 frames: 67928064
mean_rewards:  [-47.93] last_mean_rewards:  -41.941322
fps step: 35119 fps step and policy inference: 33088 fps total: 18116 epoch: 2075/3000 frames: 67960832
mean_rewards:  [-44.81] last_mean_rewards:  -41.941322
fps step: 35095 fps step and policy inference: 33051 fps total: 18058 epoch: 2076/3000 frames: 67993600
mean_rewards:  [-45.6] last_mean_rewards:  -41.941322
fps step: 34874 fps step and policy inference: 32854 fps total: 18016 epoch: 2077/3000 frames: 68026368
mean_rewards:  [-45.48] last_mean_rewards:  -41.941322
fps step: 35031 fps step and policy inference: 32924 fps total: 18144 epoch: 2078/3000 frames: 68059136
mean_rewards:  [-44.16] last_mean_rewards:  -41.941322
fps step: 34998 fps step and policy inference: 32869 fps total: 17953 epoch: 2079/3000 frames: 68091904
mean_rewards:  [-45.42] last_mean_rewards:  -41.941322
fps step: 34733 fps step and policy inference: 32604 fps total: 17968 epoch: 2080/3000 frames: 68124672
mean_rewards:  [-44.81] last_mean_rewards:  -41.941322
fps step: 34730 fps step and policy inference: 32712 fps total: 18000 epoch: 2081/3000 frames: 68157440
mean_rewards:  [-44.14] last_mean_rewards:  -41.941322
fps step: 34507 fps step and policy inference: 32535 fps total: 17919 epoch: 2082/3000 frames: 68190208
mean_rewards:  [-44.25] last_mean_rewards:  -41.941322
fps step: 35075 fps step and policy inference: 33026 fps total: 18001 epoch: 2083/3000 frames: 68222976
mean_rewards:  [-44.92] last_mean_rewards:  -41.941322
fps step: 35101 fps step and policy inference: 33053 fps total: 18026 epoch: 2084/3000 frames: 68255744
mean_rewards:  [-44.73] last_mean_rewards:  -41.941322
fps step: 35405 fps step and policy inference: 33321 fps total: 18082 epoch: 2085/3000 frames: 68288512
mean_rewards:  [-44.7] last_mean_rewards:  -41.941322
fps step: 35147 fps step and policy inference: 33098 fps total: 18039 epoch: 2086/3000 frames: 68321280
mean_rewards:  [-45.13] last_mean_rewards:  -41.941322
fps step: 35222 fps step and policy inference: 33121 fps total: 18065 epoch: 2087/3000 frames: 68354048
mean_rewards:  [-44.53] last_mean_rewards:  -41.941322
fps step: 35072 fps step and policy inference: 33013 fps total: 18019 epoch: 2088/3000 frames: 68386816
mean_rewards:  [-46.25] last_mean_rewards:  -41.941322
fps step: 35414 fps step and policy inference: 33338 fps total: 18057 epoch: 2089/3000 frames: 68419584
mean_rewards:  [-44.73] last_mean_rewards:  -41.941322
fps step: 35420 fps step and policy inference: 33238 fps total: 18087 epoch: 2090/3000 frames: 68452352
mean_rewards:  [-44.75] last_mean_rewards:  -41.941322
fps step: 34556 fps step and policy inference: 32529 fps total: 17872 epoch: 2091/3000 frames: 68485120
mean_rewards:  [-44.01] last_mean_rewards:  -41.941322
fps step: 34757 fps step and policy inference: 32633 fps total: 17971 epoch: 2092/3000 frames: 68517888
mean_rewards:  [-44.03] last_mean_rewards:  -41.941322
fps step: 34860 fps step and policy inference: 32738 fps total: 17990 epoch: 2093/3000 frames: 68550656
mean_rewards:  [-44.26] last_mean_rewards:  -41.941322
fps step: 35155 fps step and policy inference: 32967 fps total: 18108 epoch: 2094/3000 frames: 68583424
mean_rewards:  [-43.52] last_mean_rewards:  -41.941322
fps step: 35278 fps step and policy inference: 33080 fps total: 18127 epoch: 2095/3000 frames: 68616192
mean_rewards:  [-43.5] last_mean_rewards:  -41.941322
fps step: 34814 fps step and policy inference: 32589 fps total: 17913 epoch: 2096/3000 frames: 68648960
mean_rewards:  [-43.89] last_mean_rewards:  -41.941322
fps step: 35291 fps step and policy inference: 33098 fps total: 18120 epoch: 2097/3000 frames: 68681728
mean_rewards:  [-44.57] last_mean_rewards:  -41.941322
fps step: 34840 fps step and policy inference: 32745 fps total: 17904 epoch: 2098/3000 frames: 68714496
mean_rewards:  [-45.25] last_mean_rewards:  -41.941322
fps step: 35017 fps step and policy inference: 32896 fps total: 17944 epoch: 2099/3000 frames: 68747264
mean_rewards:  [-44.36] last_mean_rewards:  -41.941322
fps step: 34816 fps step and policy inference: 32765 fps total: 17997 epoch: 2100/3000 frames: 68780032
mean_rewards:  [-44.12] last_mean_rewards:  -41.941322
fps step: 34549 fps step and policy inference: 32483 fps total: 17850 epoch: 2101/3000 frames: 68812800
mean_rewards:  [-44.13] last_mean_rewards:  -41.941322
fps step: 34611 fps step and policy inference: 32584 fps total: 17939 epoch: 2102/3000 frames: 68845568
mean_rewards:  [-44.08] last_mean_rewards:  -41.941322
fps step: 35188 fps step and policy inference: 33137 fps total: 18030 epoch: 2103/3000 frames: 68878336
mean_rewards:  [-44.01] last_mean_rewards:  -41.941322
fps step: 35578 fps step and policy inference: 33468 fps total: 18108 epoch: 2104/3000 frames: 68911104
mean_rewards:  [-43.98] last_mean_rewards:  -41.941322
fps step: 34806 fps step and policy inference: 32787 fps total: 17970 epoch: 2105/3000 frames: 68943872
mean_rewards:  [-43.26] last_mean_rewards:  -41.941322
fps step: 34688 fps step and policy inference: 32721 fps total: 17923 epoch: 2106/3000 frames: 68976640
mean_rewards:  [-43.89] last_mean_rewards:  -41.941322
fps step: 34946 fps step and policy inference: 32958 fps total: 18018 epoch: 2107/3000 frames: 69009408
mean_rewards:  [-43.91] last_mean_rewards:  -41.941322
fps step: 36056 fps step and policy inference: 33966 fps total: 18385 epoch: 2108/3000 frames: 69042176
mean_rewards:  [-44.29] last_mean_rewards:  -41.941322
fps step: 35285 fps step and policy inference: 33264 fps total: 18133 epoch: 2109/3000 frames: 69074944
mean_rewards:  [-43.74] last_mean_rewards:  -41.941322
fps step: 35523 fps step and policy inference: 33475 fps total: 18235 epoch: 2110/3000 frames: 69107712
mean_rewards:  [-43.18] last_mean_rewards:  -41.941322
fps step: 35812 fps step and policy inference: 33741 fps total: 18240 epoch: 2111/3000 frames: 69140480
mean_rewards:  [-43.34] last_mean_rewards:  -41.941322
fps step: 35478 fps step and policy inference: 33426 fps total: 18160 epoch: 2112/3000 frames: 69173248
mean_rewards:  [-43.75] last_mean_rewards:  -41.941322
fps step: 36090 fps step and policy inference: 33971 fps total: 18342 epoch: 2113/3000 frames: 69206016
mean_rewards:  [-43.13] last_mean_rewards:  -41.941322
fps step: 35392 fps step and policy inference: 33294 fps total: 18127 epoch: 2114/3000 frames: 69238784
mean_rewards:  [-43.7] last_mean_rewards:  -41.941322
fps step: 35513 fps step and policy inference: 33448 fps total: 18135 epoch: 2115/3000 frames: 69271552
mean_rewards:  [-43.83] last_mean_rewards:  -41.941322
fps step: 35572 fps step and policy inference: 33513 fps total: 18206 epoch: 2116/3000 frames: 69304320
mean_rewards:  [-44.16] last_mean_rewards:  -41.941322
fps step: 36207 fps step and policy inference: 34106 fps total: 18478 epoch: 2117/3000 frames: 69337088
mean_rewards:  [-43.24] last_mean_rewards:  -41.941322
fps step: 35966 fps step and policy inference: 33716 fps total: 18277 epoch: 2118/3000 frames: 69369856
mean_rewards:  [-43.35] last_mean_rewards:  -41.941322
fps step: 35412 fps step and policy inference: 33236 fps total: 18160 epoch: 2119/3000 frames: 69402624
mean_rewards:  [-43.9] last_mean_rewards:  -41.941322
fps step: 35130 fps step and policy inference: 33067 fps total: 18016 epoch: 2120/3000 frames: 69435392
mean_rewards:  [-43.43] last_mean_rewards:  -41.941322
fps step: 35551 fps step and policy inference: 33438 fps total: 18127 epoch: 2121/3000 frames: 69468160
mean_rewards:  [-43.45] last_mean_rewards:  -41.941322
fps step: 35525 fps step and policy inference: 33403 fps total: 18181 epoch: 2122/3000 frames: 69500928
mean_rewards:  [-42.94] last_mean_rewards:  -41.941322
fps step: 35120 fps step and policy inference: 33000 fps total: 18093 epoch: 2123/3000 frames: 69533696
mean_rewards:  [-43.41] last_mean_rewards:  -41.941322
fps step: 35462 fps step and policy inference: 33333 fps total: 18113 epoch: 2124/3000 frames: 69566464
mean_rewards:  [-43.27] last_mean_rewards:  -41.941322
fps step: 35716 fps step and policy inference: 33555 fps total: 18243 epoch: 2125/3000 frames: 69599232
mean_rewards:  [-42.97] last_mean_rewards:  -41.941322
fps step: 35394 fps step and policy inference: 33309 fps total: 18191 epoch: 2126/3000 frames: 69632000
mean_rewards:  [-43.78] last_mean_rewards:  -41.941322
fps step: 35495 fps step and policy inference: 33423 fps total: 18215 epoch: 2127/3000 frames: 69664768
mean_rewards:  [-43.5] last_mean_rewards:  -41.941322
fps step: 35158 fps step and policy inference: 32938 fps total: 18045 epoch: 2128/3000 frames: 69697536
mean_rewards:  [-43.7] last_mean_rewards:  -41.941322
fps step: 34982 fps step and policy inference: 32866 fps total: 18010 epoch: 2129/3000 frames: 69730304
mean_rewards:  [-43.21] last_mean_rewards:  -41.941322
fps step: 35368 fps step and policy inference: 33206 fps total: 18140 epoch: 2130/3000 frames: 69763072
mean_rewards:  [-43.13] last_mean_rewards:  -41.941322
fps step: 35531 fps step and policy inference: 33399 fps total: 18187 epoch: 2131/3000 frames: 69795840
mean_rewards:  [-42.89] last_mean_rewards:  -41.941322
fps step: 35454 fps step and policy inference: 33326 fps total: 18165 epoch: 2132/3000 frames: 69828608
mean_rewards:  [-43.07] last_mean_rewards:  -41.941322
fps step: 34715 fps step and policy inference: 32696 fps total: 17965 epoch: 2133/3000 frames: 69861376
mean_rewards:  [-43.47] last_mean_rewards:  -41.941322
fps step: 35162 fps step and policy inference: 33092 fps total: 18059 epoch: 2134/3000 frames: 69894144
mean_rewards:  [-43.17] last_mean_rewards:  -41.941322
fps step: 34990 fps step and policy inference: 32933 fps total: 18021 epoch: 2135/3000 frames: 69926912
mean_rewards:  [-43.43] last_mean_rewards:  -41.941322
fps step: 34782 fps step and policy inference: 32686 fps total: 17996 epoch: 2136/3000 frames: 69959680
mean_rewards:  [-43.3] last_mean_rewards:  -41.941322
fps step: 35596 fps step and policy inference: 33541 fps total: 18191 epoch: 2137/3000 frames: 69992448
mean_rewards:  [-43.29] last_mean_rewards:  -41.941322
fps step: 35432 fps step and policy inference: 33390 fps total: 17495 epoch: 2138/3000 frames: 70025216
mean_rewards:  [-43.76] last_mean_rewards:  -41.941322
fps step: 35580 fps step and policy inference: 33522 fps total: 17547 epoch: 2139/3000 frames: 70057984
mean_rewards:  [-43.57] last_mean_rewards:  -41.941322
fps step: 35310 fps step and policy inference: 33286 fps total: 17503 epoch: 2140/3000 frames: 70090752
mean_rewards:  [-43.56] last_mean_rewards:  -41.941322
fps step: 35567 fps step and policy inference: 33548 fps total: 17484 epoch: 2141/3000 frames: 70123520
mean_rewards:  [-43.28] last_mean_rewards:  -41.941322
fps step: 35637 fps step and policy inference: 33565 fps total: 17522 epoch: 2142/3000 frames: 70156288
mean_rewards:  [-44.27] last_mean_rewards:  -41.941322
fps step: 35406 fps step and policy inference: 33358 fps total: 17429 epoch: 2143/3000 frames: 70189056
mean_rewards:  [-43.66] last_mean_rewards:  -41.941322
fps step: 35391 fps step and policy inference: 33351 fps total: 17552 epoch: 2144/3000 frames: 70221824
mean_rewards:  [-44.03] last_mean_rewards:  -41.941322
fps step: 35970 fps step and policy inference: 33886 fps total: 17644 epoch: 2145/3000 frames: 70254592
mean_rewards:  [-43.83] last_mean_rewards:  -41.941322
fps step: 35292 fps step and policy inference: 33245 fps total: 17418 epoch: 2146/3000 frames: 70287360
mean_rewards:  [-43.78] last_mean_rewards:  -41.941322
fps step: 34703 fps step and policy inference: 32594 fps total: 17288 epoch: 2147/3000 frames: 70320128
mean_rewards:  [-44.66] last_mean_rewards:  -41.941322
fps step: 35696 fps step and policy inference: 33586 fps total: 17509 epoch: 2148/3000 frames: 70352896
mean_rewards:  [-43.73] last_mean_rewards:  -41.941322
fps step: 35382 fps step and policy inference: 33364 fps total: 17489 epoch: 2149/3000 frames: 70385664
mean_rewards:  [-44.19] last_mean_rewards:  -41.941322
fps step: 35467 fps step and policy inference: 33409 fps total: 17507 epoch: 2150/3000 frames: 70418432
mean_rewards:  [-43.43] last_mean_rewards:  -41.941322
fps step: 35784 fps step and policy inference: 33681 fps total: 17582 epoch: 2151/3000 frames: 70451200
mean_rewards:  [-44.33] last_mean_rewards:  -41.941322
fps step: 35182 fps step and policy inference: 33165 fps total: 17523 epoch: 2152/3000 frames: 70483968
mean_rewards:  [-44.12] last_mean_rewards:  -41.941322
fps step: 35363 fps step and policy inference: 33363 fps total: 17046 epoch: 2153/3000 frames: 70516736
mean_rewards:  [-43.33] last_mean_rewards:  -41.941322
fps step: 35628 fps step and policy inference: 33558 fps total: 17609 epoch: 2154/3000 frames: 70549504
mean_rewards:  [-43.39] last_mean_rewards:  -41.941322
fps step: 35706 fps step and policy inference: 33617 fps total: 17670 epoch: 2155/3000 frames: 70582272
mean_rewards:  [-43.73] last_mean_rewards:  -41.941322
fps step: 36357 fps step and policy inference: 34236 fps total: 17783 epoch: 2156/3000 frames: 70615040
mean_rewards:  [-43.6] last_mean_rewards:  -41.941322
fps step: 35658 fps step and policy inference: 33546 fps total: 17513 epoch: 2157/3000 frames: 70647808
mean_rewards:  [-43.73] last_mean_rewards:  -41.941322
fps step: 35394 fps step and policy inference: 33291 fps total: 17489 epoch: 2158/3000 frames: 70680576
mean_rewards:  [-45.05] last_mean_rewards:  -41.941322
fps step: 35825 fps step and policy inference: 33687 fps total: 17665 epoch: 2159/3000 frames: 70713344
mean_rewards:  [-43.99] last_mean_rewards:  -41.941322
fps step: 35619 fps step and policy inference: 33512 fps total: 17514 epoch: 2160/3000 frames: 70746112
mean_rewards:  [-43.62] last_mean_rewards:  -41.941322
fps step: 34806 fps step and policy inference: 32698 fps total: 17255 epoch: 2161/3000 frames: 70778880
mean_rewards:  [-43.88] last_mean_rewards:  -41.941322
fps step: 34642 fps step and policy inference: 32571 fps total: 17421 epoch: 2162/3000 frames: 70811648
mean_rewards:  [-43.45] last_mean_rewards:  -41.941322
fps step: 35047 fps step and policy inference: 32936 fps total: 17507 epoch: 2163/3000 frames: 70844416
mean_rewards:  [-43.15] last_mean_rewards:  -41.941322
fps step: 35018 fps step and policy inference: 32854 fps total: 16188 epoch: 2164/3000 frames: 70877184
mean_rewards:  [-43.39] last_mean_rewards:  -41.941322
fps step: 35199 fps step and policy inference: 33172 fps total: 17304 epoch: 2165/3000 frames: 70909952
mean_rewards:  [-44.52] last_mean_rewards:  -41.941322
fps step: 35303 fps step and policy inference: 33307 fps total: 17386 epoch: 2166/3000 frames: 70942720
mean_rewards:  [-44.18] last_mean_rewards:  -41.941322
fps step: 35884 fps step and policy inference: 33780 fps total: 17434 epoch: 2167/3000 frames: 70975488
mean_rewards:  [-43.71] last_mean_rewards:  -41.941322
fps step: 35970 fps step and policy inference: 33875 fps total: 17517 epoch: 2168/3000 frames: 71008256
mean_rewards:  [-43.91] last_mean_rewards:  -41.941322
fps step: 35817 fps step and policy inference: 33738 fps total: 17530 epoch: 2169/3000 frames: 71041024
mean_rewards:  [-43.35] last_mean_rewards:  -41.941322
fps step: 35288 fps step and policy inference: 33237 fps total: 17370 epoch: 2170/3000 frames: 71073792
mean_rewards:  [-43.46] last_mean_rewards:  -41.941322
fps step: 35335 fps step and policy inference: 33291 fps total: 17322 epoch: 2171/3000 frames: 71106560
mean_rewards:  [-43.59] last_mean_rewards:  -41.941322
fps step: 35433 fps step and policy inference: 33353 fps total: 17440 epoch: 2172/3000 frames: 71139328
mean_rewards:  [-43.57] last_mean_rewards:  -41.941322
fps step: 35741 fps step and policy inference: 33678 fps total: 17549 epoch: 2173/3000 frames: 71172096
mean_rewards:  [-43.32] last_mean_rewards:  -41.941322
fps step: 33742 fps step and policy inference: 31852 fps total: 16027 epoch: 2174/3000 frames: 71204864
mean_rewards:  [-42.67] last_mean_rewards:  -41.941322
fps step: 35935 fps step and policy inference: 33834 fps total: 18293 epoch: 2175/3000 frames: 71237632
mean_rewards:  [-43.19] last_mean_rewards:  -41.941322
fps step: 35145 fps step and policy inference: 33067 fps total: 18120 epoch: 2176/3000 frames: 71270400
mean_rewards:  [-42.61] last_mean_rewards:  -41.941322
fps step: 35381 fps step and policy inference: 33295 fps total: 18128 epoch: 2177/3000 frames: 71303168
mean_rewards:  [-43.02] last_mean_rewards:  -41.941322
fps step: 35191 fps step and policy inference: 33131 fps total: 18255 epoch: 2178/3000 frames: 71335936
mean_rewards:  [-42.55] last_mean_rewards:  -41.941322
fps step: 35187 fps step and policy inference: 33138 fps total: 18234 epoch: 2179/3000 frames: 71368704
mean_rewards:  [-42.87] last_mean_rewards:  -41.941322
fps step: 35444 fps step and policy inference: 33360 fps total: 18328 epoch: 2180/3000 frames: 71401472
mean_rewards:  [-43.19] last_mean_rewards:  -41.941322
fps step: 35570 fps step and policy inference: 33465 fps total: 18281 epoch: 2181/3000 frames: 71434240
mean_rewards:  [-43.46] last_mean_rewards:  -41.941322
fps step: 35594 fps step and policy inference: 33520 fps total: 18321 epoch: 2182/3000 frames: 71467008
mean_rewards:  [-42.68] last_mean_rewards:  -41.941322
fps step: 35424 fps step and policy inference: 33316 fps total: 18238 epoch: 2183/3000 frames: 71499776
mean_rewards:  [-42.89] last_mean_rewards:  -41.941322
fps step: 35651 fps step and policy inference: 33531 fps total: 18341 epoch: 2184/3000 frames: 71532544
mean_rewards:  [-43.18] last_mean_rewards:  -41.941322
fps step: 35034 fps step and policy inference: 32974 fps total: 18188 epoch: 2185/3000 frames: 71565312
mean_rewards:  [-42.53] last_mean_rewards:  -41.941322
fps step: 35455 fps step and policy inference: 33399 fps total: 17991 epoch: 2186/3000 frames: 71598080
mean_rewards:  [-43.52] last_mean_rewards:  -41.941322
fps step: 35491 fps step and policy inference: 33274 fps total: 17415 epoch: 2187/3000 frames: 71630848
mean_rewards:  [-42.5] last_mean_rewards:  -41.941322
fps step: 36538 fps step and policy inference: 34392 fps total: 17770 epoch: 2188/3000 frames: 71663616
mean_rewards:  [-42.63] last_mean_rewards:  -41.941322
fps step: 35932 fps step and policy inference: 33779 fps total: 17608 epoch: 2189/3000 frames: 71696384
mean_rewards:  [-42.82] last_mean_rewards:  -41.941322
fps step: 35950 fps step and policy inference: 33858 fps total: 17622 epoch: 2190/3000 frames: 71729152
mean_rewards:  [-42.67] last_mean_rewards:  -41.941322
fps step: 35988 fps step and policy inference: 33904 fps total: 17725 epoch: 2191/3000 frames: 71761920
mean_rewards:  [-42.64] last_mean_rewards:  -41.941322
fps step: 35954 fps step and policy inference: 33888 fps total: 17647 epoch: 2192/3000 frames: 71794688
mean_rewards:  [-43.] last_mean_rewards:  -41.941322
fps step: 36064 fps step and policy inference: 33963 fps total: 17688 epoch: 2193/3000 frames: 71827456
mean_rewards:  [-42.59] last_mean_rewards:  -41.941322
fps step: 35475 fps step and policy inference: 33425 fps total: 17552 epoch: 2194/3000 frames: 71860224
mean_rewards:  [-42.29] last_mean_rewards:  -41.941322
fps step: 35575 fps step and policy inference: 33497 fps total: 17691 epoch: 2195/3000 frames: 71892992
mean_rewards:  [-42.8] last_mean_rewards:  -41.941322
fps step: 36145 fps step and policy inference: 34047 fps total: 17735 epoch: 2196/3000 frames: 71925760
mean_rewards:  [-42.97] last_mean_rewards:  -41.941322
fps step: 35700 fps step and policy inference: 33616 fps total: 17540 epoch: 2197/3000 frames: 71958528
mean_rewards:  [-43.28] last_mean_rewards:  -41.941322
fps step: 35782 fps step and policy inference: 33719 fps total: 17512 epoch: 2198/3000 frames: 71991296
mean_rewards:  [-42.78] last_mean_rewards:  -41.941322
fps step: 35541 fps step and policy inference: 33463 fps total: 17554 epoch: 2199/3000 frames: 72024064
mean_rewards:  [-42.27] last_mean_rewards:  -41.941322
fps step: 35404 fps step and policy inference: 33356 fps total: 17571 epoch: 2200/3000 frames: 72056832
mean_rewards:  [-42.71] last_mean_rewards:  -41.941322
getting weights with keys: dict_keys(['scaler', 'model'])
=> saving checkpoint './logs/scratch_cube_scratch/tracking_ori_grab_s2_cubesmall_inspect_1_nf_300_obs_pure_state_wref_wdelta_density_500.0_trans_0.5_rot_0.5_goalcond_False__18-02-24-37/nn/last_tracking_ori_grab_s2_cubesmall_inspect_1_nf_300_obs_pure_state_wref_wdelta_density_500.0_trans_0.5_rot_0.5_goalcond_False__ep_2200_rew_-42.71232.pth'
fps step: 35789 fps step and policy inference: 33721 fps total: 17640 epoch: 2201/3000 frames: 72089600
mean_rewards:  [-42.8] last_mean_rewards:  -41.941322
fps step: 35562 fps step and policy inference: 33495 fps total: 17725 epoch: 2202/3000 frames: 72122368
mean_rewards:  [-42.73] last_mean_rewards:  -41.941322
fps step: 35563 fps step and policy inference: 33512 fps total: 17649 epoch: 2203/3000 frames: 72155136
mean_rewards:  [-42.63] last_mean_rewards:  -41.941322
fps step: 35362 fps step and policy inference: 33307 fps total: 17519 epoch: 2204/3000 frames: 72187904
mean_rewards:  [-42.81] last_mean_rewards:  -41.941322
fps step: 36023 fps step and policy inference: 33928 fps total: 17726 epoch: 2205/3000 frames: 72220672
mean_rewards:  [-42.86] last_mean_rewards:  -41.941322
fps step: 35757 fps step and policy inference: 33685 fps total: 17676 epoch: 2206/3000 frames: 72253440
mean_rewards:  [-42.63] last_mean_rewards:  -41.941322
fps step: 35468 fps step and policy inference: 33433 fps total: 17692 epoch: 2207/3000 frames: 72286208
mean_rewards:  [-42.72] last_mean_rewards:  -41.941322
fps step: 35371 fps step and policy inference: 33192 fps total: 17513 epoch: 2208/3000 frames: 72318976
mean_rewards:  [-42.38] last_mean_rewards:  -41.941322
fps step: 35573 fps step and policy inference: 33509 fps total: 17630 epoch: 2209/3000 frames: 72351744
mean_rewards:  [-42.2] last_mean_rewards:  -41.941322
fps step: 36437 fps step and policy inference: 34286 fps total: 17730 epoch: 2210/3000 frames: 72384512
mean_rewards:  [-42.89] last_mean_rewards:  -41.941322
fps step: 35747 fps step and policy inference: 33683 fps total: 17592 epoch: 2211/3000 frames: 72417280
mean_rewards:  [-42.59] last_mean_rewards:  -41.941322
fps step: 35448 fps step and policy inference: 33359 fps total: 17687 epoch: 2212/3000 frames: 72450048
mean_rewards:  [-42.56] last_mean_rewards:  -41.941322
fps step: 35299 fps step and policy inference: 33257 fps total: 17651 epoch: 2213/3000 frames: 72482816
mean_rewards:  [-42.46] last_mean_rewards:  -41.941322
fps step: 36076 fps step and policy inference: 33944 fps total: 17797 epoch: 2214/3000 frames: 72515584
mean_rewards:  [-43.24] last_mean_rewards:  -41.941322
fps step: 36574 fps step and policy inference: 34407 fps total: 17974 epoch: 2215/3000 frames: 72548352
mean_rewards:  [-42.84] last_mean_rewards:  -41.941322
fps step: 35810 fps step and policy inference: 33729 fps total: 17777 epoch: 2216/3000 frames: 72581120
mean_rewards:  [-42.88] last_mean_rewards:  -41.941322
fps step: 35627 fps step and policy inference: 33531 fps total: 17557 epoch: 2217/3000 frames: 72613888
mean_rewards:  [-42.51] last_mean_rewards:  -41.941322
fps step: 35681 fps step and policy inference: 33610 fps total: 17707 epoch: 2218/3000 frames: 72646656
mean_rewards:  [-42.29] last_mean_rewards:  -41.941322
fps step: 35803 fps step and policy inference: 33742 fps total: 17700 epoch: 2219/3000 frames: 72679424
mean_rewards:  [-43.45] last_mean_rewards:  -41.941322
fps step: 35306 fps step and policy inference: 33281 fps total: 17546 epoch: 2220/3000 frames: 72712192
mean_rewards:  [-42.58] last_mean_rewards:  -41.941322
fps step: 35641 fps step and policy inference: 33566 fps total: 17671 epoch: 2221/3000 frames: 72744960
mean_rewards:  [-42.49] last_mean_rewards:  -41.941322
fps step: 35614 fps step and policy inference: 33543 fps total: 17703 epoch: 2222/3000 frames: 72777728
mean_rewards:  [-43.3] last_mean_rewards:  -41.941322
fps step: 35587 fps step and policy inference: 33500 fps total: 17611 epoch: 2223/3000 frames: 72810496
mean_rewards:  [-43.35] last_mean_rewards:  -41.941322
fps step: 35955 fps step and policy inference: 33794 fps total: 17661 epoch: 2224/3000 frames: 72843264
mean_rewards:  [-42.83] last_mean_rewards:  -41.941322
fps step: 35866 fps step and policy inference: 33716 fps total: 17587 epoch: 2225/3000 frames: 72876032
mean_rewards:  [-43.05] last_mean_rewards:  -41.941322
fps step: 35289 fps step and policy inference: 33113 fps total: 17465 epoch: 2226/3000 frames: 72908800
mean_rewards:  [-43.03] last_mean_rewards:  -41.941322
fps step: 35437 fps step and policy inference: 33295 fps total: 17543 epoch: 2227/3000 frames: 72941568
mean_rewards:  [-43.37] last_mean_rewards:  -41.941322
fps step: 36385 fps step and policy inference: 33906 fps total: 18250 epoch: 2228/3000 frames: 72974336
mean_rewards:  [-43.] last_mean_rewards:  -41.941322
fps step: 35851 fps step and policy inference: 33457 fps total: 18273 epoch: 2229/3000 frames: 73007104
mean_rewards:  [-42.93] last_mean_rewards:  -41.941322
fps step: 36333 fps step and policy inference: 33973 fps total: 18390 epoch: 2230/3000 frames: 73039872
mean_rewards:  [-42.67] last_mean_rewards:  -41.941322
fps step: 34717 fps step and policy inference: 32628 fps total: 17863 epoch: 2231/3000 frames: 73072640
mean_rewards:  [-42.45] last_mean_rewards:  -41.941322
fps step: 21562 fps step and policy inference: 20257 fps total: 11901 epoch: 2232/3000 frames: 73105408
mean_rewards:  [-42.81] last_mean_rewards:  -41.941322
fps step: 17147 fps step and policy inference: 16111 fps total: 10241 epoch: 2233/3000 frames: 73138176
mean_rewards:  [-43.24] last_mean_rewards:  -41.941322
fps step: 15072 fps step and policy inference: 14086 fps total: 9338 epoch: 2234/3000 frames: 73170944
mean_rewards:  [-42.84] last_mean_rewards:  -41.941322
fps step: 14763 fps step and policy inference: 13926 fps total: 9220 epoch: 2235/3000 frames: 73203712
mean_rewards:  [-42.15] last_mean_rewards:  -41.941322
fps step: 14729 fps step and policy inference: 13855 fps total: 9185 epoch: 2236/3000 frames: 73236480
mean_rewards:  [-42.5] last_mean_rewards:  -41.941322
fps step: 14597 fps step and policy inference: 13743 fps total: 9225 epoch: 2237/3000 frames: 73269248
mean_rewards:  [-44.18] last_mean_rewards:  -41.941322
fps step: 14456 fps step and policy inference: 13622 fps total: 9362 epoch: 2238/3000 frames: 73302016
mean_rewards:  [-42.85] last_mean_rewards:  -41.941322
fps step: 14401 fps step and policy inference: 13572 fps total: 9618 epoch: 2239/3000 frames: 73334784
mean_rewards:  [-43.18] last_mean_rewards:  -41.941322
fps step: 15003 fps step and policy inference: 14117 fps total: 9837 epoch: 2240/3000 frames: 73367552
mean_rewards:  [-42.76] last_mean_rewards:  -41.941322
fps step: 17603 fps step and policy inference: 16541 fps total: 10537 epoch: 2241/3000 frames: 73400320
mean_rewards:  [-41.98] last_mean_rewards:  -41.941322
fps step: 19454 fps step and policy inference: 18327 fps total: 10810 epoch: 2242/3000 frames: 73433088
mean_rewards:  [-43.58] last_mean_rewards:  -41.941322
fps step: 21637 fps step and policy inference: 20478 fps total: 11323 epoch: 2243/3000 frames: 73465856
mean_rewards:  [-42.77] last_mean_rewards:  -41.941322
fps step: 22477 fps step and policy inference: 21204 fps total: 11483 epoch: 2244/3000 frames: 73498624
mean_rewards:  [-42.94] last_mean_rewards:  -41.941322
fps step: 22021 fps step and policy inference: 20697 fps total: 11353 epoch: 2245/3000 frames: 73531392
mean_rewards:  [-42.54] last_mean_rewards:  -41.941322
fps step: 20240 fps step and policy inference: 19125 fps total: 10942 epoch: 2246/3000 frames: 73564160
mean_rewards:  [-42.44] last_mean_rewards:  -41.941322
fps step: 18136 fps step and policy inference: 17110 fps total: 10253 epoch: 2247/3000 frames: 73596928
mean_rewards:  [-42.55] last_mean_rewards:  -41.941322
fps step: 16877 fps step and policy inference: 15759 fps total: 9703 epoch: 2248/3000 frames: 73629696
mean_rewards:  [-43.01] last_mean_rewards:  -41.941322
fps step: 14622 fps step and policy inference: 13728 fps total: 8925 epoch: 2249/3000 frames: 73662464
mean_rewards:  [-42.47] last_mean_rewards:  -41.941322
fps step: 14317 fps step and policy inference: 13370 fps total: 8819 epoch: 2250/3000 frames: 73695232
mean_rewards:  [-42.72] last_mean_rewards:  -41.941322
fps step: 14193 fps step and policy inference: 13306 fps total: 8792 epoch: 2251/3000 frames: 73728000
mean_rewards:  [-43.99] last_mean_rewards:  -41.941322
fps step: 13999 fps step and policy inference: 13141 fps total: 8719 epoch: 2252/3000 frames: 73760768
mean_rewards:  [-42.98] last_mean_rewards:  -41.941322
fps step: 14567 fps step and policy inference: 13661 fps total: 8973 epoch: 2253/3000 frames: 73793536
mean_rewards:  [-42.2] last_mean_rewards:  -41.941322
fps step: 14108 fps step and policy inference: 13174 fps total: 8993 epoch: 2254/3000 frames: 73826304
mean_rewards:  [-42.81] last_mean_rewards:  -41.941322
fps step: 14019 fps step and policy inference: 13134 fps total: 9269 epoch: 2255/3000 frames: 73859072
mean_rewards:  [-42.23] last_mean_rewards:  -41.941322
fps step: 14569 fps step and policy inference: 13699 fps total: 9754 epoch: 2256/3000 frames: 73891840
mean_rewards:  [-42.69] last_mean_rewards:  -41.941322
fps step: 17417 fps step and policy inference: 16440 fps total: 10428 epoch: 2257/3000 frames: 73924608
mean_rewards:  [-42.66] last_mean_rewards:  -41.941322
fps step: 20348 fps step and policy inference: 19223 fps total: 11100 epoch: 2258/3000 frames: 73957376
mean_rewards:  [-42.72] last_mean_rewards:  -41.941322
fps step: 21453 fps step and policy inference: 20146 fps total: 11195 epoch: 2259/3000 frames: 73990144
mean_rewards:  [-42.53] last_mean_rewards:  -41.941322
fps step: 20176 fps step and policy inference: 18977 fps total: 10822 epoch: 2260/3000 frames: 74022912
mean_rewards:  [-42.7] last_mean_rewards:  -41.941322
fps step: 17355 fps step and policy inference: 16270 fps total: 9877 epoch: 2261/3000 frames: 74055680
mean_rewards:  [-42.43] last_mean_rewards:  -41.941322
fps step: 14873 fps step and policy inference: 13981 fps total: 9081 epoch: 2262/3000 frames: 74088448
mean_rewards:  [-42.31] last_mean_rewards:  -41.941322
fps step: 14406 fps step and policy inference: 13553 fps total: 8846 epoch: 2263/3000 frames: 74121216
mean_rewards:  [-42.56] last_mean_rewards:  -41.941322
fps step: 14648 fps step and policy inference: 13738 fps total: 8904 epoch: 2264/3000 frames: 74153984
mean_rewards:  [-42.27] last_mean_rewards:  -41.941322
fps step: 14271 fps step and policy inference: 13393 fps total: 8748 epoch: 2265/3000 frames: 74186752
mean_rewards:  [-43.9] last_mean_rewards:  -41.941322
fps step: 14365 fps step and policy inference: 13482 fps total: 9130 epoch: 2266/3000 frames: 74219520
mean_rewards:  [-42.36] last_mean_rewards:  -41.941322
fps step: 14642 fps step and policy inference: 13745 fps total: 9754 epoch: 2267/3000 frames: 74252288
mean_rewards:  [-42.33] last_mean_rewards:  -41.941322
fps step: 14918 fps step and policy inference: 14027 fps total: 9780 epoch: 2268/3000 frames: 74285056
mean_rewards:  [-42.5] last_mean_rewards:  -41.941322
fps step: 17859 fps step and policy inference: 16881 fps total: 10461 epoch: 2269/3000 frames: 74317824
mean_rewards:  [-42.85] last_mean_rewards:  -41.941322
fps step: 20578 fps step and policy inference: 19398 fps total: 11125 epoch: 2270/3000 frames: 74350592
mean_rewards:  [-43.55] last_mean_rewards:  -41.941322
fps step: 23192 fps step and policy inference: 21799 fps total: 11913 epoch: 2271/3000 frames: 74383360
mean_rewards:  [-43.21] last_mean_rewards:  -41.941322
fps step: 20155 fps step and policy inference: 18937 fps total: 10927 epoch: 2272/3000 frames: 74416128
mean_rewards:  [-43.03] last_mean_rewards:  -41.941322
fps step: 17891 fps step and policy inference: 16794 fps total: 10283 epoch: 2273/3000 frames: 74448896
mean_rewards:  [-42.4] last_mean_rewards:  -41.941322
fps step: 14770 fps step and policy inference: 13885 fps total: 9094 epoch: 2274/3000 frames: 74481664
mean_rewards:  [-42.43] last_mean_rewards:  -41.941322
fps step: 14116 fps step and policy inference: 13313 fps total: 8873 epoch: 2275/3000 frames: 74514432
mean_rewards:  [-42.57] last_mean_rewards:  -41.941322
fps step: 14623 fps step and policy inference: 13720 fps total: 8971 epoch: 2276/3000 frames: 74547200
mean_rewards:  [-42.4] last_mean_rewards:  -41.941322
fps step: 14748 fps step and policy inference: 13871 fps total: 9086 epoch: 2277/3000 frames: 74579968
mean_rewards:  [-42.6] last_mean_rewards:  -41.941322
fps step: 14245 fps step and policy inference: 13388 fps total: 8973 epoch: 2278/3000 frames: 74612736
mean_rewards:  [-42.26] last_mean_rewards:  -41.941322
fps step: 14013 fps step and policy inference: 13196 fps total: 9178 epoch: 2279/3000 frames: 74645504
mean_rewards:  [-43.41] last_mean_rewards:  -41.941322
fps step: 14538 fps step and policy inference: 13654 fps total: 9943 epoch: 2280/3000 frames: 74678272
mean_rewards:  [-42.68] last_mean_rewards:  -41.941322
fps step: 15756 fps step and policy inference: 14828 fps total: 10394 epoch: 2281/3000 frames: 74711040
mean_rewards:  [-42.6] last_mean_rewards:  -41.941322
fps step: 18416 fps step and policy inference: 17325 fps total: 10873 epoch: 2282/3000 frames: 74743808
mean_rewards:  [-42.31] last_mean_rewards:  -41.941322
fps step: 21198 fps step and policy inference: 19981 fps total: 11477 epoch: 2283/3000 frames: 74776576
mean_rewards:  [-42.11] last_mean_rewards:  -41.941322
fps step: 21025 fps step and policy inference: 19889 fps total: 11224 epoch: 2284/3000 frames: 74809344
mean_rewards:  [-42.57] last_mean_rewards:  -41.941322
fps step: 18730 fps step and policy inference: 17699 fps total: 10548 epoch: 2285/3000 frames: 74842112
mean_rewards:  [-42.04] last_mean_rewards:  -41.941322
fps step: 15989 fps step and policy inference: 15079 fps total: 9538 epoch: 2286/3000 frames: 74874880
mean_rewards:  [-42.54] last_mean_rewards:  -41.941322
fps step: 14433 fps step and policy inference: 13599 fps total: 8941 epoch: 2287/3000 frames: 74907648
mean_rewards:  [-42.17] last_mean_rewards:  -41.941322
fps step: 14718 fps step and policy inference: 13852 fps total: 9029 epoch: 2288/3000 frames: 74940416
mean_rewards:  [-42.08] last_mean_rewards:  -41.941322
fps step: 14354 fps step and policy inference: 13565 fps total: 8940 epoch: 2289/3000 frames: 74973184
mean_rewards:  [-42.14] last_mean_rewards:  -41.941322
fps step: 14745 fps step and policy inference: 13832 fps total: 9262 epoch: 2290/3000 frames: 75005952
mean_rewards:  [-42.34] last_mean_rewards:  -41.941322
fps step: 14763 fps step and policy inference: 13902 fps total: 9760 epoch: 2291/3000 frames: 75038720
mean_rewards:  [-42.33] last_mean_rewards:  -41.941322
fps step: 14429 fps step and policy inference: 13563 fps total: 9811 epoch: 2292/3000 frames: 75071488
mean_rewards:  [-42.25] last_mean_rewards:  -41.941322
fps step: 15280 fps step and policy inference: 14395 fps total: 10423 epoch: 2293/3000 frames: 75104256
mean_rewards:  [-43.47] last_mean_rewards:  -41.941322
fps step: 17461 fps step and policy inference: 16361 fps total: 10948 epoch: 2294/3000 frames: 75137024
mean_rewards:  [-42.32] last_mean_rewards:  -41.941322
fps step: 19206 fps step and policy inference: 18168 fps total: 11367 epoch: 2295/3000 frames: 75169792
mean_rewards:  [-42.64] last_mean_rewards:  -41.941322
fps step: 20537 fps step and policy inference: 19499 fps total: 11544 epoch: 2296/3000 frames: 75202560
mean_rewards:  [-43.] last_mean_rewards:  -41.941322
fps step: 23534 fps step and policy inference: 22286 fps total: 12292 epoch: 2297/3000 frames: 75235328
mean_rewards:  [-42.75] last_mean_rewards:  -41.941322
fps step: 23563 fps step and policy inference: 22343 fps total: 12251 epoch: 2298/3000 frames: 75268096
mean_rewards:  [-42.76] last_mean_rewards:  -41.941322
fps step: 24385 fps step and policy inference: 23089 fps total: 12637 epoch: 2299/3000 frames: 75300864
mean_rewards:  [-41.97] last_mean_rewards:  -41.941322
fps step: 23500 fps step and policy inference: 22282 fps total: 12258 epoch: 2300/3000 frames: 75333632
mean_rewards:  [-42.83] last_mean_rewards:  -41.941322
fps step: 23448 fps step and policy inference: 22246 fps total: 12257 epoch: 2301/3000 frames: 75366400
mean_rewards:  [-42.66] last_mean_rewards:  -41.941322
fps step: 23919 fps step and policy inference: 22723 fps total: 12427 epoch: 2302/3000 frames: 75399168
mean_rewards:  [-42.17] last_mean_rewards:  -41.941322
fps step: 23789 fps step and policy inference: 22544 fps total: 12363 epoch: 2303/3000 frames: 75431936
mean_rewards:  [-42.71] last_mean_rewards:  -41.941322
fps step: 22802 fps step and policy inference: 21645 fps total: 12105 epoch: 2304/3000 frames: 75464704
mean_rewards:  [-42.76] last_mean_rewards:  -41.941322
fps step: 21632 fps step and policy inference: 20454 fps total: 11618 epoch: 2305/3000 frames: 75497472
mean_rewards:  [-42.17] last_mean_rewards:  -41.941322
fps step: 19081 fps step and policy inference: 17929 fps total: 10826 epoch: 2306/3000 frames: 75530240
mean_rewards:  [-42.06] last_mean_rewards:  -41.941322
fps step: 17426 fps step and policy inference: 16387 fps total: 10159 epoch: 2307/3000 frames: 75563008
mean_rewards:  [-43.01] last_mean_rewards:  -41.941322
fps step: 15383 fps step and policy inference: 14407 fps total: 9403 epoch: 2308/3000 frames: 75595776
mean_rewards:  [-42.25] last_mean_rewards:  -41.941322
fps step: 14635 fps step and policy inference: 13800 fps total: 9147 epoch: 2309/3000 frames: 75628544
mean_rewards:  [-42.32] last_mean_rewards:  -41.941322
fps step: 14610 fps step and policy inference: 13806 fps total: 9241 epoch: 2310/3000 frames: 75661312
mean_rewards:  [-41.92] last_mean_rewards:  -41.941322
saving next best rewards:  [-41.92]
getting weights with keys: dict_keys(['scaler', 'model'])
=> saving checkpoint './logs/scratch_cube_scratch/tracking_ori_grab_s2_cubesmall_inspect_1_nf_300_obs_pure_state_wref_wdelta_density_500.0_trans_0.5_rot_0.5_goalcond_False__18-02-24-37/nn/tracking_ori_grab_s2_cubesmall_inspect_1_nf_300_obs_pure_state_wref_wdelta_density_500.0_trans_0.5_rot_0.5_goalcond_False_.pth'
fps step: 14809 fps step and policy inference: 13903 fps total: 9206 epoch: 2311/3000 frames: 75694080
mean_rewards:  [-42.91] last_mean_rewards:  -41.915615
fps step: 14813 fps step and policy inference: 13940 fps total: 9140 epoch: 2312/3000 frames: 75726848
mean_rewards:  [-42.9] last_mean_rewards:  -41.915615
fps step: 14935 fps step and policy inference: 14056 fps total: 9309 epoch: 2313/3000 frames: 75759616
mean_rewards:  [-42.91] last_mean_rewards:  -41.915615
fps step: 14658 fps step and policy inference: 13813 fps total: 9418 epoch: 2314/3000 frames: 75792384
mean_rewards:  [-42.26] last_mean_rewards:  -41.915615
fps step: 14901 fps step and policy inference: 14066 fps total: 9795 epoch: 2315/3000 frames: 75825152
mean_rewards:  [-42.43] last_mean_rewards:  -41.915615
fps step: 15755 fps step and policy inference: 14867 fps total: 10301 epoch: 2316/3000 frames: 75857920
mean_rewards:  [-42.35] last_mean_rewards:  -41.915615
fps step: 18714 fps step and policy inference: 17625 fps total: 11099 epoch: 2317/3000 frames: 75890688
mean_rewards:  [-42.4] last_mean_rewards:  -41.915615
fps step: 21024 fps step and policy inference: 19866 fps total: 11632 epoch: 2318/3000 frames: 75923456
mean_rewards:  [-42.02] last_mean_rewards:  -41.915615
fps step: 22854 fps step and policy inference: 21582 fps total: 11941 epoch: 2319/3000 frames: 75956224
mean_rewards:  [-42.42] last_mean_rewards:  -41.915615
fps step: 22047 fps step and policy inference: 20912 fps total: 11816 epoch: 2320/3000 frames: 75988992
mean_rewards:  [-42.55] last_mean_rewards:  -41.915615
fps step: 20717 fps step and policy inference: 19614 fps total: 11343 epoch: 2321/3000 frames: 76021760
mean_rewards:  [-43.06] last_mean_rewards:  -41.915615
fps step: 17945 fps step and policy inference: 16840 fps total: 10346 epoch: 2322/3000 frames: 76054528
mean_rewards:  [-42.08] last_mean_rewards:  -41.915615
fps step: 15049 fps step and policy inference: 14147 fps total: 9285 epoch: 2323/3000 frames: 76087296
mean_rewards:  [-42.78] last_mean_rewards:  -41.915615
fps step: 14760 fps step and policy inference: 13888 fps total: 9155 epoch: 2324/3000 frames: 76120064
mean_rewards:  [-42.66] last_mean_rewards:  -41.915615
fps step: 14447 fps step and policy inference: 13573 fps total: 9045 epoch: 2325/3000 frames: 76152832
mean_rewards:  [-42.26] last_mean_rewards:  -41.915615
fps step: 14816 fps step and policy inference: 13943 fps total: 9208 epoch: 2326/3000 frames: 76185600
mean_rewards:  [-42.7] last_mean_rewards:  -41.915615
fps step: 14995 fps step and policy inference: 14094 fps total: 9430 epoch: 2327/3000 frames: 76218368
mean_rewards:  [-41.93] last_mean_rewards:  -41.915615
fps step: 14690 fps step and policy inference: 13766 fps total: 9521 epoch: 2328/3000 frames: 76251136
mean_rewards:  [-42.5] last_mean_rewards:  -41.915615
fps step: 14886 fps step and policy inference: 13987 fps total: 9911 epoch: 2329/3000 frames: 76283904
mean_rewards:  [-42.63] last_mean_rewards:  -41.915615
fps step: 16841 fps step and policy inference: 15917 fps total: 10613 epoch: 2330/3000 frames: 76316672
mean_rewards:  [-41.98] last_mean_rewards:  -41.915615
fps step: 20130 fps step and policy inference: 18960 fps total: 11440 epoch: 2331/3000 frames: 76349440
mean_rewards:  [-42.29] last_mean_rewards:  -41.915615
fps step: 21874 fps step and policy inference: 20770 fps total: 11830 epoch: 2332/3000 frames: 76382208
mean_rewards:  [-42.05] last_mean_rewards:  -41.915615
fps step: 23378 fps step and policy inference: 22160 fps total: 12154 epoch: 2333/3000 frames: 76414976
mean_rewards:  [-42.24] last_mean_rewards:  -41.915615
fps step: 21487 fps step and policy inference: 20316 fps total: 11580 epoch: 2334/3000 frames: 76447744
mean_rewards:  [-42.28] last_mean_rewards:  -41.915615
fps step: 19394 fps step and policy inference: 18321 fps total: 10911 epoch: 2335/3000 frames: 76480512
mean_rewards:  [-43.02] last_mean_rewards:  -41.915615
fps step: 15928 fps step and policy inference: 14949 fps total: 9618 epoch: 2336/3000 frames: 76513280
mean_rewards:  [-42.51] last_mean_rewards:  -41.915615
fps step: 14835 fps step and policy inference: 13944 fps total: 9150 epoch: 2337/3000 frames: 76546048
mean_rewards:  [-42.27] last_mean_rewards:  -41.915615
fps step: 14629 fps step and policy inference: 13787 fps total: 9097 epoch: 2338/3000 frames: 76578816
mean_rewards:  [-42.37] last_mean_rewards:  -41.915615
fps step: 14720 fps step and policy inference: 13758 fps total: 9240 epoch: 2339/3000 frames: 76611584
mean_rewards:  [-42.34] last_mean_rewards:  -41.915615
fps step: 14907 fps step and policy inference: 14050 fps total: 9707 epoch: 2340/3000 frames: 76644352
mean_rewards:  [-43.33] last_mean_rewards:  -41.915615
fps step: 15067 fps step and policy inference: 14194 fps total: 10077 epoch: 2341/3000 frames: 76677120
mean_rewards:  [-42.82] last_mean_rewards:  -41.915615
fps step: 17841 fps step and policy inference: 16794 fps total: 10687 epoch: 2342/3000 frames: 76709888
mean_rewards:  [-42.5] last_mean_rewards:  -41.915615
fps step: 21745 fps step and policy inference: 20546 fps total: 11854 epoch: 2343/3000 frames: 76742656
mean_rewards:  [-42.6] last_mean_rewards:  -41.915615
fps step: 24052 fps step and policy inference: 22706 fps total: 12308 epoch: 2344/3000 frames: 76775424
mean_rewards:  [-43.04] last_mean_rewards:  -41.915615
fps step: 24022 fps step and policy inference: 22771 fps total: 12292 epoch: 2345/3000 frames: 76808192
mean_rewards:  [-43.26] last_mean_rewards:  -41.915615
fps step: 21884 fps step and policy inference: 20688 fps total: 11639 epoch: 2346/3000 frames: 76840960
mean_rewards:  [-43.13] last_mean_rewards:  -41.915615
fps step: 19063 fps step and policy inference: 18018 fps total: 10740 epoch: 2347/3000 frames: 76873728
mean_rewards:  [-43.54] last_mean_rewards:  -41.915615
fps step: 16787 fps step and policy inference: 15792 fps total: 9915 epoch: 2348/3000 frames: 76906496
mean_rewards:  [-42.31] last_mean_rewards:  -41.915615
fps step: 14946 fps step and policy inference: 14077 fps total: 9234 epoch: 2349/3000 frames: 76939264
mean_rewards:  [-44.3] last_mean_rewards:  -41.915615
fps step: 15043 fps step and policy inference: 14151 fps total: 9312 epoch: 2350/3000 frames: 76972032
mean_rewards:  [-42.74] last_mean_rewards:  -41.915615
fps step: 14893 fps step and policy inference: 14004 fps total: 9233 epoch: 2351/3000 frames: 77004800
mean_rewards:  [-42.17] last_mean_rewards:  -41.915615
fps step: 15288 fps step and policy inference: 14323 fps total: 9339 epoch: 2352/3000 frames: 77037568
mean_rewards:  [-43.06] last_mean_rewards:  -41.915615
fps step: 15146 fps step and policy inference: 14221 fps total: 9319 epoch: 2353/3000 frames: 77070336
mean_rewards:  [-42.89] last_mean_rewards:  -41.915615
fps step: 15444 fps step and policy inference: 14497 fps total: 9434 epoch: 2354/3000 frames: 77103104
mean_rewards:  [-43.6] last_mean_rewards:  -41.915615
fps step: 15287 fps step and policy inference: 14380 fps total: 9381 epoch: 2355/3000 frames: 77135872
mean_rewards:  [-43.09] last_mean_rewards:  -41.915615
fps step: 14948 fps step and policy inference: 14032 fps total: 9318 epoch: 2356/3000 frames: 77168640
mean_rewards:  [-42.86] last_mean_rewards:  -41.915615
fps step: 14932 fps step and policy inference: 14089 fps total: 9528 epoch: 2357/3000 frames: 77201408
mean_rewards:  [-43.04] last_mean_rewards:  -41.915615
fps step: 14618 fps step and policy inference: 13783 fps total: 9711 epoch: 2358/3000 frames: 77234176
mean_rewards:  [-42.22] last_mean_rewards:  -41.915615
fps step: 16225 fps step and policy inference: 15248 fps total: 10400 epoch: 2359/3000 frames: 77266944
mean_rewards:  [-42.89] last_mean_rewards:  -41.915615
fps step: 18992 fps step and policy inference: 17943 fps total: 11170 epoch: 2360/3000 frames: 77299712
mean_rewards:  [-43.48] last_mean_rewards:  -41.915615
fps step: 21233 fps step and policy inference: 20106 fps total: 11665 epoch: 2361/3000 frames: 77332480
mean_rewards:  [-42.5] last_mean_rewards:  -41.915615
fps step: 22808 fps step and policy inference: 21538 fps total: 12030 epoch: 2362/3000 frames: 77365248
mean_rewards:  [-41.98] last_mean_rewards:  -41.915615
fps step: 20798 fps step and policy inference: 19620 fps total: 11389 epoch: 2363/3000 frames: 77398016
mean_rewards:  [-43.4] last_mean_rewards:  -41.915615
fps step: 17898 fps step and policy inference: 15939 fps total: 10020 epoch: 2364/3000 frames: 77430784
mean_rewards:  [-43.21] last_mean_rewards:  -41.915615
fps step: 14351 fps step and policy inference: 13544 fps total: 8980 epoch: 2365/3000 frames: 77463552
mean_rewards:  [-42.56] last_mean_rewards:  -41.915615
fps step: 14683 fps step and policy inference: 13768 fps total: 9116 epoch: 2366/3000 frames: 77496320
mean_rewards:  [-42.24] last_mean_rewards:  -41.915615
fps step: 14694 fps step and policy inference: 13773 fps total: 9236 epoch: 2367/3000 frames: 77529088
mean_rewards:  [-42.46] last_mean_rewards:  -41.915615
fps step: 14902 fps step and policy inference: 14005 fps total: 9648 epoch: 2368/3000 frames: 77561856
mean_rewards:  [-42.57] last_mean_rewards:  -41.915615
fps step: 15087 fps step and policy inference: 14198 fps total: 10033 epoch: 2369/3000 frames: 77594624
mean_rewards:  [-42.79] last_mean_rewards:  -41.915615
fps step: 17966 fps step and policy inference: 16908 fps total: 10781 epoch: 2370/3000 frames: 77627392
mean_rewards:  [-42.44] last_mean_rewards:  -41.915615
fps step: 21078 fps step and policy inference: 19902 fps total: 11550 epoch: 2371/3000 frames: 77660160
mean_rewards:  [-41.92] last_mean_rewards:  -41.915615
fps step: 21762 fps step and policy inference: 20539 fps total: 11631 epoch: 2372/3000 frames: 77692928
mean_rewards:  [-43.61] last_mean_rewards:  -41.915615
fps step: 19642 fps step and policy inference: 18540 fps total: 10989 epoch: 2373/3000 frames: 77725696
mean_rewards:  [-42.52] last_mean_rewards:  -41.915615
fps step: 16923 fps step and policy inference: 15955 fps total: 10054 epoch: 2374/3000 frames: 77758464
mean_rewards:  [-42.01] last_mean_rewards:  -41.915615
fps step: 14769 fps step and policy inference: 13938 fps total: 9220 epoch: 2375/3000 frames: 77791232
mean_rewards:  [-42.27] last_mean_rewards:  -41.915615
fps step: 14835 fps step and policy inference: 13944 fps total: 9247 epoch: 2376/3000 frames: 77824000
mean_rewards:  [-41.87] last_mean_rewards:  -41.915615
saving next best rewards:  [-41.87]
getting weights with keys: dict_keys(['scaler', 'model'])
=> saving checkpoint './logs/scratch_cube_scratch/tracking_ori_grab_s2_cubesmall_inspect_1_nf_300_obs_pure_state_wref_wdelta_density_500.0_trans_0.5_rot_0.5_goalcond_False__18-02-24-37/nn/tracking_ori_grab_s2_cubesmall_inspect_1_nf_300_obs_pure_state_wref_wdelta_density_500.0_trans_0.5_rot_0.5_goalcond_False_.pth'
fps step: 14826 fps step and policy inference: 13928 fps total: 9253 epoch: 2377/3000 frames: 77856768
mean_rewards:  [-43.29] last_mean_rewards:  -41.86923
fps step: 14911 fps step and policy inference: 14057 fps total: 9394 epoch: 2378/3000 frames: 77889536
mean_rewards:  [-42.45] last_mean_rewards:  -41.86923
fps step: 14587 fps step and policy inference: 13765 fps total: 9626 epoch: 2379/3000 frames: 77922304
mean_rewards:  [-42.53] last_mean_rewards:  -41.86923
fps step: 14731 fps step and policy inference: 13849 fps total: 10158 epoch: 2380/3000 frames: 77955072
mean_rewards:  [-41.84] last_mean_rewards:  -41.86923
saving next best rewards:  [-41.84]
getting weights with keys: dict_keys(['scaler', 'model'])
=> saving checkpoint './logs/scratch_cube_scratch/tracking_ori_grab_s2_cubesmall_inspect_1_nf_300_obs_pure_state_wref_wdelta_density_500.0_trans_0.5_rot_0.5_goalcond_False__18-02-24-37/nn/tracking_ori_grab_s2_cubesmall_inspect_1_nf_300_obs_pure_state_wref_wdelta_density_500.0_trans_0.5_rot_0.5_goalcond_False_.pth'
fps step: 18018 fps step and policy inference: 16972 fps total: 11004 epoch: 2381/3000 frames: 77987840
mean_rewards:  [-42.11] last_mean_rewards:  -41.83733
fps step: 21295 fps step and policy inference: 20168 fps total: 11719 epoch: 2382/3000 frames: 78020608
mean_rewards:  [-42.29] last_mean_rewards:  -41.83733
fps step: 22533 fps step and policy inference: 21363 fps total: 12088 epoch: 2383/3000 frames: 78053376
mean_rewards:  [-42.94] last_mean_rewards:  -41.83733
fps step: 20604 fps step and policy inference: 19442 fps total: 11427 epoch: 2384/3000 frames: 78086144
mean_rewards:  [-42.29] last_mean_rewards:  -41.83733
fps step: 18095 fps step and policy inference: 17111 fps total: 10648 epoch: 2385/3000 frames: 78118912
mean_rewards:  [-42.39] last_mean_rewards:  -41.83733
fps step: 15584 fps step and policy inference: 14630 fps total: 9570 epoch: 2386/3000 frames: 78151680
mean_rewards:  [-42.97] last_mean_rewards:  -41.83733
fps step: 15185 fps step and policy inference: 14199 fps total: 9392 epoch: 2387/3000 frames: 78184448
mean_rewards:  [-42.24] last_mean_rewards:  -41.83733
fps step: 15130 fps step and policy inference: 14193 fps total: 9371 epoch: 2388/3000 frames: 78217216
mean_rewards:  [-42.66] last_mean_rewards:  -41.83733
fps step: 14931 fps step and policy inference: 14043 fps total: 9315 epoch: 2389/3000 frames: 78249984
mean_rewards:  [-42.24] last_mean_rewards:  -41.83733
fps step: 14640 fps step and policy inference: 13781 fps total: 9326 epoch: 2390/3000 frames: 78282752
mean_rewards:  [-42.7] last_mean_rewards:  -41.83733
fps step: 14887 fps step and policy inference: 13999 fps total: 9749 epoch: 2391/3000 frames: 78315520
mean_rewards:  [-43.21] last_mean_rewards:  -41.83733
fps step: 15175 fps step and policy inference: 14259 fps total: 10281 epoch: 2392/3000 frames: 78348288
mean_rewards:  [-42.03] last_mean_rewards:  -41.83733
fps step: 16880 fps step and policy inference: 15910 fps total: 10793 epoch: 2393/3000 frames: 78381056
mean_rewards:  [-42.41] last_mean_rewards:  -41.83733
fps step: 19827 fps step and policy inference: 18793 fps total: 11568 epoch: 2394/3000 frames: 78413824
mean_rewards:  [-42.26] last_mean_rewards:  -41.83733
fps step: 22465 fps step and policy inference: 21322 fps total: 12014 epoch: 2395/3000 frames: 78446592
mean_rewards:  [-42.22] last_mean_rewards:  -41.83733
fps step: 22946 fps step and policy inference: 21711 fps total: 12206 epoch: 2396/3000 frames: 78479360
mean_rewards:  [-41.93] last_mean_rewards:  -41.83733
fps step: 21963 fps step and policy inference: 20674 fps total: 11802 epoch: 2397/3000 frames: 78512128
mean_rewards:  [-41.73] last_mean_rewards:  -41.83733
saving next best rewards:  [-41.73]
getting weights with keys: dict_keys(['scaler', 'model'])
=> saving checkpoint './logs/scratch_cube_scratch/tracking_ori_grab_s2_cubesmall_inspect_1_nf_300_obs_pure_state_wref_wdelta_density_500.0_trans_0.5_rot_0.5_goalcond_False__18-02-24-37/nn/tracking_ori_grab_s2_cubesmall_inspect_1_nf_300_obs_pure_state_wref_wdelta_density_500.0_trans_0.5_rot_0.5_goalcond_False_.pth'
fps step: 19443 fps step and policy inference: 18399 fps total: 10990 epoch: 2398/3000 frames: 78544896
mean_rewards:  [-41.62] last_mean_rewards:  -41.731174
saving next best rewards:  [-41.62]
getting weights with keys: dict_keys(['scaler', 'model'])
=> saving checkpoint './logs/scratch_cube_scratch/tracking_ori_grab_s2_cubesmall_inspect_1_nf_300_obs_pure_state_wref_wdelta_density_500.0_trans_0.5_rot_0.5_goalcond_False__18-02-24-37/nn/tracking_ori_grab_s2_cubesmall_inspect_1_nf_300_obs_pure_state_wref_wdelta_density_500.0_trans_0.5_rot_0.5_goalcond_False_.pth'
fps step: 16162 fps step and policy inference: 15262 fps total: 9899 epoch: 2399/3000 frames: 78577664
mean_rewards:  [-42.37] last_mean_rewards:  -41.62143
fps step: 14810 fps step and policy inference: 13918 fps total: 9257 epoch: 2400/3000 frames: 78610432
mean_rewards:  [-43.78] last_mean_rewards:  -41.62143
getting weights with keys: dict_keys(['scaler', 'model'])
=> saving checkpoint './logs/scratch_cube_scratch/tracking_ori_grab_s2_cubesmall_inspect_1_nf_300_obs_pure_state_wref_wdelta_density_500.0_trans_0.5_rot_0.5_goalcond_False__18-02-24-37/nn/last_tracking_ori_grab_s2_cubesmall_inspect_1_nf_300_obs_pure_state_wref_wdelta_density_500.0_trans_0.5_rot_0.5_goalcond_False__ep_2400_rew_-43.776566.pth'
fps step: 15057 fps step and policy inference: 14150 fps total: 9369 epoch: 2401/3000 frames: 78643200
mean_rewards:  [-42.21] last_mean_rewards:  -41.62143
fps step: 14863 fps step and policy inference: 13990 fps total: 9268 epoch: 2402/3000 frames: 78675968
mean_rewards:  [-42.07] last_mean_rewards:  -41.62143
fps step: 14864 fps step and policy inference: 13996 fps total: 9364 epoch: 2403/3000 frames: 78708736
mean_rewards:  [-41.6] last_mean_rewards:  -41.62143
saving next best rewards:  [-41.6]
getting weights with keys: dict_keys(['scaler', 'model'])
=> saving checkpoint './logs/scratch_cube_scratch/tracking_ori_grab_s2_cubesmall_inspect_1_nf_300_obs_pure_state_wref_wdelta_density_500.0_trans_0.5_rot_0.5_goalcond_False__18-02-24-37/nn/tracking_ori_grab_s2_cubesmall_inspect_1_nf_300_obs_pure_state_wref_wdelta_density_500.0_trans_0.5_rot_0.5_goalcond_False_.pth'
fps step: 14583 fps step and policy inference: 13762 fps total: 9543 epoch: 2404/3000 frames: 78741504
mean_rewards:  [-42.34] last_mean_rewards:  -41.59712
fps step: 14422 fps step and policy inference: 13582 fps total: 9780 epoch: 2405/3000 frames: 78774272
mean_rewards:  [-42.46] last_mean_rewards:  -41.59712
fps step: 15502 fps step and policy inference: 14495 fps total: 10491 epoch: 2406/3000 frames: 78807040
mean_rewards:  [-42.37] last_mean_rewards:  -41.59712
fps step: 17590 fps step and policy inference: 16702 fps total: 11152 epoch: 2407/3000 frames: 78839808
mean_rewards:  [-42.44] last_mean_rewards:  -41.59712
fps step: 20077 fps step and policy inference: 18969 fps total: 11562 epoch: 2408/3000 frames: 78872576
mean_rewards:  [-42.45] last_mean_rewards:  -41.59712
fps step: 23007 fps step and policy inference: 21708 fps total: 12327 epoch: 2409/3000 frames: 78905344
mean_rewards:  [-42.18] last_mean_rewards:  -41.59712
fps step: 24229 fps step and policy inference: 22973 fps total: 12461 epoch: 2410/3000 frames: 78938112
mean_rewards:  [-42.24] last_mean_rewards:  -41.59712
fps step: 24507 fps step and policy inference: 23230 fps total: 12580 epoch: 2411/3000 frames: 78970880
mean_rewards:  [-42.02] last_mean_rewards:  -41.59712
fps step: 22907 fps step and policy inference: 21646 fps total: 12053 epoch: 2412/3000 frames: 79003648
mean_rewards:  [-42.14] last_mean_rewards:  -41.59712
fps step: 20273 fps step and policy inference: 19170 fps total: 11239 epoch: 2413/3000 frames: 79036416
mean_rewards:  [-41.96] last_mean_rewards:  -41.59712
fps step: 17310 fps step and policy inference: 16315 fps total: 10261 epoch: 2414/3000 frames: 79069184
mean_rewards:  [-42.68] last_mean_rewards:  -41.59712
fps step: 15444 fps step and policy inference: 14521 fps total: 9450 epoch: 2415/3000 frames: 79101952
mean_rewards:  [-41.82] last_mean_rewards:  -41.59712
fps step: 14734 fps step and policy inference: 13839 fps total: 9150 epoch: 2416/3000 frames: 79134720
mean_rewards:  [-41.87] last_mean_rewards:  -41.59712
fps step: 14276 fps step and policy inference: 13500 fps total: 9015 epoch: 2417/3000 frames: 79167488
mean_rewards:  [-42.34] last_mean_rewards:  -41.59712
fps step: 14340 fps step and policy inference: 13545 fps total: 9062 epoch: 2418/3000 frames: 79200256
mean_rewards:  [-42.31] last_mean_rewards:  -41.59712
fps step: 14400 fps step and policy inference: 13556 fps total: 9172 epoch: 2419/3000 frames: 79233024
mean_rewards:  [-41.8] last_mean_rewards:  -41.59712
fps step: 14572 fps step and policy inference: 13740 fps total: 9361 epoch: 2420/3000 frames: 79265792
mean_rewards:  [-41.62] last_mean_rewards:  -41.59712
fps step: 14434 fps step and policy inference: 13588 fps total: 9484 epoch: 2421/3000 frames: 79298560
mean_rewards:  [-42.01] last_mean_rewards:  -41.59712
fps step: 14732 fps step and policy inference: 13871 fps total: 9987 epoch: 2422/3000 frames: 79331328
mean_rewards:  [-41.95] last_mean_rewards:  -41.59712
fps step: 15423 fps step and policy inference: 14610 fps total: 10447 epoch: 2423/3000 frames: 79364096
mean_rewards:  [-41.74] last_mean_rewards:  -41.59712
fps step: 18186 fps step and policy inference: 17195 fps total: 11237 epoch: 2424/3000 frames: 79396864
mean_rewards:  [-41.81] last_mean_rewards:  -41.59712
fps step: 20442 fps step and policy inference: 19254 fps total: 11752 epoch: 2425/3000 frames: 79429632
mean_rewards:  [-41.55] last_mean_rewards:  -41.59712
saving next best rewards:  [-41.55]
getting weights with keys: dict_keys(['scaler', 'model'])
=> saving checkpoint './logs/scratch_cube_scratch/tracking_ori_grab_s2_cubesmall_inspect_1_nf_300_obs_pure_state_wref_wdelta_density_500.0_trans_0.5_rot_0.5_goalcond_False__18-02-24-37/nn/tracking_ori_grab_s2_cubesmall_inspect_1_nf_300_obs_pure_state_wref_wdelta_density_500.0_trans_0.5_rot_0.5_goalcond_False_.pth'
fps step: 22450 fps step and policy inference: 21213 fps total: 12033 epoch: 2426/3000 frames: 79462400
mean_rewards:  [-41.33] last_mean_rewards:  -41.54796
saving next best rewards:  [-41.33]
getting weights with keys: dict_keys(['scaler', 'model'])
=> saving checkpoint './logs/scratch_cube_scratch/tracking_ori_grab_s2_cubesmall_inspect_1_nf_300_obs_pure_state_wref_wdelta_density_500.0_trans_0.5_rot_0.5_goalcond_False__18-02-24-37/nn/tracking_ori_grab_s2_cubesmall_inspect_1_nf_300_obs_pure_state_wref_wdelta_density_500.0_trans_0.5_rot_0.5_goalcond_False_.pth'
fps step: 24172 fps step and policy inference: 22878 fps total: 12446 epoch: 2427/3000 frames: 79495168
mean_rewards:  [-41.7] last_mean_rewards:  -41.332947
fps step: 22532 fps step and policy inference: 21345 fps total: 12010 epoch: 2428/3000 frames: 79527936
mean_rewards:  [-42.93] last_mean_rewards:  -41.332947
fps step: 20516 fps step and policy inference: 19310 fps total: 11285 epoch: 2429/3000 frames: 79560704
mean_rewards:  [-42.14] last_mean_rewards:  -41.332947
fps step: 18907 fps step and policy inference: 17831 fps total: 10733 epoch: 2430/3000 frames: 79593472
mean_rewards:  [-41.91] last_mean_rewards:  -41.332947
fps step: 15585 fps step and policy inference: 14721 fps total: 9518 epoch: 2431/3000 frames: 79626240
mean_rewards:  [-42.23] last_mean_rewards:  -41.332947
fps step: 14367 fps step and policy inference: 13602 fps total: 8991 epoch: 2432/3000 frames: 79659008
mean_rewards:  [-41.67] last_mean_rewards:  -41.332947
fps step: 14527 fps step and policy inference: 13665 fps total: 9036 epoch: 2433/3000 frames: 79691776
mean_rewards:  [-42.66] last_mean_rewards:  -41.332947
fps step: 14415 fps step and policy inference: 13557 fps total: 8984 epoch: 2434/3000 frames: 79724544
mean_rewards:  [-41.96] last_mean_rewards:  -41.332947
fps step: 14310 fps step and policy inference: 13466 fps total: 9009 epoch: 2435/3000 frames: 79757312
mean_rewards:  [-42.33] last_mean_rewards:  -41.332947
fps step: 14494 fps step and policy inference: 13652 fps total: 9288 epoch: 2436/3000 frames: 79790080
mean_rewards:  [-41.7] last_mean_rewards:  -41.332947
fps step: 14595 fps step and policy inference: 13756 fps total: 9595 epoch: 2437/3000 frames: 79822848
mean_rewards:  [-42.35] last_mean_rewards:  -41.332947
fps step: 14754 fps step and policy inference: 13909 fps total: 10133 epoch: 2438/3000 frames: 79855616
mean_rewards:  [-42.05] last_mean_rewards:  -41.332947
fps step: 17467 fps step and policy inference: 16484 fps total: 11077 epoch: 2439/3000 frames: 79888384
mean_rewards:  [-41.67] last_mean_rewards:  -41.332947
fps step: 19291 fps step and policy inference: 18179 fps total: 11248 epoch: 2440/3000 frames: 79921152
mean_rewards:  [-41.71] last_mean_rewards:  -41.332947
fps step: 21433 fps step and policy inference: 20230 fps total: 11648 epoch: 2441/3000 frames: 79953920
mean_rewards:  [-42.36] last_mean_rewards:  -41.332947
fps step: 24527 fps step and policy inference: 23223 fps total: 12476 epoch: 2442/3000 frames: 79986688
mean_rewards:  [-42.72] last_mean_rewards:  -41.332947
fps step: 22851 fps step and policy inference: 21628 fps total: 11939 epoch: 2443/3000 frames: 80019456
mean_rewards:  [-41.65] last_mean_rewards:  -41.332947
fps step: 20120 fps step and policy inference: 19059 fps total: 11163 epoch: 2444/3000 frames: 80052224
mean_rewards:  [-42.51] last_mean_rewards:  -41.332947
fps step: 17282 fps step and policy inference: 16323 fps total: 10100 epoch: 2445/3000 frames: 80084992
mean_rewards:  [-41.57] last_mean_rewards:  -41.332947
fps step: 14546 fps step and policy inference: 13732 fps total: 9039 epoch: 2446/3000 frames: 80117760
mean_rewards:  [-41.94] last_mean_rewards:  -41.332947
fps step: 14784 fps step and policy inference: 13870 fps total: 9126 epoch: 2447/3000 frames: 80150528
mean_rewards:  [-42.25] last_mean_rewards:  -41.332947
fps step: 15463 fps step and policy inference: 14525 fps total: 9391 epoch: 2448/3000 frames: 80183296
mean_rewards:  [-41.96] last_mean_rewards:  -41.332947
fps step: 15498 fps step and policy inference: 14506 fps total: 9387 epoch: 2449/3000 frames: 80216064
mean_rewards:  [-41.92] last_mean_rewards:  -41.332947
fps step: 15131 fps step and policy inference: 14212 fps total: 9255 epoch: 2450/3000 frames: 80248832
mean_rewards:  [-41.66] last_mean_rewards:  -41.332947
fps step: 14977 fps step and policy inference: 14088 fps total: 9333 epoch: 2451/3000 frames: 80281600
mean_rewards:  [-41.77] last_mean_rewards:  -41.332947
fps step: 14772 fps step and policy inference: 13936 fps total: 9564 epoch: 2452/3000 frames: 80314368
mean_rewards:  [-42.1] last_mean_rewards:  -41.332947
fps step: 14875 fps step and policy inference: 13992 fps total: 9937 epoch: 2453/3000 frames: 80347136
mean_rewards:  [-41.95] last_mean_rewards:  -41.332947
fps step: 16804 fps step and policy inference: 15816 fps total: 10521 epoch: 2454/3000 frames: 80379904
mean_rewards:  [-41.44] last_mean_rewards:  -41.332947
fps step: 19496 fps step and policy inference: 18507 fps total: 11140 epoch: 2455/3000 frames: 80412672
mean_rewards:  [-42.58] last_mean_rewards:  -41.332947
fps step: 22303 fps step and policy inference: 21129 fps total: 11780 epoch: 2456/3000 frames: 80445440
mean_rewards:  [-43.12] last_mean_rewards:  -41.332947
fps step: 21062 fps step and policy inference: 20008 fps total: 11406 epoch: 2457/3000 frames: 80478208
mean_rewards:  [-42.31] last_mean_rewards:  -41.332947
fps step: 17939 fps step and policy inference: 16926 fps total: 10319 epoch: 2458/3000 frames: 80510976
mean_rewards:  [-42.08] last_mean_rewards:  -41.332947
fps step: 14297 fps step and policy inference: 13467 fps total: 8947 epoch: 2459/3000 frames: 80543744
mean_rewards:  [-42.3] last_mean_rewards:  -41.332947
fps step: 14903 fps step and policy inference: 13936 fps total: 9185 epoch: 2460/3000 frames: 80576512
mean_rewards:  [-42.28] last_mean_rewards:  -41.332947
fps step: 15089 fps step and policy inference: 14125 fps total: 9227 epoch: 2461/3000 frames: 80609280
mean_rewards:  [-42.26] last_mean_rewards:  -41.332947
fps step: 14721 fps step and policy inference: 13738 fps total: 9071 epoch: 2462/3000 frames: 80642048
mean_rewards:  [-42.09] last_mean_rewards:  -41.332947
fps step: 14354 fps step and policy inference: 13514 fps total: 9142 epoch: 2463/3000 frames: 80674816
mean_rewards:  [-42.41] last_mean_rewards:  -41.332947
fps step: 14850 fps step and policy inference: 13915 fps total: 9623 epoch: 2464/3000 frames: 80707584
mean_rewards:  [-42.32] last_mean_rewards:  -41.332947
fps step: 15764 fps step and policy inference: 14780 fps total: 10097 epoch: 2465/3000 frames: 80740352
mean_rewards:  [-42.14] last_mean_rewards:  -41.332947
fps step: 19686 fps step and policy inference: 18563 fps total: 11189 epoch: 2466/3000 frames: 80773120
mean_rewards:  [-42.33] last_mean_rewards:  -41.332947
fps step: 22925 fps step and policy inference: 21626 fps total: 11947 epoch: 2467/3000 frames: 80805888
mean_rewards:  [-41.98] last_mean_rewards:  -41.332947
fps step: 21384 fps step and policy inference: 20159 fps total: 11526 epoch: 2468/3000 frames: 80838656
mean_rewards:  [-42.1] last_mean_rewards:  -41.332947
fps step: 17201 fps step and policy inference: 16264 fps total: 10096 epoch: 2469/3000 frames: 80871424
mean_rewards:  [-42.01] last_mean_rewards:  -41.332947
fps step: 13965 fps step and policy inference: 13223 fps total: 8860 epoch: 2470/3000 frames: 80904192
mean_rewards:  [-42.94] last_mean_rewards:  -41.332947
fps step: 14716 fps step and policy inference: 13849 fps total: 9081 epoch: 2471/3000 frames: 80936960
mean_rewards:  [-41.9] last_mean_rewards:  -41.332947
fps step: 14874 fps step and policy inference: 13949 fps total: 9140 epoch: 2472/3000 frames: 80969728
mean_rewards:  [-42.17] last_mean_rewards:  -41.332947
fps step: 14150 fps step and policy inference: 13415 fps total: 9195 epoch: 2473/3000 frames: 81002496
mean_rewards:  [-42.99] last_mean_rewards:  -41.332947
fps step: 14273 fps step and policy inference: 13452 fps total: 9657 epoch: 2474/3000 frames: 81035264
mean_rewards:  [-41.77] last_mean_rewards:  -41.332947
fps step: 17321 fps step and policy inference: 16282 fps total: 10585 epoch: 2475/3000 frames: 81068032
mean_rewards:  [-41.98] last_mean_rewards:  -41.332947
fps step: 20674 fps step and policy inference: 19489 fps total: 11315 epoch: 2476/3000 frames: 81100800
mean_rewards:  [-41.77] last_mean_rewards:  -41.332947
fps step: 21850 fps step and policy inference: 20690 fps total: 11651 epoch: 2477/3000 frames: 81133568
mean_rewards:  [-41.74] last_mean_rewards:  -41.332947
fps step: 18941 fps step and policy inference: 17965 fps total: 10727 epoch: 2478/3000 frames: 81166336
mean_rewards:  [-41.67] last_mean_rewards:  -41.332947
fps step: 14714 fps step and policy inference: 13877 fps total: 9134 epoch: 2479/3000 frames: 81199104
mean_rewards:  [-41.71] last_mean_rewards:  -41.332947
fps step: 14845 fps step and policy inference: 13894 fps total: 9129 epoch: 2480/3000 frames: 81231872
mean_rewards:  [-42.44] last_mean_rewards:  -41.332947
fps step: 14772 fps step and policy inference: 13860 fps total: 9141 epoch: 2481/3000 frames: 81264640
mean_rewards:  [-41.96] last_mean_rewards:  -41.332947
fps step: 15238 fps step and policy inference: 14296 fps total: 9336 epoch: 2482/3000 frames: 81297408
mean_rewards:  [-42.15] last_mean_rewards:  -41.332947
fps step: 14367 fps step and policy inference: 13566 fps total: 9231 epoch: 2483/3000 frames: 81330176
mean_rewards:  [-42.21] last_mean_rewards:  -41.332947
fps step: 14925 fps step and policy inference: 14062 fps total: 9792 epoch: 2484/3000 frames: 81362944
mean_rewards:  [-43.16] last_mean_rewards:  -41.332947
fps step: 15447 fps step and policy inference: 14594 fps total: 10178 epoch: 2485/3000 frames: 81395712
mean_rewards:  [-42.24] last_mean_rewards:  -41.332947
fps step: 18248 fps step and policy inference: 17147 fps total: 10911 epoch: 2486/3000 frames: 81428480
mean_rewards:  [-42.7] last_mean_rewards:  -41.332947
fps step: 20833 fps step and policy inference: 19624 fps total: 11502 epoch: 2487/3000 frames: 81461248
mean_rewards:  [-42.3] last_mean_rewards:  -41.332947
fps step: 22544 fps step and policy inference: 21335 fps total: 11840 epoch: 2488/3000 frames: 81494016
mean_rewards:  [-42.01] last_mean_rewards:  -41.332947
fps step: 20894 fps step and policy inference: 19736 fps total: 11365 epoch: 2489/3000 frames: 81526784
mean_rewards:  [-42.57] last_mean_rewards:  -41.332947
fps step: 18591 fps step and policy inference: 17521 fps total: 10575 epoch: 2490/3000 frames: 81559552
mean_rewards:  [-42.36] last_mean_rewards:  -41.332947
fps step: 16081 fps step and policy inference: 15061 fps total: 9627 epoch: 2491/3000 frames: 81592320
mean_rewards:  [-42.67] last_mean_rewards:  -41.332947
fps step: 15059 fps step and policy inference: 14127 fps total: 9260 epoch: 2492/3000 frames: 81625088
mean_rewards:  [-42.2] last_mean_rewards:  -41.332947
fps step: 14127 fps step and policy inference: 13354 fps total: 8876 epoch: 2493/3000 frames: 81657856
mean_rewards:  [-42.9] last_mean_rewards:  -41.332947
fps step: 14539 fps step and policy inference: 13721 fps total: 9133 epoch: 2494/3000 frames: 81690624
mean_rewards:  [-42.13] last_mean_rewards:  -41.332947
fps step: 14876 fps step and policy inference: 13947 fps total: 9582 epoch: 2495/3000 frames: 81723392
mean_rewards:  [-42.57] last_mean_rewards:  -41.332947
fps step: 14272 fps step and policy inference: 13443 fps total: 9642 epoch: 2496/3000 frames: 81756160
mean_rewards:  [-42.03] last_mean_rewards:  -41.332947
fps step: 15037 fps step and policy inference: 14167 fps total: 10265 epoch: 2497/3000 frames: 81788928
mean_rewards:  [-42.45] last_mean_rewards:  -41.332947
fps step: 17856 fps step and policy inference: 16801 fps total: 11034 epoch: 2498/3000 frames: 81821696
mean_rewards:  [-43.13] last_mean_rewards:  -41.332947
fps step: 20878 fps step and policy inference: 19617 fps total: 11917 epoch: 2499/3000 frames: 81854464
mean_rewards:  [-42.26] last_mean_rewards:  -41.332947
fps step: 21743 fps step and policy inference: 20360 fps total: 12174 epoch: 2500/3000 frames: 81887232
mean_rewards:  [-42.01] last_mean_rewards:  -41.332947
fps step: 21105 fps step and policy inference: 19824 fps total: 11969 epoch: 2501/3000 frames: 81920000
mean_rewards:  [-42.68] last_mean_rewards:  -41.332947
fps step: 21024 fps step and policy inference: 19826 fps total: 11918 epoch: 2502/3000 frames: 81952768
mean_rewards:  [-42.42] last_mean_rewards:  -41.332947
fps step: 21920 fps step and policy inference: 20737 fps total: 12012 epoch: 2503/3000 frames: 81985536
mean_rewards:  [-42.47] last_mean_rewards:  -41.332947
fps step: 23143 fps step and policy inference: 21918 fps total: 12199 epoch: 2504/3000 frames: 82018304
mean_rewards:  [-42.22] last_mean_rewards:  -41.332947
fps step: 24155 fps step and policy inference: 22868 fps total: 12413 epoch: 2505/3000 frames: 82051072
mean_rewards:  [-42.53] last_mean_rewards:  -41.332947
fps step: 23934 fps step and policy inference: 22675 fps total: 12324 epoch: 2506/3000 frames: 82083840
mean_rewards:  [-42.73] last_mean_rewards:  -41.332947
fps step: 21557 fps step and policy inference: 20367 fps total: 11593 epoch: 2507/3000 frames: 82116608
mean_rewards:  [-42.86] last_mean_rewards:  -41.332947
fps step: 20223 fps step and policy inference: 19100 fps total: 11246 epoch: 2508/3000 frames: 82149376
mean_rewards:  [-42.87] last_mean_rewards:  -41.332947
fps step: 17178 fps step and policy inference: 16215 fps total: 10091 epoch: 2509/3000 frames: 82182144
mean_rewards:  [-42.92] last_mean_rewards:  -41.332947
fps step: 14800 fps step and policy inference: 13896 fps total: 9152 epoch: 2510/3000 frames: 82214912
mean_rewards:  [-42.81] last_mean_rewards:  -41.332947
fps step: 14508 fps step and policy inference: 13686 fps total: 9101 epoch: 2511/3000 frames: 82247680
mean_rewards:  [-43.37] last_mean_rewards:  -41.332947
fps step: 36165 fps step and policy inference: 33975 fps total: 17922 epoch: 2512/3000 frames: 82280448
mean_rewards:  [-43.58] last_mean_rewards:  -41.332947
fps step: 35856 fps step and policy inference: 33664 fps total: 17734 epoch: 2513/3000 frames: 82313216
mean_rewards:  [-43.13] last_mean_rewards:  -41.332947
fps step: 36579 fps step and policy inference: 34437 fps total: 18514 epoch: 2514/3000 frames: 82345984
mean_rewards:  [-42.8] last_mean_rewards:  -41.332947
fps step: 35164 fps step and policy inference: 32723 fps total: 18074 epoch: 2515/3000 frames: 82378752
mean_rewards:  [-42.73] last_mean_rewards:  -41.332947
fps step: 34218 fps step and policy inference: 31906 fps total: 17817 epoch: 2516/3000 frames: 82411520
mean_rewards:  [-42.78] last_mean_rewards:  -41.332947
fps step: 24272 fps step and policy inference: 23056 fps total: 13559 epoch: 2517/3000 frames: 82444288
mean_rewards:  [-43.16] last_mean_rewards:  -41.332947
fps step: 20552 fps step and policy inference: 19559 fps total: 11801 epoch: 2518/3000 frames: 82477056
mean_rewards:  [-43.34] last_mean_rewards:  -41.332947
fps step: 34278 fps step and policy inference: 32302 fps total: 15219 epoch: 2519/3000 frames: 82509824
mean_rewards:  [-43.02] last_mean_rewards:  -41.332947
fps step: 33374 fps step and policy inference: 31549 fps total: 17556 epoch: 2520/3000 frames: 82542592
mean_rewards:  [-42.67] last_mean_rewards:  -41.332947
fps step: 35728 fps step and policy inference: 33683 fps total: 18370 epoch: 2521/3000 frames: 82575360
mean_rewards:  [-43.74] last_mean_rewards:  -41.332947
fps step: 35751 fps step and policy inference: 33668 fps total: 18272 epoch: 2522/3000 frames: 82608128
mean_rewards:  [-43.26] last_mean_rewards:  -41.332947
fps step: 20711 fps step and policy inference: 19597 fps total: 12140 epoch: 2523/3000 frames: 82640896
mean_rewards:  [-42.63] last_mean_rewards:  -41.332947
fps step: 20095 fps step and policy inference: 19169 fps total: 13040 epoch: 2524/3000 frames: 82673664
mean_rewards:  [-43.11] last_mean_rewards:  -41.332947
fps step: 35556 fps step and policy inference: 33485 fps total: 18289 epoch: 2525/3000 frames: 82706432
mean_rewards:  [-43.32] last_mean_rewards:  -41.332947
fps step: 35983 fps step and policy inference: 33635 fps total: 18155 epoch: 2526/3000 frames: 82739200
mean_rewards:  [-43.08] last_mean_rewards:  -41.332947
fps step: 35773 fps step and policy inference: 33527 fps total: 18168 epoch: 2527/3000 frames: 82771968
mean_rewards:  [-42.81] last_mean_rewards:  -41.332947
fps step: 35923 fps step and policy inference: 33732 fps total: 18272 epoch: 2528/3000 frames: 82804736
mean_rewards:  [-42.67] last_mean_rewards:  -41.332947
fps step: 35585 fps step and policy inference: 33393 fps total: 18110 epoch: 2529/3000 frames: 82837504
mean_rewards:  [-42.96] last_mean_rewards:  -41.332947
fps step: 35862 fps step and policy inference: 33641 fps total: 18246 epoch: 2530/3000 frames: 82870272
mean_rewards:  [-43.08] last_mean_rewards:  -41.332947
fps step: 36457 fps step and policy inference: 34277 fps total: 18478 epoch: 2531/3000 frames: 82903040
mean_rewards:  [-42.91] last_mean_rewards:  -41.332947
fps step: 36458 fps step and policy inference: 34290 fps total: 18554 epoch: 2532/3000 frames: 82935808
mean_rewards:  [-42.61] last_mean_rewards:  -41.332947
fps step: 35883 fps step and policy inference: 33723 fps total: 18440 epoch: 2533/3000 frames: 82968576
mean_rewards:  [-42.77] last_mean_rewards:  -41.332947
fps step: 36802 fps step and policy inference: 34220 fps total: 17457 epoch: 2534/3000 frames: 83001344
mean_rewards:  [-42.74] last_mean_rewards:  -41.332947
fps step: 38093 fps step and policy inference: 35729 fps total: 18014 epoch: 2535/3000 frames: 83034112
mean_rewards:  [-43.63] last_mean_rewards:  -41.332947
fps step: 38392 fps step and policy inference: 35982 fps total: 18217 epoch: 2536/3000 frames: 83066880
mean_rewards:  [-42.17] last_mean_rewards:  -41.332947
fps step: 37095 fps step and policy inference: 34887 fps total: 17880 epoch: 2537/3000 frames: 83099648
mean_rewards:  [-42.7] last_mean_rewards:  -41.332947
fps step: 36181 fps step and policy inference: 34071 fps total: 17681 epoch: 2538/3000 frames: 83132416
mean_rewards:  [-43.22] last_mean_rewards:  -41.332947
fps step: 36006 fps step and policy inference: 33866 fps total: 17794 epoch: 2539/3000 frames: 83165184
mean_rewards:  [-42.49] last_mean_rewards:  -41.332947
fps step: 36119 fps step and policy inference: 34001 fps total: 18289 epoch: 2540/3000 frames: 83197952
mean_rewards:  [-43.63] last_mean_rewards:  -41.332947
fps step: 36887 fps step and policy inference: 34711 fps total: 18572 epoch: 2541/3000 frames: 83230720
mean_rewards:  [-41.95] last_mean_rewards:  -41.332947
fps step: 36658 fps step and policy inference: 34478 fps total: 18485 epoch: 2542/3000 frames: 83263488
mean_rewards:  [-41.8] last_mean_rewards:  -41.332947
fps step: 35973 fps step and policy inference: 33889 fps total: 18245 epoch: 2543/3000 frames: 83296256
mean_rewards:  [-42.28] last_mean_rewards:  -41.332947
fps step: 36101 fps step and policy inference: 33978 fps total: 18294 epoch: 2544/3000 frames: 83329024
mean_rewards:  [-42.37] last_mean_rewards:  -41.332947
fps step: 36444 fps step and policy inference: 34295 fps total: 18347 epoch: 2545/3000 frames: 83361792
mean_rewards:  [-42.29] last_mean_rewards:  -41.332947
fps step: 36621 fps step and policy inference: 34467 fps total: 18551 epoch: 2546/3000 frames: 83394560
mean_rewards:  [-42.2] last_mean_rewards:  -41.332947
fps step: 36301 fps step and policy inference: 34192 fps total: 18246 epoch: 2547/3000 frames: 83427328
mean_rewards:  [-42.66] last_mean_rewards:  -41.332947
fps step: 35898 fps step and policy inference: 33807 fps total: 18234 epoch: 2548/3000 frames: 83460096
mean_rewards:  [-42.49] last_mean_rewards:  -41.332947
fps step: 35877 fps step and policy inference: 33751 fps total: 18399 epoch: 2549/3000 frames: 83492864
mean_rewards:  [-42.77] last_mean_rewards:  -41.332947
fps step: 36485 fps step and policy inference: 34316 fps total: 18365 epoch: 2550/3000 frames: 83525632
mean_rewards:  [-42.58] last_mean_rewards:  -41.332947
fps step: 36277 fps step and policy inference: 34134 fps total: 18535 epoch: 2551/3000 frames: 83558400
mean_rewards:  [-42.32] last_mean_rewards:  -41.332947
fps step: 36083 fps step and policy inference: 33935 fps total: 18463 epoch: 2552/3000 frames: 83591168
mean_rewards:  [-42.31] last_mean_rewards:  -41.332947
fps step: 35377 fps step and policy inference: 33243 fps total: 18261 epoch: 2553/3000 frames: 83623936
mean_rewards:  [-42.53] last_mean_rewards:  -41.332947
fps step: 35825 fps step and policy inference: 33670 fps total: 18336 epoch: 2554/3000 frames: 83656704
mean_rewards:  [-43.24] last_mean_rewards:  -41.332947
fps step: 36410 fps step and policy inference: 34234 fps total: 18538 epoch: 2555/3000 frames: 83689472
mean_rewards:  [-42.38] last_mean_rewards:  -41.332947
fps step: 36002 fps step and policy inference: 33866 fps total: 18292 epoch: 2556/3000 frames: 83722240
mean_rewards:  [-42.78] last_mean_rewards:  -41.332947
fps step: 35735 fps step and policy inference: 33600 fps total: 16028 epoch: 2557/3000 frames: 83755008
mean_rewards:  [-41.98] last_mean_rewards:  -41.332947
fps step: 36185 fps step and policy inference: 33965 fps total: 18412 epoch: 2558/3000 frames: 83787776
mean_rewards:  [-42.28] last_mean_rewards:  -41.332947
fps step: 36303 fps step and policy inference: 34119 fps total: 18456 epoch: 2559/3000 frames: 83820544
mean_rewards:  [-41.99] last_mean_rewards:  -41.332947
fps step: 36152 fps step and policy inference: 33989 fps total: 18403 epoch: 2560/3000 frames: 83853312
mean_rewards:  [-41.91] last_mean_rewards:  -41.332947
fps step: 36179 fps step and policy inference: 33865 fps total: 17940 epoch: 2561/3000 frames: 83886080
mean_rewards:  [-41.81] last_mean_rewards:  -41.332947
fps step: 36196 fps step and policy inference: 34038 fps total: 17635 epoch: 2562/3000 frames: 83918848
mean_rewards:  [-41.98] last_mean_rewards:  -41.332947
fps step: 36140 fps step and policy inference: 33970 fps total: 17506 epoch: 2563/3000 frames: 83951616
mean_rewards:  [-42.77] last_mean_rewards:  -41.332947
fps step: 36752 fps step and policy inference: 34545 fps total: 17649 epoch: 2564/3000 frames: 83984384
mean_rewards:  [-42.59] last_mean_rewards:  -41.332947
fps step: 35974 fps step and policy inference: 33734 fps total: 18351 epoch: 2565/3000 frames: 84017152
mean_rewards:  [-42.51] last_mean_rewards:  -41.332947
fps step: 35804 fps step and policy inference: 33651 fps total: 18176 epoch: 2566/3000 frames: 84049920
mean_rewards:  [-42.75] last_mean_rewards:  -41.332947
fps step: 36083 fps step and policy inference: 33958 fps total: 18254 epoch: 2567/3000 frames: 84082688
mean_rewards:  [-42.34] last_mean_rewards:  -41.332947
fps step: 35849 fps step and policy inference: 33706 fps total: 18250 epoch: 2568/3000 frames: 84115456
mean_rewards:  [-43.02] last_mean_rewards:  -41.332947
fps step: 36975 fps step and policy inference: 34793 fps total: 18679 epoch: 2569/3000 frames: 84148224
mean_rewards:  [-42.91] last_mean_rewards:  -41.332947
fps step: 35895 fps step and policy inference: 33794 fps total: 18230 epoch: 2570/3000 frames: 84180992
mean_rewards:  [-42.48] last_mean_rewards:  -41.332947
fps step: 36333 fps step and policy inference: 34200 fps total: 18290 epoch: 2571/3000 frames: 84213760
mean_rewards:  [-42.88] last_mean_rewards:  -41.332947
fps step: 36175 fps step and policy inference: 33937 fps total: 18361 epoch: 2572/3000 frames: 84246528
mean_rewards:  [-42.32] last_mean_rewards:  -41.332947
fps step: 36010 fps step and policy inference: 33853 fps total: 18355 epoch: 2573/3000 frames: 84279296
mean_rewards:  [-42.68] last_mean_rewards:  -41.332947
fps step: 36579 fps step and policy inference: 34392 fps total: 18568 epoch: 2574/3000 frames: 84312064
mean_rewards:  [-42.19] last_mean_rewards:  -41.332947
fps step: 36128 fps step and policy inference: 33811 fps total: 18325 epoch: 2575/3000 frames: 84344832
mean_rewards:  [-42.4] last_mean_rewards:  -41.332947
fps step: 35292 fps step and policy inference: 33203 fps total: 18111 epoch: 2576/3000 frames: 84377600
mean_rewards:  [-42.68] last_mean_rewards:  -41.332947
fps step: 35609 fps step and policy inference: 33439 fps total: 18174 epoch: 2577/3000 frames: 84410368
mean_rewards:  [-42.54] last_mean_rewards:  -41.332947
fps step: 36093 fps step and policy inference: 33972 fps total: 18291 epoch: 2578/3000 frames: 84443136
mean_rewards:  [-42.53] last_mean_rewards:  -41.332947
fps step: 35976 fps step and policy inference: 33691 fps total: 18364 epoch: 2579/3000 frames: 84475904
mean_rewards:  [-42.44] last_mean_rewards:  -41.332947
fps step: 35850 fps step and policy inference: 33626 fps total: 18278 epoch: 2580/3000 frames: 84508672
mean_rewards:  [-42.34] last_mean_rewards:  -41.332947
fps step: 35929 fps step and policy inference: 33644 fps total: 18173 epoch: 2581/3000 frames: 84541440
mean_rewards:  [-42.11] last_mean_rewards:  -41.332947
fps step: 35295 fps step and policy inference: 32870 fps total: 18017 epoch: 2582/3000 frames: 84574208
mean_rewards:  [-42.22] last_mean_rewards:  -41.332947
fps step: 35984 fps step and policy inference: 33715 fps total: 17417 epoch: 2583/3000 frames: 84606976
mean_rewards:  [-42.29] last_mean_rewards:  -41.332947
fps step: 35642 fps step and policy inference: 33410 fps total: 17519 epoch: 2584/3000 frames: 84639744
mean_rewards:  [-43.34] last_mean_rewards:  -41.332947
fps step: 35643 fps step and policy inference: 33424 fps total: 17502 epoch: 2585/3000 frames: 84672512
mean_rewards:  [-42.26] last_mean_rewards:  -41.332947
fps step: 35932 fps step and policy inference: 33679 fps total: 17547 epoch: 2586/3000 frames: 84705280
mean_rewards:  [-42.92] last_mean_rewards:  -41.332947
fps step: 35545 fps step and policy inference: 33154 fps total: 17420 epoch: 2587/3000 frames: 84738048
mean_rewards:  [-42.96] last_mean_rewards:  -41.332947
fps step: 35884 fps step and policy inference: 33370 fps total: 17537 epoch: 2588/3000 frames: 84770816
mean_rewards:  [-42.49] last_mean_rewards:  -41.332947
fps step: 36965 fps step and policy inference: 34338 fps total: 17611 epoch: 2589/3000 frames: 84803584
mean_rewards:  [-42.14] last_mean_rewards:  -41.332947
fps step: 35679 fps step and policy inference: 33392 fps total: 17457 epoch: 2590/3000 frames: 84836352
mean_rewards:  [-42.68] last_mean_rewards:  -41.332947
fps step: 35159 fps step and policy inference: 32934 fps total: 17276 epoch: 2591/3000 frames: 84869120
mean_rewards:  [-43.83] last_mean_rewards:  -41.332947
fps step: 36768 fps step and policy inference: 34297 fps total: 17753 epoch: 2592/3000 frames: 84901888
mean_rewards:  [-42.63] last_mean_rewards:  -41.332947
fps step: 35963 fps step and policy inference: 33383 fps total: 17586 epoch: 2593/3000 frames: 84934656
mean_rewards:  [-42.88] last_mean_rewards:  -41.332947
fps step: 35540 fps step and policy inference: 33190 fps total: 17417 epoch: 2594/3000 frames: 84967424
mean_rewards:  [-42.02] last_mean_rewards:  -41.332947
fps step: 35548 fps step and policy inference: 33211 fps total: 17500 epoch: 2595/3000 frames: 85000192
mean_rewards:  [-43.15] last_mean_rewards:  -41.332947
fps step: 35589 fps step and policy inference: 33376 fps total: 17522 epoch: 2596/3000 frames: 85032960
mean_rewards:  [-42.96] last_mean_rewards:  -41.332947
fps step: 35637 fps step and policy inference: 33505 fps total: 17727 epoch: 2597/3000 frames: 85065728
mean_rewards:  [-42.41] last_mean_rewards:  -41.332947
fps step: 35836 fps step and policy inference: 33629 fps total: 17669 epoch: 2598/3000 frames: 85098496
mean_rewards:  [-42.31] last_mean_rewards:  -41.332947
fps step: 35486 fps step and policy inference: 33280 fps total: 17677 epoch: 2599/3000 frames: 85131264
mean_rewards:  [-42.67] last_mean_rewards:  -41.332947
fps step: 36310 fps step and policy inference: 34084 fps total: 17813 epoch: 2600/3000 frames: 85164032
mean_rewards:  [-42.49] last_mean_rewards:  -41.332947
getting weights with keys: dict_keys(['scaler', 'model'])
=> saving checkpoint './logs/scratch_cube_scratch/tracking_ori_grab_s2_cubesmall_inspect_1_nf_300_obs_pure_state_wref_wdelta_density_500.0_trans_0.5_rot_0.5_goalcond_False__18-02-24-37/nn/last_tracking_ori_grab_s2_cubesmall_inspect_1_nf_300_obs_pure_state_wref_wdelta_density_500.0_trans_0.5_rot_0.5_goalcond_False__ep_2600_rew_-42.489708.pth'
fps step: 36461 fps step and policy inference: 34238 fps total: 17788 epoch: 2601/3000 frames: 85196800
mean_rewards:  [-43.05] last_mean_rewards:  -41.332947
fps step: 36218 fps step and policy inference: 34005 fps total: 17718 epoch: 2602/3000 frames: 85229568
mean_rewards:  [-43.24] last_mean_rewards:  -41.332947
fps step: 35740 fps step and policy inference: 33540 fps total: 17581 epoch: 2603/3000 frames: 85262336
mean_rewards:  [-42.91] last_mean_rewards:  -41.332947
fps step: 35348 fps step and policy inference: 33221 fps total: 17484 epoch: 2604/3000 frames: 85295104
mean_rewards:  [-42.28] last_mean_rewards:  -41.332947
fps step: 36086 fps step and policy inference: 33630 fps total: 17338 epoch: 2605/3000 frames: 85327872
mean_rewards:  [-42.65] last_mean_rewards:  -41.332947
fps step: 36355 fps step and policy inference: 33967 fps total: 17718 epoch: 2606/3000 frames: 85360640
mean_rewards:  [-42.75] last_mean_rewards:  -41.332947
fps step: 36579 fps step and policy inference: 34322 fps total: 17692 epoch: 2607/3000 frames: 85393408
mean_rewards:  [-42.47] last_mean_rewards:  -41.332947
fps step: 36041 fps step and policy inference: 33928 fps total: 17729 epoch: 2608/3000 frames: 85426176
mean_rewards:  [-42.36] last_mean_rewards:  -41.332947
fps step: 36268 fps step and policy inference: 34123 fps total: 17854 epoch: 2609/3000 frames: 85458944
mean_rewards:  [-42.68] last_mean_rewards:  -41.332947
fps step: 36157 fps step and policy inference: 34017 fps total: 17703 epoch: 2610/3000 frames: 85491712
mean_rewards:  [-43.47] last_mean_rewards:  -41.332947
fps step: 36709 fps step and policy inference: 34539 fps total: 17877 epoch: 2611/3000 frames: 85524480
mean_rewards:  [-42.12] last_mean_rewards:  -41.332947
fps step: 36019 fps step and policy inference: 33903 fps total: 17654 epoch: 2612/3000 frames: 85557248
mean_rewards:  [-42.28] last_mean_rewards:  -41.332947
fps step: 35993 fps step and policy inference: 33897 fps total: 17671 epoch: 2613/3000 frames: 85590016
mean_rewards:  [-42.68] last_mean_rewards:  -41.332947
fps step: 36276 fps step and policy inference: 34076 fps total: 17571 epoch: 2614/3000 frames: 85622784
mean_rewards:  [-42.6] last_mean_rewards:  -41.332947
fps step: 35893 fps step and policy inference: 33662 fps total: 17508 epoch: 2615/3000 frames: 85655552
mean_rewards:  [-42.02] last_mean_rewards:  -41.332947
fps step: 36100 fps step and policy inference: 33997 fps total: 18362 epoch: 2616/3000 frames: 85688320
mean_rewards:  [-42.82] last_mean_rewards:  -41.332947
fps step: 35315 fps step and policy inference: 33198 fps total: 17262 epoch: 2617/3000 frames: 85721088
mean_rewards:  [-42.78] last_mean_rewards:  -41.332947
fps step: 35833 fps step and policy inference: 33739 fps total: 17508 epoch: 2618/3000 frames: 85753856
mean_rewards:  [-42.76] last_mean_rewards:  -41.332947
fps step: 35627 fps step and policy inference: 33489 fps total: 17434 epoch: 2619/3000 frames: 85786624
mean_rewards:  [-43.55] last_mean_rewards:  -41.332947
fps step: 35755 fps step and policy inference: 33585 fps total: 17445 epoch: 2620/3000 frames: 85819392
mean_rewards:  [-42.47] last_mean_rewards:  -41.332947
fps step: 35635 fps step and policy inference: 33436 fps total: 17520 epoch: 2621/3000 frames: 85852160
mean_rewards:  [-42.81] last_mean_rewards:  -41.332947
fps step: 35509 fps step and policy inference: 33394 fps total: 17515 epoch: 2622/3000 frames: 85884928
mean_rewards:  [-43.77] last_mean_rewards:  -41.332947
fps step: 35674 fps step and policy inference: 33461 fps total: 17430 epoch: 2623/3000 frames: 85917696
mean_rewards:  [-43.53] last_mean_rewards:  -41.332947
fps step: 35617 fps step and policy inference: 33431 fps total: 17341 epoch: 2624/3000 frames: 85950464
mean_rewards:  [-43.22] last_mean_rewards:  -41.332947
fps step: 35411 fps step and policy inference: 33272 fps total: 17572 epoch: 2625/3000 frames: 85983232
mean_rewards:  [-42.95] last_mean_rewards:  -41.332947
fps step: 35508 fps step and policy inference: 33383 fps total: 17534 epoch: 2626/3000 frames: 86016000
mean_rewards:  [-42.62] last_mean_rewards:  -41.332947
fps step: 35637 fps step and policy inference: 33443 fps total: 17591 epoch: 2627/3000 frames: 86048768
mean_rewards:  [-43.24] last_mean_rewards:  -41.332947
fps step: 36161 fps step and policy inference: 33977 fps total: 17796 epoch: 2628/3000 frames: 86081536
mean_rewards:  [-42.29] last_mean_rewards:  -41.332947
fps step: 35924 fps step and policy inference: 33817 fps total: 17504 epoch: 2629/3000 frames: 86114304
mean_rewards:  [-42.23] last_mean_rewards:  -41.332947
fps step: 35600 fps step and policy inference: 33467 fps total: 17604 epoch: 2630/3000 frames: 86147072
mean_rewards:  [-42.75] last_mean_rewards:  -41.332947
fps step: 36239 fps step and policy inference: 34073 fps total: 17612 epoch: 2631/3000 frames: 86179840
mean_rewards:  [-42.53] last_mean_rewards:  -41.332947
fps step: 35501 fps step and policy inference: 33318 fps total: 17444 epoch: 2632/3000 frames: 86212608
mean_rewards:  [-42.79] last_mean_rewards:  -41.332947
fps step: 35827 fps step and policy inference: 33655 fps total: 17514 epoch: 2633/3000 frames: 86245376
mean_rewards:  [-43.77] last_mean_rewards:  -41.332947
fps step: 36473 fps step and policy inference: 34315 fps total: 17749 epoch: 2634/3000 frames: 86278144
mean_rewards:  [-42.31] last_mean_rewards:  -41.332947
fps step: 37143 fps step and policy inference: 34861 fps total: 17846 epoch: 2635/3000 frames: 86310912
mean_rewards:  [-42.86] last_mean_rewards:  -41.332947
fps step: 35515 fps step and policy inference: 33272 fps total: 17387 epoch: 2636/3000 frames: 86343680
mean_rewards:  [-42.28] last_mean_rewards:  -41.332947
fps step: 35716 fps step and policy inference: 33551 fps total: 17379 epoch: 2637/3000 frames: 86376448
mean_rewards:  [-43.19] last_mean_rewards:  -41.332947
fps step: 34320 fps step and policy inference: 31962 fps total: 16955 epoch: 2638/3000 frames: 86409216
mean_rewards:  [-42.54] last_mean_rewards:  -41.332947
fps step: 35907 fps step and policy inference: 33776 fps total: 17430 epoch: 2639/3000 frames: 86441984
mean_rewards:  [-42.3] last_mean_rewards:  -41.332947
fps step: 35855 fps step and policy inference: 33687 fps total: 17445 epoch: 2640/3000 frames: 86474752
mean_rewards:  [-42.54] last_mean_rewards:  -41.332947
fps step: 36125 fps step and policy inference: 33909 fps total: 17366 epoch: 2641/3000 frames: 86507520
mean_rewards:  [-42.51] last_mean_rewards:  -41.332947
fps step: 35968 fps step and policy inference: 33605 fps total: 17355 epoch: 2642/3000 frames: 86540288
mean_rewards:  [-42.23] last_mean_rewards:  -41.332947
fps step: 36540 fps step and policy inference: 34323 fps total: 17674 epoch: 2643/3000 frames: 86573056
mean_rewards:  [-42.82] last_mean_rewards:  -41.332947
fps step: 35797 fps step and policy inference: 33656 fps total: 17500 epoch: 2644/3000 frames: 86605824
mean_rewards:  [-42.49] last_mean_rewards:  -41.332947
fps step: 35710 fps step and policy inference: 33481 fps total: 17469 epoch: 2645/3000 frames: 86638592
mean_rewards:  [-42.72] last_mean_rewards:  -41.332947
fps step: 35357 fps step and policy inference: 33187 fps total: 17405 epoch: 2646/3000 frames: 86671360
mean_rewards:  [-43.25] last_mean_rewards:  -41.332947
fps step: 35961 fps step and policy inference: 33820 fps total: 17582 epoch: 2647/3000 frames: 86704128
mean_rewards:  [-43.05] last_mean_rewards:  -41.332947
fps step: 36032 fps step and policy inference: 33881 fps total: 17544 epoch: 2648/3000 frames: 86736896
mean_rewards:  [-42.93] last_mean_rewards:  -41.332947
fps step: 35613 fps step and policy inference: 33317 fps total: 17559 epoch: 2649/3000 frames: 86769664
mean_rewards:  [-42.48] last_mean_rewards:  -41.332947
fps step: 35696 fps step and policy inference: 33541 fps total: 17401 epoch: 2650/3000 frames: 86802432
mean_rewards:  [-41.94] last_mean_rewards:  -41.332947
fps step: 36007 fps step and policy inference: 33851 fps total: 17494 epoch: 2651/3000 frames: 86835200
mean_rewards:  [-41.8] last_mean_rewards:  -41.332947
fps step: 35009 fps step and policy inference: 32834 fps total: 17224 epoch: 2652/3000 frames: 86867968
mean_rewards:  [-42.28] last_mean_rewards:  -41.332947
fps step: 36303 fps step and policy inference: 34032 fps total: 17571 epoch: 2653/3000 frames: 86900736
mean_rewards:  [-42.41] last_mean_rewards:  -41.332947
fps step: 36310 fps step and policy inference: 34028 fps total: 17598 epoch: 2654/3000 frames: 86933504
mean_rewards:  [-42.2] last_mean_rewards:  -41.332947
fps step: 35856 fps step and policy inference: 33638 fps total: 17466 epoch: 2655/3000 frames: 86966272
mean_rewards:  [-42.54] last_mean_rewards:  -41.332947
fps step: 35758 fps step and policy inference: 33562 fps total: 17443 epoch: 2656/3000 frames: 86999040
mean_rewards:  [-42.5] last_mean_rewards:  -41.332947
fps step: 36863 fps step and policy inference: 34633 fps total: 17714 epoch: 2657/3000 frames: 87031808
mean_rewards:  [-43.17] last_mean_rewards:  -41.332947
fps step: 36187 fps step and policy inference: 33945 fps total: 17496 epoch: 2658/3000 frames: 87064576
mean_rewards:  [-42.57] last_mean_rewards:  -41.332947
fps step: 35382 fps step and policy inference: 33126 fps total: 17365 epoch: 2659/3000 frames: 87097344
mean_rewards:  [-42.57] last_mean_rewards:  -41.332947
fps step: 36107 fps step and policy inference: 33921 fps total: 17705 epoch: 2660/3000 frames: 87130112
mean_rewards:  [-42.68] last_mean_rewards:  -41.332947
fps step: 36163 fps step and policy inference: 33978 fps total: 17580 epoch: 2661/3000 frames: 87162880
mean_rewards:  [-42.55] last_mean_rewards:  -41.332947
fps step: 35226 fps step and policy inference: 32820 fps total: 17042 epoch: 2662/3000 frames: 87195648
mean_rewards:  [-43.11] last_mean_rewards:  -41.332947
fps step: 35631 fps step and policy inference: 33415 fps total: 17515 epoch: 2663/3000 frames: 87228416
mean_rewards:  [-43.11] last_mean_rewards:  -41.332947
fps step: 36041 fps step and policy inference: 33891 fps total: 17571 epoch: 2664/3000 frames: 87261184
mean_rewards:  [-42.31] last_mean_rewards:  -41.332947
fps step: 35756 fps step and policy inference: 33581 fps total: 17491 epoch: 2665/3000 frames: 87293952
mean_rewards:  [-42.29] last_mean_rewards:  -41.332947
fps step: 36086 fps step and policy inference: 33910 fps total: 17394 epoch: 2666/3000 frames: 87326720
mean_rewards:  [-43.06] last_mean_rewards:  -41.332947
fps step: 36518 fps step and policy inference: 34376 fps total: 17838 epoch: 2667/3000 frames: 87359488
mean_rewards:  [-42.97] last_mean_rewards:  -41.332947
fps step: 36032 fps step and policy inference: 33939 fps total: 17688 epoch: 2668/3000 frames: 87392256
mean_rewards:  [-42.91] last_mean_rewards:  -41.332947
fps step: 36055 fps step and policy inference: 33957 fps total: 17636 epoch: 2669/3000 frames: 87425024
mean_rewards:  [-43.2] last_mean_rewards:  -41.332947
fps step: 36130 fps step and policy inference: 33975 fps total: 17452 epoch: 2670/3000 frames: 87457792
mean_rewards:  [-44.22] last_mean_rewards:  -41.332947
fps step: 36628 fps step and policy inference: 34398 fps total: 17493 epoch: 2671/3000 frames: 87490560
mean_rewards:  [-43.59] last_mean_rewards:  -41.332947
fps step: 35274 fps step and policy inference: 33011 fps total: 17256 epoch: 2672/3000 frames: 87523328
mean_rewards:  [-43.22] last_mean_rewards:  -41.332947
fps step: 36081 fps step and policy inference: 33874 fps total: 17640 epoch: 2673/3000 frames: 87556096
mean_rewards:  [-43.11] last_mean_rewards:  -41.332947
fps step: 34856 fps step and policy inference: 32721 fps total: 17219 epoch: 2674/3000 frames: 87588864
mean_rewards:  [-42.48] last_mean_rewards:  -41.332947
fps step: 35461 fps step and policy inference: 33361 fps total: 17423 epoch: 2675/3000 frames: 87621632
mean_rewards:  [-43.33] last_mean_rewards:  -41.332947
fps step: 36634 fps step and policy inference: 34225 fps total: 17770 epoch: 2676/3000 frames: 87654400
mean_rewards:  [-42.44] last_mean_rewards:  -41.332947
fps step: 36198 fps step and policy inference: 33770 fps total: 17524 epoch: 2677/3000 frames: 87687168
mean_rewards:  [-42.17] last_mean_rewards:  -41.332947
fps step: 34833 fps step and policy inference: 32365 fps total: 17059 epoch: 2678/3000 frames: 87719936
mean_rewards:  [-42.34] last_mean_rewards:  -41.332947
fps step: 37456 fps step and policy inference: 35200 fps total: 18345 epoch: 2679/3000 frames: 87752704
mean_rewards:  [-42.49] last_mean_rewards:  -41.332947
fps step: 36889 fps step and policy inference: 34700 fps total: 18600 epoch: 2680/3000 frames: 87785472
mean_rewards:  [-42.53] last_mean_rewards:  -41.332947
fps step: 36588 fps step and policy inference: 34433 fps total: 18534 epoch: 2681/3000 frames: 87818240
mean_rewards:  [-42.84] last_mean_rewards:  -41.332947
fps step: 36301 fps step and policy inference: 34160 fps total: 18130 epoch: 2682/3000 frames: 87851008
mean_rewards:  [-43.] last_mean_rewards:  -41.332947
fps step: 36687 fps step and policy inference: 34514 fps total: 18266 epoch: 2683/3000 frames: 87883776
mean_rewards:  [-42.92] last_mean_rewards:  -41.332947
fps step: 36096 fps step and policy inference: 33977 fps total: 18322 epoch: 2684/3000 frames: 87916544
mean_rewards:  [-44.15] last_mean_rewards:  -41.332947
fps step: 36134 fps step and policy inference: 33992 fps total: 18175 epoch: 2685/3000 frames: 87949312
mean_rewards:  [-42.63] last_mean_rewards:  -41.332947
fps step: 36091 fps step and policy inference: 33906 fps total: 18222 epoch: 2686/3000 frames: 87982080
mean_rewards:  [-42.42] last_mean_rewards:  -41.332947
fps step: 35828 fps step and policy inference: 33678 fps total: 18112 epoch: 2687/3000 frames: 88014848
mean_rewards:  [-43.13] last_mean_rewards:  -41.332947
fps step: 35679 fps step and policy inference: 33543 fps total: 18117 epoch: 2688/3000 frames: 88047616
mean_rewards:  [-42.94] last_mean_rewards:  -41.332947
fps step: 35579 fps step and policy inference: 33450 fps total: 18124 epoch: 2689/3000 frames: 88080384
mean_rewards:  [-43.4] last_mean_rewards:  -41.332947
fps step: 36127 fps step and policy inference: 33978 fps total: 18451 epoch: 2690/3000 frames: 88113152
mean_rewards:  [-43.16] last_mean_rewards:  -41.332947
fps step: 36237 fps step and policy inference: 33967 fps total: 18469 epoch: 2691/3000 frames: 88145920
mean_rewards:  [-43.21] last_mean_rewards:  -41.332947
fps step: 35943 fps step and policy inference: 33587 fps total: 18086 epoch: 2692/3000 frames: 88178688
mean_rewards:  [-43.25] last_mean_rewards:  -41.332947
fps step: 35617 fps step and policy inference: 33430 fps total: 18181 epoch: 2693/3000 frames: 88211456
mean_rewards:  [-42.96] last_mean_rewards:  -41.332947
fps step: 35090 fps step and policy inference: 33031 fps total: 18037 epoch: 2694/3000 frames: 88244224
mean_rewards:  [-43.21] last_mean_rewards:  -41.332947
fps step: 36188 fps step and policy inference: 33918 fps total: 18336 epoch: 2695/3000 frames: 88276992
mean_rewards:  [-42.97] last_mean_rewards:  -41.332947
fps step: 36478 fps step and policy inference: 34289 fps total: 18509 epoch: 2696/3000 frames: 88309760
mean_rewards:  [-42.19] last_mean_rewards:  -41.332947
fps step: 35507 fps step and policy inference: 33402 fps total: 18181 epoch: 2697/3000 frames: 88342528
mean_rewards:  [-42.5] last_mean_rewards:  -41.332947
fps step: 35756 fps step and policy inference: 33600 fps total: 18212 epoch: 2698/3000 frames: 88375296
mean_rewards:  [-42.99] last_mean_rewards:  -41.332947
fps step: 36099 fps step and policy inference: 33956 fps total: 18372 epoch: 2699/3000 frames: 88408064
mean_rewards:  [-42.14] last_mean_rewards:  -41.332947
fps step: 35855 fps step and policy inference: 33640 fps total: 18102 epoch: 2700/3000 frames: 88440832
mean_rewards:  [-42.67] last_mean_rewards:  -41.332947
fps step: 36484 fps step and policy inference: 34283 fps total: 17579 epoch: 2701/3000 frames: 88473600
mean_rewards:  [-42.43] last_mean_rewards:  -41.332947
fps step: 34864 fps step and policy inference: 32589 fps total: 17096 epoch: 2702/3000 frames: 88506368
mean_rewards:  [-42.53] last_mean_rewards:  -41.332947
fps step: 35899 fps step and policy inference: 33808 fps total: 17591 epoch: 2703/3000 frames: 88539136
mean_rewards:  [-42.8] last_mean_rewards:  -41.332947
fps step: 36307 fps step and policy inference: 34193 fps total: 18499 epoch: 2704/3000 frames: 88571904
mean_rewards:  [-42.21] last_mean_rewards:  -41.332947
fps step: 36010 fps step and policy inference: 33926 fps total: 18465 epoch: 2705/3000 frames: 88604672
mean_rewards:  [-42.9] last_mean_rewards:  -41.332947
fps step: 35867 fps step and policy inference: 33753 fps total: 18384 epoch: 2706/3000 frames: 88637440
mean_rewards:  [-42.56] last_mean_rewards:  -41.332947
fps step: 36195 fps step and policy inference: 34082 fps total: 18184 epoch: 2707/3000 frames: 88670208
mean_rewards:  [-42.76] last_mean_rewards:  -41.332947
fps step: 36591 fps step and policy inference: 34432 fps total: 18317 epoch: 2708/3000 frames: 88702976
mean_rewards:  [-42.81] last_mean_rewards:  -41.332947
fps step: 37247 fps step and policy inference: 35029 fps total: 18645 epoch: 2709/3000 frames: 88735744
mean_rewards:  [-42.43] last_mean_rewards:  -41.332947
fps step: 37408 fps step and policy inference: 35141 fps total: 18728 epoch: 2710/3000 frames: 88768512
mean_rewards:  [-42.99] last_mean_rewards:  -41.332947
fps step: 36141 fps step and policy inference: 34031 fps total: 18401 epoch: 2711/3000 frames: 88801280
mean_rewards:  [-42.8] last_mean_rewards:  -41.332947
fps step: 35916 fps step and policy inference: 33825 fps total: 18382 epoch: 2712/3000 frames: 88834048
mean_rewards:  [-43.95] last_mean_rewards:  -41.332947
fps step: 35930 fps step and policy inference: 33662 fps total: 18080 epoch: 2713/3000 frames: 88866816
mean_rewards:  [-43.16] last_mean_rewards:  -41.332947
fps step: 36536 fps step and policy inference: 34339 fps total: 18596 epoch: 2714/3000 frames: 88899584
mean_rewards:  [-42.54] last_mean_rewards:  -41.332947
fps step: 35425 fps step and policy inference: 33375 fps total: 17328 epoch: 2715/3000 frames: 88932352
mean_rewards:  [-42.78] last_mean_rewards:  -41.332947
fps step: 36158 fps step and policy inference: 34007 fps total: 17692 epoch: 2716/3000 frames: 88965120
mean_rewards:  [-43.12] last_mean_rewards:  -41.332947
fps step: 37725 fps step and policy inference: 35371 fps total: 18060 epoch: 2717/3000 frames: 88997888
mean_rewards:  [-43.21] last_mean_rewards:  -41.332947
fps step: 36642 fps step and policy inference: 34378 fps total: 17838 epoch: 2718/3000 frames: 89030656
mean_rewards:  [-42.76] last_mean_rewards:  -41.332947
fps step: 36548 fps step and policy inference: 34405 fps total: 18531 epoch: 2719/3000 frames: 89063424
mean_rewards:  [-42.83] last_mean_rewards:  -41.332947
fps step: 36356 fps step and policy inference: 34190 fps total: 18497 epoch: 2720/3000 frames: 89096192
mean_rewards:  [-42.73] last_mean_rewards:  -41.332947
fps step: 36380 fps step and policy inference: 33988 fps total: 17712 epoch: 2721/3000 frames: 89128960
mean_rewards:  [-42.94] last_mean_rewards:  -41.332947
fps step: 36750 fps step and policy inference: 34201 fps total: 17693 epoch: 2722/3000 frames: 89161728
mean_rewards:  [-43.06] last_mean_rewards:  -41.332947
fps step: 35747 fps step and policy inference: 33214 fps total: 17437 epoch: 2723/3000 frames: 89194496
mean_rewards:  [-43.23] last_mean_rewards:  -41.332947
fps step: 35553 fps step and policy inference: 33079 fps total: 17374 epoch: 2724/3000 frames: 89227264
mean_rewards:  [-42.91] last_mean_rewards:  -41.332947
fps step: 35584 fps step and policy inference: 33294 fps total: 17369 epoch: 2725/3000 frames: 89260032
mean_rewards:  [-43.13] last_mean_rewards:  -41.332947
fps step: 35534 fps step and policy inference: 33363 fps total: 18109 epoch: 2726/3000 frames: 89292800
mean_rewards:  [-44.89] last_mean_rewards:  -41.332947
fps step: 36618 fps step and policy inference: 34454 fps total: 18439 epoch: 2727/3000 frames: 89325568
mean_rewards:  [-43.63] last_mean_rewards:  -41.332947
fps step: 36626 fps step and policy inference: 34434 fps total: 17679 epoch: 2728/3000 frames: 89358336
mean_rewards:  [-43.44] last_mean_rewards:  -41.332947
fps step: 35913 fps step and policy inference: 33827 fps total: 17440 epoch: 2729/3000 frames: 89391104
mean_rewards:  [-43.41] last_mean_rewards:  -41.332947
fps step: 35784 fps step and policy inference: 33691 fps total: 17498 epoch: 2730/3000 frames: 89423872
mean_rewards:  [-44.04] last_mean_rewards:  -41.332947
fps step: 36013 fps step and policy inference: 33910 fps total: 17579 epoch: 2731/3000 frames: 89456640
mean_rewards:  [-43.32] last_mean_rewards:  -41.332947
fps step: 35854 fps step and policy inference: 33743 fps total: 17506 epoch: 2732/3000 frames: 89489408
mean_rewards:  [-43.84] last_mean_rewards:  -41.332947
fps step: 35595 fps step and policy inference: 33501 fps total: 17404 epoch: 2733/3000 frames: 89522176
mean_rewards:  [-42.88] last_mean_rewards:  -41.332947
fps step: 36300 fps step and policy inference: 34144 fps total: 17629 epoch: 2734/3000 frames: 89554944
mean_rewards:  [-42.73] last_mean_rewards:  -41.332947
fps step: 35704 fps step and policy inference: 33577 fps total: 17460 epoch: 2735/3000 frames: 89587712
mean_rewards:  [-43.04] last_mean_rewards:  -41.332947
fps step: 36074 fps step and policy inference: 33973 fps total: 17698 epoch: 2736/3000 frames: 89620480
mean_rewards:  [-44.07] last_mean_rewards:  -41.332947
fps step: 36398 fps step and policy inference: 34271 fps total: 17698 epoch: 2737/3000 frames: 89653248
mean_rewards:  [-43.67] last_mean_rewards:  -41.332947
fps step: 36368 fps step and policy inference: 34225 fps total: 18389 epoch: 2738/3000 frames: 89686016
mean_rewards:  [-43.23] last_mean_rewards:  -41.332947
fps step: 35338 fps step and policy inference: 33269 fps total: 18097 epoch: 2739/3000 frames: 89718784
mean_rewards:  [-43.45] last_mean_rewards:  -41.332947
fps step: 36445 fps step and policy inference: 34254 fps total: 18352 epoch: 2740/3000 frames: 89751552
mean_rewards:  [-44.65] last_mean_rewards:  -41.332947
fps step: 37201 fps step and policy inference: 34989 fps total: 18509 epoch: 2741/3000 frames: 89784320
mean_rewards:  [-43.39] last_mean_rewards:  -41.332947
fps step: 35563 fps step and policy inference: 33240 fps total: 17288 epoch: 2742/3000 frames: 89817088
mean_rewards:  [-42.66] last_mean_rewards:  -41.332947
fps step: 35410 fps step and policy inference: 33293 fps total: 17450 epoch: 2743/3000 frames: 89849856
mean_rewards:  [-42.94] last_mean_rewards:  -41.332947
fps step: 35392 fps step and policy inference: 33235 fps total: 17858 epoch: 2744/3000 frames: 89882624
mean_rewards:  [-43.88] last_mean_rewards:  -41.332947
fps step: 36092 fps step and policy inference: 33923 fps total: 18334 epoch: 2745/3000 frames: 89915392
mean_rewards:  [-43.63] last_mean_rewards:  -41.332947
fps step: 35911 fps step and policy inference: 33783 fps total: 18222 epoch: 2746/3000 frames: 89948160
mean_rewards:  [-43.55] last_mean_rewards:  -41.332947
fps step: 35940 fps step and policy inference: 33770 fps total: 18262 epoch: 2747/3000 frames: 89980928
mean_rewards:  [-43.02] last_mean_rewards:  -41.332947
fps step: 35523 fps step and policy inference: 33371 fps total: 17542 epoch: 2748/3000 frames: 90013696
mean_rewards:  [-43.03] last_mean_rewards:  -41.332947
fps step: 36280 fps step and policy inference: 34083 fps total: 17824 epoch: 2749/3000 frames: 90046464
mean_rewards:  [-42.61] last_mean_rewards:  -41.332947
fps step: 35943 fps step and policy inference: 33833 fps total: 17662 epoch: 2750/3000 frames: 90079232
mean_rewards:  [-44.17] last_mean_rewards:  -41.332947
fps step: 36017 fps step and policy inference: 33804 fps total: 17697 epoch: 2751/3000 frames: 90112000
mean_rewards:  [-43.54] last_mean_rewards:  -41.332947
fps step: 36142 fps step and policy inference: 34036 fps total: 17571 epoch: 2752/3000 frames: 90144768
mean_rewards:  [-42.73] last_mean_rewards:  -41.332947
fps step: 35829 fps step and policy inference: 33695 fps total: 17272 epoch: 2753/3000 frames: 90177536
mean_rewards:  [-42.93] last_mean_rewards:  -41.332947
fps step: 35360 fps step and policy inference: 33288 fps total: 17521 epoch: 2754/3000 frames: 90210304
mean_rewards:  [-44.04] last_mean_rewards:  -41.332947
fps step: 36270 fps step and policy inference: 34113 fps total: 18469 epoch: 2755/3000 frames: 90243072
mean_rewards:  [-43.38] last_mean_rewards:  -41.332947
fps step: 35774 fps step and policy inference: 33649 fps total: 17284 epoch: 2756/3000 frames: 90275840
mean_rewards:  [-42.78] last_mean_rewards:  -41.332947
fps step: 34959 fps step and policy inference: 32855 fps total: 17384 epoch: 2757/3000 frames: 90308608
mean_rewards:  [-42.93] last_mean_rewards:  -41.332947
fps step: 36099 fps step and policy inference: 33955 fps total: 17684 epoch: 2758/3000 frames: 90341376
mean_rewards:  [-43.25] last_mean_rewards:  -41.332947
fps step: 36913 fps step and policy inference: 34706 fps total: 18071 epoch: 2759/3000 frames: 90374144
mean_rewards:  [-43.42] last_mean_rewards:  -41.332947
fps step: 36613 fps step and policy inference: 34463 fps total: 17854 epoch: 2760/3000 frames: 90406912
mean_rewards:  [-43.69] last_mean_rewards:  -41.332947
fps step: 36329 fps step and policy inference: 34196 fps total: 17709 epoch: 2761/3000 frames: 90439680
mean_rewards:  [-43.59] last_mean_rewards:  -41.332947
fps step: 36313 fps step and policy inference: 34196 fps total: 17906 epoch: 2762/3000 frames: 90472448
mean_rewards:  [-44.22] last_mean_rewards:  -41.332947
fps step: 36544 fps step and policy inference: 34394 fps total: 17841 epoch: 2763/3000 frames: 90505216
mean_rewards:  [-43.44] last_mean_rewards:  -41.332947
fps step: 36612 fps step and policy inference: 34459 fps total: 17927 epoch: 2764/3000 frames: 90537984
mean_rewards:  [-43.22] last_mean_rewards:  -41.332947
fps step: 36635 fps step and policy inference: 34494 fps total: 17795 epoch: 2765/3000 frames: 90570752
mean_rewards:  [-44.05] last_mean_rewards:  -41.332947
fps step: 36509 fps step and policy inference: 34373 fps total: 17699 epoch: 2766/3000 frames: 90603520
mean_rewards:  [-43.62] last_mean_rewards:  -41.332947
fps step: 36287 fps step and policy inference: 34158 fps total: 17693 epoch: 2767/3000 frames: 90636288
mean_rewards:  [-43.91] last_mean_rewards:  -41.332947
fps step: 35945 fps step and policy inference: 33843 fps total: 17585 epoch: 2768/3000 frames: 90669056
mean_rewards:  [-45.34] last_mean_rewards:  -41.332947
fps step: 36130 fps step and policy inference: 34040 fps total: 17782 epoch: 2769/3000 frames: 90701824
mean_rewards:  [-44.07] last_mean_rewards:  -41.332947
fps step: 36440 fps step and policy inference: 34303 fps total: 17841 epoch: 2770/3000 frames: 90734592
mean_rewards:  [-44.09] last_mean_rewards:  -41.332947
fps step: 35456 fps step and policy inference: 33328 fps total: 17392 epoch: 2771/3000 frames: 90767360
mean_rewards:  [-43.82] last_mean_rewards:  -41.332947
fps step: 36169 fps step and policy inference: 34026 fps total: 17434 epoch: 2772/3000 frames: 90800128
mean_rewards:  [-43.53] last_mean_rewards:  -41.332947
fps step: 36384 fps step and policy inference: 34170 fps total: 18232 epoch: 2773/3000 frames: 90832896
mean_rewards:  [-43.83] last_mean_rewards:  -41.332947
fps step: 36302 fps step and policy inference: 34040 fps total: 18408 epoch: 2774/3000 frames: 90865664
mean_rewards:  [-43.8] last_mean_rewards:  -41.332947
fps step: 36045 fps step and policy inference: 33899 fps total: 18321 epoch: 2775/3000 frames: 90898432
mean_rewards:  [-43.45] last_mean_rewards:  -41.332947
fps step: 36246 fps step and policy inference: 34092 fps total: 18323 epoch: 2776/3000 frames: 90931200
mean_rewards:  [-43.83] last_mean_rewards:  -41.332947
fps step: 36134 fps step and policy inference: 33997 fps total: 18474 epoch: 2777/3000 frames: 90963968
mean_rewards:  [-43.93] last_mean_rewards:  -41.332947
fps step: 35681 fps step and policy inference: 33522 fps total: 18341 epoch: 2778/3000 frames: 90996736
mean_rewards:  [-44.51] last_mean_rewards:  -41.332947
fps step: 36131 fps step and policy inference: 33912 fps total: 18395 epoch: 2779/3000 frames: 91029504
mean_rewards:  [-44.27] last_mean_rewards:  -41.332947
fps step: 35871 fps step and policy inference: 33662 fps total: 18250 epoch: 2780/3000 frames: 91062272
mean_rewards:  [-43.29] last_mean_rewards:  -41.332947
fps step: 36181 fps step and policy inference: 33987 fps total: 18296 epoch: 2781/3000 frames: 91095040
mean_rewards:  [-43.24] last_mean_rewards:  -41.332947
fps step: 36502 fps step and policy inference: 34286 fps total: 18581 epoch: 2782/3000 frames: 91127808
mean_rewards:  [-44.04] last_mean_rewards:  -41.332947
fps step: 36585 fps step and policy inference: 34386 fps total: 18407 epoch: 2783/3000 frames: 91160576
mean_rewards:  [-43.89] last_mean_rewards:  -41.332947
fps step: 36433 fps step and policy inference: 34187 fps total: 18465 epoch: 2784/3000 frames: 91193344
mean_rewards:  [-43.22] last_mean_rewards:  -41.332947
fps step: 36104 fps step and policy inference: 33966 fps total: 18495 epoch: 2785/3000 frames: 91226112
mean_rewards:  [-43.42] last_mean_rewards:  -41.332947
fps step: 36045 fps step and policy inference: 33787 fps total: 18166 epoch: 2786/3000 frames: 91258880
mean_rewards:  [-44.49] last_mean_rewards:  -41.332947
fps step: 36135 fps step and policy inference: 33901 fps total: 18228 epoch: 2787/3000 frames: 91291648
mean_rewards:  [-44.11] last_mean_rewards:  -41.332947
fps step: 36692 fps step and policy inference: 34425 fps total: 18556 epoch: 2788/3000 frames: 91324416
mean_rewards:  [-43.9] last_mean_rewards:  -41.332947
fps step: 36063 fps step and policy inference: 33808 fps total: 18327 epoch: 2789/3000 frames: 91357184
mean_rewards:  [-44.03] last_mean_rewards:  -41.332947
fps step: 35876 fps step and policy inference: 33692 fps total: 18379 epoch: 2790/3000 frames: 91389952
mean_rewards:  [-44.2] last_mean_rewards:  -41.332947
fps step: 36477 fps step and policy inference: 34330 fps total: 18479 epoch: 2791/3000 frames: 91422720
mean_rewards:  [-43.65] last_mean_rewards:  -41.332947
fps step: 36645 fps step and policy inference: 34436 fps total: 18469 epoch: 2792/3000 frames: 91455488
mean_rewards:  [-44.26] last_mean_rewards:  -41.332947
fps step: 36466 fps step and policy inference: 34311 fps total: 18454 epoch: 2793/3000 frames: 91488256
mean_rewards:  [-44.49] last_mean_rewards:  -41.332947
fps step: 36698 fps step and policy inference: 34537 fps total: 18647 epoch: 2794/3000 frames: 91521024
mean_rewards:  [-44.64] last_mean_rewards:  -41.332947
fps step: 36017 fps step and policy inference: 33838 fps total: 18257 epoch: 2795/3000 frames: 91553792
mean_rewards:  [-45.17] last_mean_rewards:  -41.332947
fps step: 36384 fps step and policy inference: 34245 fps total: 18312 epoch: 2796/3000 frames: 91586560
mean_rewards:  [-44.95] last_mean_rewards:  -41.332947
fps step: 36594 fps step and policy inference: 34447 fps total: 18486 epoch: 2797/3000 frames: 91619328
mean_rewards:  [-45.18] last_mean_rewards:  -41.332947
fps step: 37125 fps step and policy inference: 34914 fps total: 18602 epoch: 2798/3000 frames: 91652096
mean_rewards:  [-45.07] last_mean_rewards:  -41.332947
fps step: 36978 fps step and policy inference: 34768 fps total: 18458 epoch: 2799/3000 frames: 91684864
mean_rewards:  [-45.26] last_mean_rewards:  -41.332947
fps step: 36871 fps step and policy inference: 34676 fps total: 18482 epoch: 2800/3000 frames: 91717632
mean_rewards:  [-45.67] last_mean_rewards:  -41.332947
getting weights with keys: dict_keys(['scaler', 'model'])
=> saving checkpoint './logs/scratch_cube_scratch/tracking_ori_grab_s2_cubesmall_inspect_1_nf_300_obs_pure_state_wref_wdelta_density_500.0_trans_0.5_rot_0.5_goalcond_False__18-02-24-37/nn/last_tracking_ori_grab_s2_cubesmall_inspect_1_nf_300_obs_pure_state_wref_wdelta_density_500.0_trans_0.5_rot_0.5_goalcond_False__ep_2800_rew_-45.67001.pth'
fps step: 36871 fps step and policy inference: 34687 fps total: 18414 epoch: 2801/3000 frames: 91750400
mean_rewards:  [-45.37] last_mean_rewards:  -41.332947
fps step: 36840 fps step and policy inference: 34662 fps total: 18437 epoch: 2802/3000 frames: 91783168
mean_rewards:  [-44.76] last_mean_rewards:  -41.332947
fps step: 36837 fps step and policy inference: 34643 fps total: 18506 epoch: 2803/3000 frames: 91815936
mean_rewards:  [-45.77] last_mean_rewards:  -41.332947
fps step: 36366 fps step and policy inference: 34235 fps total: 18378 epoch: 2804/3000 frames: 91848704
mean_rewards:  [-46.28] last_mean_rewards:  -41.332947
fps step: 36789 fps step and policy inference: 34607 fps total: 18513 epoch: 2805/3000 frames: 91881472
mean_rewards:  [-45.39] last_mean_rewards:  -41.332947
fps step: 36800 fps step and policy inference: 34626 fps total: 18424 epoch: 2806/3000 frames: 91914240
mean_rewards:  [-45.51] last_mean_rewards:  -41.332947
fps step: 37443 fps step and policy inference: 35189 fps total: 18592 epoch: 2807/3000 frames: 91947008
mean_rewards:  [-46.09] last_mean_rewards:  -41.332947
fps step: 37271 fps step and policy inference: 35043 fps total: 18665 epoch: 2808/3000 frames: 91979776
mean_rewards:  [-45.23] last_mean_rewards:  -41.332947
fps step: 36173 fps step and policy inference: 34041 fps total: 18282 epoch: 2809/3000 frames: 92012544
mean_rewards:  [-46.48] last_mean_rewards:  -41.332947
fps step: 36098 fps step and policy inference: 34004 fps total: 18257 epoch: 2810/3000 frames: 92045312
mean_rewards:  [-45.89] last_mean_rewards:  -41.332947
fps step: 36899 fps step and policy inference: 34703 fps total: 18623 epoch: 2811/3000 frames: 92078080
mean_rewards:  [-46.31] last_mean_rewards:  -41.332947
fps step: 37762 fps step and policy inference: 35447 fps total: 18193 epoch: 2812/3000 frames: 92110848
mean_rewards:  [-46.35] last_mean_rewards:  -41.332947
fps step: 36303 fps step and policy inference: 33994 fps total: 17688 epoch: 2813/3000 frames: 92143616
mean_rewards:  [-45.55] last_mean_rewards:  -41.332947
fps step: 36678 fps step and policy inference: 34476 fps total: 17723 epoch: 2814/3000 frames: 92176384
mean_rewards:  [-45.13] last_mean_rewards:  -41.332947
fps step: 36739 fps step and policy inference: 34511 fps total: 17809 epoch: 2815/3000 frames: 92209152
mean_rewards:  [-45.33] last_mean_rewards:  -41.332947
fps step: 37240 fps step and policy inference: 35023 fps total: 17785 epoch: 2816/3000 frames: 92241920
mean_rewards:  [-44.86] last_mean_rewards:  -41.332947
fps step: 37375 fps step and policy inference: 35115 fps total: 18052 epoch: 2817/3000 frames: 92274688
mean_rewards:  [-45.66] last_mean_rewards:  -41.332947
fps step: 37334 fps step and policy inference: 35093 fps total: 18481 epoch: 2818/3000 frames: 92307456
mean_rewards:  [-45.51] last_mean_rewards:  -41.332947
fps step: 37211 fps step and policy inference: 34976 fps total: 18594 epoch: 2819/3000 frames: 92340224
mean_rewards:  [-46.7] last_mean_rewards:  -41.332947
fps step: 37960 fps step and policy inference: 35654 fps total: 18516 epoch: 2820/3000 frames: 92372992
mean_rewards:  [-45.69] last_mean_rewards:  -41.332947
fps step: 37348 fps step and policy inference: 35092 fps total: 17774 epoch: 2821/3000 frames: 92405760
mean_rewards:  [-45.22] last_mean_rewards:  -41.332947
fps step: 37295 fps step and policy inference: 35045 fps total: 17847 epoch: 2822/3000 frames: 92438528
mean_rewards:  [-45.6] last_mean_rewards:  -41.332947
fps step: 37456 fps step and policy inference: 35157 fps total: 17844 epoch: 2823/3000 frames: 92471296
mean_rewards:  [-46.02] last_mean_rewards:  -41.332947
fps step: 37777 fps step and policy inference: 35486 fps total: 17994 epoch: 2824/3000 frames: 92504064
mean_rewards:  [-45.18] last_mean_rewards:  -41.332947
fps step: 37848 fps step and policy inference: 35546 fps total: 17933 epoch: 2825/3000 frames: 92536832
mean_rewards:  [-44.62] last_mean_rewards:  -41.332947
fps step: 37603 fps step and policy inference: 35331 fps total: 17836 epoch: 2826/3000 frames: 92569600
mean_rewards:  [-44.48] last_mean_rewards:  -41.332947
fps step: 37098 fps step and policy inference: 34870 fps total: 17904 epoch: 2827/3000 frames: 92602368
mean_rewards:  [-45.08] last_mean_rewards:  -41.332947
fps step: 37789 fps step and policy inference: 35412 fps total: 18079 epoch: 2828/3000 frames: 92635136
mean_rewards:  [-44.99] last_mean_rewards:  -41.332947
fps step: 37650 fps step and policy inference: 35373 fps total: 18024 epoch: 2829/3000 frames: 92667904
mean_rewards:  [-45.] last_mean_rewards:  -41.332947
fps step: 37225 fps step and policy inference: 34998 fps total: 17817 epoch: 2830/3000 frames: 92700672
mean_rewards:  [-44.66] last_mean_rewards:  -41.332947
fps step: 37246 fps step and policy inference: 35006 fps total: 17900 epoch: 2831/3000 frames: 92733440
mean_rewards:  [-44.33] last_mean_rewards:  -41.332947
fps step: 37690 fps step and policy inference: 35354 fps total: 18009 epoch: 2832/3000 frames: 92766208
mean_rewards:  [-44.66] last_mean_rewards:  -41.332947
fps step: 36533 fps step and policy inference: 34246 fps total: 17660 epoch: 2833/3000 frames: 92798976
mean_rewards:  [-45.52] last_mean_rewards:  -41.332947
fps step: 37204 fps step and policy inference: 34984 fps total: 18066 epoch: 2834/3000 frames: 92831744
mean_rewards:  [-44.58] last_mean_rewards:  -41.332947
fps step: 36938 fps step and policy inference: 34696 fps total: 17830 epoch: 2835/3000 frames: 92864512
mean_rewards:  [-44.04] last_mean_rewards:  -41.332947
fps step: 36945 fps step and policy inference: 34757 fps total: 17950 epoch: 2836/3000 frames: 92897280
mean_rewards:  [-44.35] last_mean_rewards:  -41.332947
fps step: 37272 fps step and policy inference: 35025 fps total: 17938 epoch: 2837/3000 frames: 92930048
mean_rewards:  [-45.05] last_mean_rewards:  -41.332947
fps step: 37624 fps step and policy inference: 35322 fps total: 18145 epoch: 2838/3000 frames: 92962816
mean_rewards:  [-46.57] last_mean_rewards:  -41.332947
fps step: 36640 fps step and policy inference: 34301 fps total: 17653 epoch: 2839/3000 frames: 92995584
mean_rewards:  [-44.52] last_mean_rewards:  -41.332947
fps step: 37131 fps step and policy inference: 34911 fps total: 17936 epoch: 2840/3000 frames: 93028352
mean_rewards:  [-44.92] last_mean_rewards:  -41.332947
fps step: 36765 fps step and policy inference: 34583 fps total: 17888 epoch: 2841/3000 frames: 93061120
mean_rewards:  [-45.33] last_mean_rewards:  -41.332947
fps step: 36510 fps step and policy inference: 34332 fps total: 17915 epoch: 2842/3000 frames: 93093888
mean_rewards:  [-44.42] last_mean_rewards:  -41.332947
fps step: 36804 fps step and policy inference: 34615 fps total: 17826 epoch: 2843/3000 frames: 93126656
mean_rewards:  [-43.97] last_mean_rewards:  -41.332947
fps step: 36732 fps step and policy inference: 34519 fps total: 17888 epoch: 2844/3000 frames: 93159424
mean_rewards:  [-45.22] last_mean_rewards:  -41.332947
